,timestamp,KOZAA.E_price_change,KOZAL.E_price_change
0,2022-01-03 08:35:38.804488,0.3717472118959009,0.0
1,2022-01-05 14:05:59.648328,0.49358341559724295,"Series([], dtype: float64)"
2,2022-01-06 10:54:28.029907,0.38797284190106307,"Series([], dtype: float64)"
3,2022-01-10 07:50:23.995095,0.38610038610038533,0.0
4,2022-01-17 07:09:46.176336,0.36832412523020164,0.0
5,2022-01-17 11:19:53.010605,0.4332755632582286,0.07385524372229835
6,2022-01-21 07:42:27.685206,0.3568242640499486,0.0
7,2022-01-24 11:01:33.397867,0.36429872495447047,0.0789265982636067
8,2022-01-28 09:00:04.938417,0.340136054421758,"Series([], dtype: float64)"
9,2022-02-01 14:40:05.252205,0.34602076124568004,0.0
10,2022-02-03 13:59:16.902181,0.5499541704858002,0.0794281175536149
11,2022-02-08 08:00:11.318747,0.7352941176470562,"Series([], dtype: float64)"
12,2022-02-24 07:37:42.407413,0.4990019960079861,0.0859106529209619
13,2022-02-25 07:00:01.551785,0.5615109749872449,0.08873114463177068
14,2022-02-25 07:00:03.643299,0.5102040816326481,0.3555555555555534
15,2022-03-07 07:00:03.657503,0.35460992907800915,-0.07710100231304029
16,2022-03-08 07:00:16.741165,0.32388663967610754,-0.6493506493506551
17,2022-03-08 07:00:19.349462,0.32388663967610754,0.14388489208632116
18,2022-03-08 07:01:03.632892,0.3225806451612856,0.14285714285713347
19,2022-03-08 07:01:10.853151,0.3223207091055613,-0.14326647564470996
20,2022-03-08 07:01:27.353235,0.3223207091055613,-0.1434720229555264
21,2022-03-08 07:05:05.138918,0.3197442046362964,0.28288543140029265
22,2022-03-09 07:00:33.705580,0.3679175864606421,-0.20080321285140812
23,2022-03-09 07:08:54.981108,0.3759398496240518,-0.13513513513514486
24,2022-03-09 07:08:57.757172,0.3005259203606281,-0.13513513513514486
25,2022-03-09 07:09:04.995549,0.30030030030030463,0.13540961408260443
26,2022-03-09 08:06:13.064958,0.30935808197989356,0.06896551724138167
27,2022-03-09 08:37:27.446722,0.31055900621117516,0.13956734124214165
28,2022-03-09 08:38:39.888836,0.30935808197989356,"Series([], dtype: float64)"
29,2022-03-09 13:16:43.768184,0.31695721077653616,"Series([], dtype: float64)"
30,2022-03-10 07:09:10.945040,0.3159557661927437,0.21474588403722628
31,2022-03-11 07:15:10.762757,0.31152647975076775,"Series([], dtype: float64)"
32,2022-03-11 10:12:52.909511,0.3028009084027339,0.0
33,2022-03-11 13:00:02.398168,0.8814102564102644,0.1413427561837377
34,2022-03-11 13:00:02.398900,0.3177124702144596,0.1413427561837377
35,2022-03-11 13:13:10.155759,0.3197442046362964,"Series([], dtype: float64)"
36,2022-03-14 14:59:17.691182,0.33333333333334103,0.0
37,2022-03-15 07:07:28.687381,0.41356492969395475,0.14598540145984717
38,2022-03-23 08:13:20.006220,0.3039513677811634,0.0
39,2022-04-04 07:52:50.569845,0.3599712023038215,0.0
40,2022-04-04 08:00:37.104271,0.35612535612534746,0.0
41,2022-04-12 07:01:45.460344,0.34129692832765013,-0.06305170239595537
42,2022-04-13 07:00:02.780494,0.31948881789136685,0.6384213580963527
43,2022-04-13 07:00:06.384998,0.4481434058898781,-1.1695906432748648
44,2022-04-13 07:00:07.015262,0.6393861892583175,-1.1695906432748648
45,2022-04-13 07:00:12.111457,0.3209242618742003,0.17401392111369152
46,2022-04-13 07:00:13.889366,0.5121638924455718,-0.8149010477299212
47,2022-04-13 07:00:58.849027,0.31948881789136685,0.17421602787457413
48,2022-04-13 11:43:30.702539,0.3215434083601254,0.1791044776119355
49,2022-04-14 07:00:07.876313,0.381436745073116,0.2368265245707546
50,2022-04-14 07:02:01.031310,0.38046924540267035,0.0
51,2022-04-18 07:19:21.648883,0.30030030030030463,0.0
52,2022-04-25 07:00:00.456021,0.920447074293218,-0.3059975520195879
53,2022-04-25 07:00:00.751260,0.4587155963302836,0.3059975520195879
54,2022-05-12 09:47:06.313642,0.3674219228414044,"Series([], dtype: float64)"
55,2022-05-18 13:59:57.372287,0.31172069825435855,"Series([], dtype: float64)"
56,2022-06-03 14:59:49.453415,0.3209242618742003,-0.29970029970030065
57,2022-06-07 14:59:33.794678,0.3807106598984866,0.0
58,2022-06-08 14:36:19.040059,0.4761904761904745,-0.21019442984759884
59,2022-06-08 14:37:07.002262,0.344589937973816,0.0
60,2022-06-08 14:37:49.462416,0.41987403778867005,0.053937432578199385
61,2022-06-08 14:55:14.613691,0.34482758620688614,-0.21208907741250282
62,2022-06-13 07:23:18.641718,0.3576537911301969,0.05350454788657366
63,2022-06-17 12:50:29.078809,0.3436426116838476,0.10389610389609505
64,2022-06-20 14:46:59.841971,0.34482758620688614,0.05170630816959676
65,2022-06-27 07:00:31.024905,0.5843681519357213,0.3769520732364029
66,2022-06-30 14:50:20.503402,0.7025761124121788,0.058685446009398845
67,2022-06-30 14:50:56.426360,0.78125,0.05871990604815469
68,2022-06-30 14:51:25.115918,0.8600469116497367,0.058685446009398845
69,2022-06-30 14:51:58.933280,0.3117692907248726,-0.058685446009398845
70,2022-07-01 07:01:05.861143,0.3695491500369519,0.3376477208778761
71,2022-07-06 14:41:02.510338,0.3039513677811634,0.0
72,2022-07-06 14:41:15.971051,0.37878787878788955,0.05344735435595105
73,2022-07-06 14:42:38.370426,0.30211480362538623,0.05333333333332746
74,2022-07-08 07:00:00.539669,0.30464584920031346,-0.5521472392638005
75,2022-07-14 11:45:34.968838,0.46874999999999556,0.0
76,2022-07-18 07:03:03.101862,1.5936254980079667,0.19011406844107182
77,2022-07-18 07:03:03.104978,0.3949447077409074,0.19011406844107182
78,2022-07-18 07:03:03.107941,0.39463299131807794,0.19011406844107182
79,2022-07-18 07:03:17.241571,1.0301109350237647,0.12682308180089752
80,2022-07-28 07:01:32.884459,0.3607503607503615,0.0
81,2022-07-29 07:59:36.024031,0.5061460592914013,0.0
82,2022-08-08 07:00:03.690993,0.4084411164057222,0.0
83,2022-08-11 09:03:42.918736,0.853374709076804,0.06702412868633267
84,2022-09-07 14:38:22.277320,0.7601935038009655,0.17401392111369152
85,2022-09-07 14:38:22.277595,0.4801097393690057,0.17401392111369152
86,2022-09-07 14:38:22.279248,0.7549759780370646,0.17401392111369152
87,2022-09-08 07:00:07.242751,0.46204620462046986,0.3351955307262511
88,2022-09-08 12:45:50.057069,0.3313452617627499,"Series([], dtype: float64)"
89,2022-09-08 14:47:25.579678,0.4701141705842904,0.0
90,2022-09-14 07:00:00.374754,0.6276150627614996,0.39592760180995334
91,2022-09-14 07:00:00.845436,0.488485694347518,-0.7377979568671922
92,2022-09-14 07:00:03.368021,0.34843205574912606,0.8522727272727293
93,2022-09-14 07:00:05.731091,0.6997900629811094,-0.2272727272727204
94,2022-09-14 09:59:28.683436,0.3566333808844524,0.0
95,2022-09-14 10:19:40.454333,0.35211267605634866,0.05621135469364713
96,2022-09-15 14:21:21.712439,0.3324468085106336,0.05205622071837723
97,2022-09-20 07:00:00.484699,0.35460992907800915,-0.7319819819819884
98,2022-09-20 07:00:00.860358,0.3543586109142405,0.33632286995515237
99,2022-09-20 07:00:01.669236,0.7773851590106018,0.7843137254901933
100,2022-09-20 07:00:08.499921,0.5641748942172065,0.0
101,2022-09-20 07:00:10.622049,0.6311360448807868,-0.38975501113585054
102,2022-09-21 07:03:39.889862,0.35385704175512345,"Series([], dtype: float64)"
103,2022-09-21 07:03:43.896388,0.35335689045936647,0.05540166204986985
104,2022-09-21 13:25:34.144398,0.34129692832765013,0.10405827263266776
105,2022-09-21 13:43:35.028499,0.40431266846361336,0.05138746145940676
106,2022-09-21 14:56:12.545035,0.7412398921832875,0.05107252298264253
107,2022-09-21 14:56:13.657610,0.3355704697986628,0.05107252298264253
108,2022-09-21 14:57:02.977813,0.40322580645162365,"Series([], dtype: float64)"
109,2022-09-23 14:52:08.744589,0.47201618341199403,0.0
110,2022-09-27 12:43:43.879733,0.4160887656033285,0.05146680391148184
111,2022-09-29 14:33:23.043490,0.38461538461538325,0.05678591709254999
112,2022-09-29 14:43:10.412464,0.3012048192771122,-0.05543237250553723
113,2022-09-30 07:47:24.099311,0.30326004548901775,0.0
114,2022-09-30 08:17:06.829976,0.30188679245282124,0.0
115,2022-10-06 07:02:04.720963,0.34746351633079264,0.05252100840336116
116,2022-10-12 07:11:35.025696,0.328947368421062,0.05096839959224386
117,2022-10-17 07:12:40.622440,0.31230480949406836,0.04962779156327812
118,2022-10-17 07:15:54.064071,0.3095975232198178,-0.09794319294809117
119,2022-10-17 07:22:58.198578,0.3669724770642091,0.0
120,2022-10-17 14:08:37.174100,0.3597122302158251,0.0474608448030267
121,2022-10-18 07:36:19.627668,0.3012048192771122,0.04854368932039055
122,2022-10-18 13:15:01.305983,0.41249263406011316,0.04810004810005264
123,2022-10-18 14:14:01.843325,0.36496350364962904,0.09732360097323145
124,2022-10-18 14:14:15.121355,0.4857316332726125,0.097418412079886
125,2022-10-18 14:14:24.339926,0.5451241671714069,0.097418412079886
126,2022-10-18 14:14:27.617934,0.4842615012106588,-0.04873294346978696
127,2022-10-18 14:14:49.994641,0.3616636528029016,0.097418412079886
128,2022-10-19 08:34:26.669894,0.36832412523020164,0.14742014742015197
129,2022-10-19 08:51:19.331357,0.3694581280788256,0.1477104874446189
130,2022-10-19 12:20:45.470813,0.31152647975076775,0.0
131,2022-10-19 14:42:23.862023,0.37476577139288203,0.0
132,2022-10-21 13:56:14.719830,0.30543677458765295,0.0
133,2022-10-24 14:54:46.148373,0.31347962382444194,0.050813008130079496
134,2022-10-25 07:00:03.496994,0.31055900621117516,0.10141987829614951
135,2022-10-31 14:40:37.386201,0.3144654088050425,0.1544799176107059
136,2022-10-31 14:40:37.386845,0.31347962382444194,0.1544799176107059
137,2022-10-31 14:40:37.390261,0.37641154328733606,0.1544799176107059
138,2022-11-02 07:02:01.492412,0.3113325031133263,0.0
139,2022-11-02 12:23:45.589891,0.3651856360316508,0.049382716049373165
140,2022-11-07 07:00:03.361597,0.3510825043885335,-0.19646365422396617
141,2022-11-07 14:36:48.993524,0.4451864218141255,0.14319809069212042
142,2022-11-07 14:36:48.997230,0.33351862145636346,0.0954198473282375
143,2022-11-09 07:00:16.470235,0.330760749724357,0.19379844961240345
144,2022-11-09 12:42:15.603825,0.3222341568206222,0.04612546125462025
145,2022-11-09 13:30:16.554871,0.7080610021786393,0.09345794392523477
146,2022-11-09 13:30:29.618240,0.4354926510615087,0.2336448598130758
147,2022-11-11 07:00:08.067637,1.5706806282722585,-0.39823008849557695
148,2022-11-11 07:59:36.446561,0.3205128205128194,0.0895656068069961
149,2022-11-16 08:57:45.887530,0.324324324324321,0.0
150,2022-11-16 14:19:39.287832,0.31007751937983663,0.0
151,2022-11-16 14:59:31.498560,0.31512605042016695,0.08153281695881809
152,2022-11-17 07:00:06.206027,0.47095761381474865,0.20202020202020332
153,2022-11-17 07:02:41.445156,0.31282586027112647,0.2024291497975783
154,2022-11-17 12:56:53.216923,0.30991735537189147,0.27079303675048294
155,2022-11-17 13:25:10.401200,0.3613835828600864,0.0
156,2022-11-17 13:25:10.402106,0.3095975232198178,0.0
157,2022-11-22 10:37:46.035776,0.3004506760140302,0.0
158,2022-11-24 11:18:33.589287,0.4068716094032476,"Series([], dtype: float64)"
159,2022-11-25 07:00:00.666627,0.3054101221640515,-0.7121661721068318
160,2022-11-25 07:00:24.173030,0.5637467476149238,-1.6491754122938573
161,2022-11-25 07:01:34.396937,0.48076923076922906,-0.09000900090008201
162,2022-11-25 08:20:00.818023,0.4444444444444473,-0.1518833535844477
163,2022-11-25 08:28:12.179622,0.3527336860670305,0.0302388872089443
164,2022-11-28 07:00:00.729528,0.45351473922903285,-0.9239940387481438
165,2022-11-28 12:05:03.891729,0.3089143865842914,0.6160164271047153
166,2022-11-29 08:12:31.773188,0.3991130820399036,0.08660508083140339
167,2022-11-29 14:55:43.543904,0.44642857142858094,0.0
168,2022-12-02 07:00:18.652387,0.3883495145631022,1.1127971674253834
169,2022-12-02 07:00:27.559562,0.4849660523763344,-0.6526104417670764
170,2022-12-02 07:02:22.277051,0.38797284190106307,0.07511266900350755
171,2022-12-02 12:54:41.786897,0.3891050583657574,0.09923096005954868
172,2022-12-05 07:03:53.070234,0.3816793893129722,0.0
173,2022-12-05 07:04:28.237544,0.3802281368821214,0.04975124378110429
174,2022-12-05 12:16:26.830314,0.3250711093051528,0.10416666666666075
175,2022-12-06 13:26:40.637834,0.33444816053511683,0.07966011683484542
176,2022-12-07 14:37:53.026622,0.3478260869565153,0.0
177,2022-12-07 14:37:53.027338,0.3032928942807711,0.0
178,2022-12-07 14:37:53.029498,0.6521739130434856,0.0
179,2022-12-07 14:37:53.030032,0.6084311169056944,0.0
180,2022-12-07 14:37:53.030485,0.6084311169056944,0.0
181,2022-12-07 14:37:53.032526,0.4319654427645814,0.0
182,2022-12-07 14:37:53.034507,0.606323083585969,0.0
183,2022-12-07 14:37:53.034597,0.3013344812742069,0.0
184,2022-12-07 14:37:53.036058,0.692340977931627,0.0
185,2022-12-07 14:37:53.037004,0.5637467476149238,0.0
186,2022-12-07 14:37:53.037530,0.3018542475204722,0.0
187,2022-12-07 14:37:53.038905,0.649913344887354,0.0
188,2022-12-09 07:00:28.489986,0.3798670465337217,0.12303149606298636
189,2022-12-12 07:03:43.776129,0.46816479400748623,0.09157509157509125
190,2022-12-12 08:30:41.376185,0.35810205908684,0.0
191,2022-12-13 07:00:09.141672,0.35211267605634866,0.04293688278231844
192,2022-12-13 07:00:12.098123,0.35211267605634866,0.6263498920086485
193,2022-12-13 07:00:12.495794,0.5281690140845008,0.6263498920086485
194,2022-12-13 07:00:17.653896,0.35149384885764245,0.0
195,2022-12-13 10:52:14.565851,0.3518029903254227,0.3309888291270102
196,2022-12-13 10:56:43.466508,0.344234079173833,-0.020533880903483848
197,2022-12-13 11:17:52.562493,0.3454231433505983,"Series([], dtype: float64)"
198,2022-12-13 11:18:06.479072,0.3451251078516071,-0.10237510237509628
199,2022-12-13 14:41:01.277870,0.44130626654899086,"Series([], dtype: float64)"
200,2022-12-15 07:00:13.581166,0.7181328545780907,-0.12371134020618957
201,2022-12-15 07:00:13.915248,0.44762757385854446,-0.12371134020618957
202,2022-12-15 07:03:53.079152,0.36068530207393756,0.0
203,2022-12-15 08:13:17.433655,0.3539823008849474,0.060471679096951725
204,2022-12-15 11:10:43.726771,0.36396724294813776,0.10231225700838564
205,2022-12-15 11:10:43.730107,0.454545454545463,0.10231225700838564
206,2022-12-16 07:01:47.359099,0.4629629629629539,-0.1445982235075416
207,2022-12-16 11:44:29.203730,0.36330608537693543,-0.04115226337448874
208,2022-12-16 12:56:03.326652,0.36429872495447047,"Series([], dtype: float64)"
209,2022-12-16 13:32:05.399574,0.36900369003689537,-0.08369951872777559
210,2022-12-16 13:45:26.247772,0.6404391582799596,0.12526096033402823
211,2022-12-16 14:44:44.966541,0.45662100456620447,-0.06160164271047375
212,2022-12-16 14:48:21.509081,0.45829514207149646,0.0
213,2022-12-19 07:00:01.673943,0.45495905368517775,-0.6185567010309256
214,2022-12-19 07:04:06.385675,0.7414272474513428,-0.10416666666666075
215,2022-12-19 07:14:45.958454,0.45913682277318735,-0.08264462809917106
216,2022-12-19 07:28:38.293711,0.37002775208141436,0.041528239202648365
217,2022-12-19 07:46:18.880299,0.37209302325580396,0.0
218,2022-12-19 12:19:33.019440,0.36663611365719273,-0.08095527221210208
219,2022-12-19 12:54:42.489394,0.36866359447005337,0.02024291497975117
220,2022-12-20 07:20:10.792946,0.37105751391466324,0.020197939810140397
221,2022-12-20 09:38:11.436631,0.4416961130742081,0.0
222,2022-12-20 14:02:15.354887,0.35211267605634866,0.0188040616773133
223,2022-12-20 14:56:35.654054,0.35211267605634866,-0.05574136008918984
224,2022-12-20 14:59:59.894183,0.44286979627989886,0.0
225,2022-12-21 07:07:18.123908,0.5376344086021501,0.13098802395210551
226,2022-12-21 12:06:16.136185,0.3616636528029016,0.0189143181388296
227,2022-12-22 07:05:49.588387,0.6352087114337657,0.07534375588622577
228,2022-12-23 07:10:47.078609,0.3629764065335772,0.071441328808719
229,2022-12-23 07:32:05.051536,0.3696857670979714,0.05360014293371851
230,2022-12-23 14:30:22.458942,0.36596523330283404,0.051608463788066494
231,2022-12-26 07:00:00.581776,0.4541326067211582,0.34071550255536653
232,2022-12-26 07:00:00.685483,0.8122743682310363,0.34071550255536653
233,2022-12-26 07:00:18.577591,0.3613369467027949,0.08493290300661815
234,2022-12-26 07:10:09.894166,0.35842293906809264,-0.01692906720840437
235,2022-12-26 07:15:26.646836,0.4460303300624524,0.0
236,2022-12-26 09:12:24.007589,0.3603603603603567,-0.03411222923417334
237,2022-12-26 14:58:26.631531,0.4378283712784592,0.06539153179663248
238,2022-12-27 07:00:01.298322,0.34305317324185847,0.7764221201077559
239,2022-12-27 07:01:02.237518,0.34100596760442414,-0.565681961030795
240,2022-12-27 07:01:10.029385,0.4258943781942026,-0.7875255945818171
241,2022-12-27 07:01:33.254532,0.4244482173174857,0.07818608287724071
242,2022-12-27 07:01:43.232940,0.679694137638065,0.04689698296076461
243,2022-12-27 07:03:44.892967,0.33698399326032025,0.12418503570319483
244,2022-12-27 07:07:00.735377,0.33222591362125353,0.3987730061349781
245,2022-12-27 07:07:19.537104,0.4966887417218624,0.06104074469708287
246,2022-12-27 07:07:22.182195,0.5794701986755024,0.01526484506182424
247,2022-12-27 07:07:28.153829,0.9098428453267138,-0.13780431786862835
248,2022-12-27 07:07:40.342134,0.7431874483897705,0.18334606569900824
249,2022-12-27 07:07:51.109816,0.4115226337448652,0.09144947416552807
250,2022-12-27 07:08:13.913071,0.40883074407196407,0.24382810118865894
251,2022-12-27 07:09:27.104497,0.3252032520325132,-0.09060706735124491
252,2022-12-27 07:15:04.536032,0.33698399326032025,-0.2197112366603804
253,2022-12-27 07:48:40.156257,0.34129692832765013,0.07675775253299655
254,2022-12-27 07:54:15.741769,0.33670033670034627,0.030427506465846577
255,2022-12-27 08:10:04.459090,0.5957446808510625,0.04617515776512704
256,2022-12-27 08:10:04.466619,0.3398470688190214,-0.04617515776512704
257,2022-12-27 08:15:57.491426,0.3415883859948732,-0.06149116064566584
258,2022-12-27 08:16:17.353471,0.34042553191488967,0.015353907569481962
259,2022-12-27 08:17:14.108984,0.3389830508474523,0.0307031010132075
260,2022-12-27 08:17:41.344226,0.4240882103477617,0.09225092250921829
261,2022-12-27 08:20:04.005814,0.340136054421758,0.0616048051748086
262,2022-12-27 08:39:34.586964,0.603448275862073,0.030959752321990663
263,2022-12-27 08:56:33.675303,0.34662045060658286,"Series([], dtype: float64)"
264,2022-12-27 09:24:19.843994,0.9499136442141731,0.015651901706048577
265,2022-12-27 09:26:27.260847,0.7751937984496138,0.04701457451810054
266,2022-12-27 12:10:32.988164,0.6837606837606813,0.0
267,2022-12-27 12:33:45.279050,0.33698399326032025,0.015073861923431409
268,2022-12-27 12:46:05.446436,0.33783783783782884,0.0
269,2022-12-27 12:46:21.460709,0.33783783783782884,"Series([], dtype: float64)"
270,2022-12-27 13:03:43.929661,0.339558573853993,0.060698027314121106
271,2022-12-27 14:42:16.260094,0.34393809114359186,-0.04540638716512557
272,2022-12-27 14:52:06.110057,0.3415883859948732,-0.059979007347421565
273,2022-12-27 14:54:37.432655,0.5163511187607606,-0.04518072289156905
274,2022-12-28 07:00:23.958608,0.8849557522123908,0.07507507507507061
275,2022-12-28 07:00:34.990989,0.3539823008849474,-0.46764217830743693
276,2022-12-28 07:00:37.035745,0.3530450132391838,-0.391920410009039
277,2022-12-28 07:01:22.793203,0.7085916740478204,0.1197784099416177
278,2022-12-28 07:11:13.424050,0.3552397868561208,0.23941343707916118
279,2022-12-28 07:39:26.120005,0.37523452157599557,"Series([], dtype: float64)"
280,2022-12-28 07:39:26.133317,0.5649717514124353,"Series([], dtype: float64)"
281,2022-12-28 07:39:26.175900,0.5692599620493288,"Series([], dtype: float64)"
282,2022-12-28 07:39:52.205781,0.3820439350525229,"Series([], dtype: float64)"
283,2022-12-28 07:40:37.062309,0.9389671361502261,"Series([], dtype: float64)"
284,2022-12-28 07:49:25.392080,0.4633920296570837,"Series([], dtype: float64)"
285,2022-12-28 07:54:47.803055,0.55299539170508,-0.191693290734829
286,2022-12-28 07:55:02.427634,0.37037037037037646,-0.27230498157937433
287,2022-12-28 07:56:01.718853,0.3714020427112441,-0.11286681715576563
288,2022-12-28 08:39:16.186295,0.570884871550903,1.6066945606694638
289,2022-12-28 08:39:16.421658,0.6647673314339908,1.504765089449922
290,2022-12-28 08:47:23.301719,0.37842951750235443,-0.08327781479013918
291,2022-12-28 08:48:01.936055,0.5687203791469253,-0.41876046901172526
292,2022-12-29 07:00:02.869183,0.3868471953578423,-0.2269949362668111
293,2022-12-29 07:00:51.255838,0.9803921568627416,0.15867418899859764
294,2022-12-29 07:03:30.287601,0.3937007874015741,-0.10752688172042113
295,2022-12-29 07:04:39.221390,0.3976143141153132,0.18238190771475704
296,2022-12-29 07:15:27.863434,0.3940886699507429,0.07212405337180261
297,2022-12-29 07:36:48.335888,0.32038446135362886,"Series([], dtype: float64)"
298,2022-12-29 07:42:32.403298,0.5946481665014769,"Series([], dtype: float64)"
299,2022-12-29 08:25:37.181345,0.45155993431855723,0.0
300,2022-12-29 10:02:54.077990,0.48216007714561027,0.0
301,2022-12-29 10:22:53.429450,0.5730659025787954,0.0
302,2022-12-29 10:57:43.008950,0.3717472118959009,-0.08631106507854813
303,2022-12-29 12:37:28.470894,0.7604562737642651,-0.03577817531306149
304,2022-12-29 12:37:28.475693,0.47483380816715215,0.0
305,2022-12-29 12:37:56.151834,0.6647673314339908,0.161145926589068
306,2022-12-29 14:21:42.917796,0.46511627906977715,0.0
307,2022-12-30 07:15:32.928613,0.3717472118959009,0.0
308,2022-12-30 07:15:52.937514,0.3717472118959009,0.21532388300735672
309,2022-12-30 07:16:13.811707,0.4655493482309092,0.017917935853795086
310,2022-12-30 08:46:35.480275,0.45662100456620447,0.14283163720765213
311,2022-12-30 09:19:22.471909,0.3603603603603567,-0.14042478497455768
312,2023-01-02 07:00:53.120142,0.5540166204986097,0.3468609087755814
313,2023-01-02 07:01:37.013760,0.3676470588235281,0.2753872633390664
314,2023-01-02 07:01:43.294494,0.6404391582799596,0.06898930665746317
315,2023-01-02 07:01:43.858614,0.36496350364962904,0.2069679199724117
316,2023-01-02 08:18:43.616522,0.5535055350553542,0.06874033339061558
317,2023-01-02 14:24:39.368608,0.3603603603603567,0.03245699448231054
318,2023-01-02 14:25:43.234967,0.4472271914132353,0.1946787800129801
319,2023-01-03 07:00:15.861286,0.5381165919282616,-0.20743577469284347
320,2023-01-03 07:01:06.565792,0.35906642728904536,-0.06415396952685892
321,2023-01-03 09:53:34.486343,0.5366726296958779,0.0
322,2023-01-03 09:55:52.919415,0.44682752457552155,0.18390804597701038
323,2023-01-05 07:44:05.004547,0.3898635477582957,0.11719403984598031
324,2023-01-05 08:09:06.427794,0.3968253968253954,0.17540782318892223
325,2023-01-05 14:04:56.457837,0.3660024400162776,0.0889679715302405
326,2023-01-06 07:00:22.919744,0.5959982971477151,0.7299270072992803
327,2023-01-06 07:20:15.779073,0.5134788189987249,0.16660496112550494
328,2023-01-06 07:48:00.374076,0.3544528134691971,"Series([], dtype: float64)"
329,2023-01-06 07:50:48.125452,0.35010940919038,"Series([], dtype: float64)"
330,2023-01-06 07:52:59.517517,0.7005253940455258,"Series([], dtype: float64)"
331,2023-01-06 08:03:45.630846,0.3445305770887197,0.22181146025876952
332,2023-01-06 08:04:02.408789,0.34602076124568004,0.11088523378304238
333,2023-01-06 08:10:50.268955,0.42283298097252064,0.018135654697126746
334,2023-01-06 08:16:33.866724,0.33655868742112904,0.10891268832819989
335,2023-01-06 08:37:17.611060,0.41288191577208977,-0.16219138583528636
336,2023-01-06 10:14:00.679126,0.40567951318457585,0.05239259517988426
337,2023-01-06 10:14:30.368295,0.44642857142858094,0.034965034965028785
338,2023-01-06 12:56:39.365489,0.3263973888208982,"Series([], dtype: float64)"
339,2023-01-06 13:55:57.765473,1.6949152542372836,0.08387854386848748
340,2023-01-06 14:00:15.726454,0.3968253968253954,0.0
341,2023-01-06 14:00:26.513537,0.4945598417408492,"Series([], dtype: float64)"
342,2023-01-06 14:17:26.420169,0.5988023952095745,0.1353408898663533
343,2023-01-06 14:29:18.959773,0.3940886699507429,-0.01677289500168211
344,2023-01-06 14:44:16.867752,0.5958291956305928,0.0673627484001349
345,2023-01-09 07:00:11.429765,0.3980099502487455,-0.38571188998826056
346,2023-01-09 07:11:00.035856,0.4024144869215318,0.016963528413915796
347,2023-01-09 07:16:13.722285,0.32038446135362886,0.050675675675670995
348,2023-01-09 07:47:33.446043,0.3236245954692629,0.0
349,2023-01-09 10:46:54.995091,0.37098103874690924,0.1028453890983938
350,2023-01-09 10:58:21.509553,0.3282724661469061,0.10211027910143056
351,2023-01-09 10:58:23.410897,0.45118949958982135,-0.05102040816327147
352,2023-01-09 10:58:25.240210,0.45100451004509434,-0.034007821799009186
353,2023-01-09 13:28:21.721113,0.36496350364962904,0.22984731571169537
354,2023-01-09 13:31:37.554034,0.40322580645162365,0.04887585532746819
355,2023-01-09 13:31:37.668149,0.40322580645162365,0.09779951100243878
356,2023-01-09 13:32:26.910654,0.3252032520325132,0.11505588428666336
357,2023-01-09 13:42:05.210518,0.32719836400818547,0.06599571027883222
358,2023-01-09 14:30:24.912617,0.3811944091486552,0.016934801016077472
359,2023-01-09 14:46:53.634103,0.8883248730964466,0.03390405153416154
360,2023-01-09 14:46:55.098438,0.8030431107354241,0.10172939979653517
361,2023-01-09 14:54:47.437102,0.4653130287648022,"Series([], dtype: float64)"
362,2023-01-10 07:00:01.373590,0.38610038610038533,0.4421768707483009
363,2023-01-10 07:00:14.225218,0.7718696397941649,0.11894647408665637
364,2023-01-10 07:00:51.924867,0.6050129645635227,0.17044486108743762
365,2023-01-10 07:03:26.869911,0.3415883859948732,0.05058168942841945
366,2023-01-10 07:07:08.694659,0.3017241379310365,-0.08513536523071519
367,2023-01-10 07:19:32.909960,0.346770697876031,-0.0853970964987294
368,2023-01-10 07:19:39.331554,0.4327131112072724,"Series([], dtype: float64)"
369,2023-01-10 07:20:17.526769,0.39113428943937656,-0.0513962652047395
370,2023-01-10 07:22:06.532169,0.47993019197207776,-0.08604371020477508
371,2023-01-10 08:12:55.859268,1.1250540891388994,0.08567511994517218
372,2023-01-10 11:34:58.837448,0.30042918454935563,0.0
373,2023-01-10 11:47:15.365357,0.3803888419273038,0.16937669376693165
374,2023-01-10 11:48:01.243157,0.4637436762225944,0.05077860528097666
375,2023-01-10 12:14:40.718480,0.508044030482635,-0.016995241332429245
376,2023-01-10 12:50:12.969546,0.37406483790523026,0.0
377,2023-01-10 13:03:14.620760,0.3361344537815114,0.11760752688172449
378,2023-01-10 13:04:03.786644,0.4184100418409997,0.03354579000336422
379,2023-01-10 14:41:58.526373,0.3100088573959159,"Series([], dtype: float64)"
380,2023-01-11 07:00:01.735310,0.48351648351647736,-0.4244782454899232
381,2023-01-11 07:00:15.911232,0.39404553415061105,0.15906680805939377
382,2023-01-11 07:00:45.737697,0.3490401396160525,0.0
383,2023-01-11 07:00:51.007098,0.34843205574912606,0.035273368606691946
384,2023-01-11 07:16:43.094408,0.4820333041192004,0.07103534008168211
385,2023-01-11 07:22:15.811356,0.6289308176100628,-0.1274813330905067
386,2023-01-11 07:32:56.132770,0.4474272930648837,0.18129079042785712
387,2023-01-11 07:40:19.487014,1.6289592760180938,0.0
388,2023-01-11 07:41:25.466150,1.3513513513513598,0.0182915675873474
389,2023-01-11 08:46:13.028128,0.5249343832020914,0.0
390,2023-01-11 08:48:40.794451,0.4805591961555278,"Series([], dtype: float64)"
391,2023-01-11 08:52:22.390776,0.30715225976305494,"Series([], dtype: float64)"
392,2023-01-11 08:53:20.786300,0.3074220465524746,0.018050541516245744
393,2023-01-11 09:24:41.129429,0.30068728522336663,-0.01787629603147156
394,2023-01-11 09:40:48.048967,0.34217279726260763,0.0
395,2023-01-11 09:47:28.740911,0.5562687205819428,-0.03547986517651314
396,2023-01-11 10:35:55.907376,0.6843455945252375,0.0888572951839306
397,2023-01-11 11:31:19.311871,0.4770164787510911,-0.09099181073703999
398,2023-01-11 11:44:53.908637,0.6666666666666599,-0.16685205784203738
399,2023-01-11 12:02:50.217664,0.3926701570680535,-0.05494505494505475
400,2023-01-11 13:46:08.000929,0.31876138433515333,"Series([], dtype: float64)"
401,2023-01-11 13:48:46.608695,1.6260162601626105,"Series([], dtype: float64)"
402,2023-01-12 07:00:16.926198,1.8867924528301883,0.18818216033120727
403,2023-01-12 07:00:49.921010,0.900495272399815,0.18793459875963148
404,2023-01-12 07:00:56.798900,0.9021199819575942,0.1503194287861609
405,2023-01-12 07:01:35.557487,0.540784136998651,0.11235955056179137
406,2023-01-12 07:35:33.269251,0.31347962382444194,0.0
407,2023-01-12 08:25:10.131424,0.30850594975759815,"Series([], dtype: float64)"
408,2023-01-12 10:09:32.942977,0.40613718411552924,0.11507479861909697
409,2023-01-12 10:41:29.938810,0.6427915518824712,0.039308176100627534
410,2023-01-12 10:44:38.931268,0.3674781809829941,0.0
411,2023-01-12 10:51:03.220554,0.3177485247390033,-0.30846346635819977
412,2023-01-12 10:53:31.604023,0.4087193460490468,-0.019204916458614996
413,2023-01-12 11:23:01.266382,0.363636363636366,"Series([], dtype: float64)"
414,2023-01-12 12:40:56.144237,0.44642857142858094,0.13210039630118242
415,2023-01-12 14:18:43.562604,0.30004286326617,-0.09147457006952742
416,2023-01-12 14:18:46.557397,0.3852739726027288,-0.0731662703493674
417,2023-01-12 14:21:07.702124,0.30068728522336663,"Series([], dtype: float64)"
418,2023-01-12 14:24:14.718851,0.38610038610038533,0.0
419,2023-01-12 14:25:29.764567,0.516573396470088,-0.036989088218986055
420,2023-01-12 14:33:45.966216,0.7286755250750065,0.055340343110121815
421,2023-01-12 14:38:24.143001,0.3415883859948732,-0.07344840249725593
422,2023-01-12 14:51:50.643112,0.3455723542116651,0.0933881210310128
423,2023-01-12 14:51:50.645272,0.30211480362538623,0.0933881210310128
424,2023-01-13 07:08:20.242226,0.30250648228176136,0.07525870178739513
425,2023-01-13 07:08:59.542463,0.30250648228176136,-0.037707390648566985
426,2023-01-13 07:13:09.246286,0.8924776880578023,0.0933881210310128
427,2023-01-13 07:24:55.931155,1.4352047277332192,-0.055917986952480625
428,2023-01-13 07:25:30.343560,1.4333895446880351,-0.13042668157257076
429,2023-01-13 07:30:12.344306,0.8403361344537785,-0.11227544910179521
430,2023-01-13 07:33:08.022057,0.4614093959731447,-0.07462686567163423
431,2023-01-13 07:56:46.270167,0.8445945945946054,-0.05630630630630851
432,2023-01-13 08:00:29.720732,0.6321112515802696,0.018772292096858045
433,2023-01-13 08:00:35.880634,0.631844987363106,0.056285178236392674
434,2023-01-13 08:00:43.520697,0.5892255892255838,-0.037509377344346895
435,2023-01-13 08:00:54.242634,0.5464480874316946,0.0
436,2023-01-13 08:00:58.005086,0.5464480874316946,0.05626406601650924
437,2023-01-13 08:01:04.788743,0.588235294117645,0.037509377344346895
438,2023-01-13 08:01:15.469159,0.5459890802183898,-0.09372071227742307
439,2023-01-13 08:01:19.478794,0.5879882402352044,-0.037523452157595116
440,2023-01-13 08:01:23.216943,0.5035669324380931,0.018744142455484614
441,2023-01-13 08:01:28.826842,0.5457598656591012,0.03749531308585574
442,2023-01-16 07:00:03.774140,0.7027697395618038,0.18832391713747842
443,2023-01-16 07:00:20.976281,0.3722084367245637,-0.037678975131871795
444,2023-01-16 07:20:06.813053,0.6641760066417701,0.03814609956132031
445,2023-01-16 07:20:06.815126,0.6221484861053561,0.03814609956132031
446,2023-01-16 08:29:32.690731,0.3898635477582957,0.18011527377521652
447,2023-01-16 08:49:48.784566,0.38872691933915515,0.08958967926895323
448,2023-01-16 08:50:01.550561,0.5808325266214887,0.03565697985381533
449,2023-01-16 08:50:04.746910,0.4835589941972973,0.01781895937276179
450,2023-01-16 08:50:04.789638,0.38647342995168366,0.0
451,2023-01-16 08:50:06.007840,0.38647342995168366,0.035631569570648836
452,2023-01-17 07:00:31.596228,0.37488284910964786,-0.10507880910683998
453,2023-01-17 07:06:27.826807,0.36866359447005337,0.01736412571626822
454,2023-01-18 07:00:02.037392,0.37348272642390157,0.0535714285714306
455,2023-01-18 07:07:40.556468,0.36900369003689537,0.08765778401123026
456,2023-01-18 07:07:48.722006,0.36832412523020164,0.03503854239663706
457,2023-01-18 07:15:24.932037,0.3656307129798808,-0.10416666666666075
458,2023-01-18 07:15:35.524220,0.45745654162854255,0.06946856547411784
459,2023-01-18 07:15:47.836704,0.4570383912248621,0.10425716768027726
460,2023-01-18 07:17:42.333092,0.36429872495447047,0.01736412571626822
461,2023-01-18 10:18:06.474650,0.45045045045044585,0.1048034934497899
462,2023-01-18 13:47:09.513472,0.34305317324185847,-0.017188037126159017
463,2023-01-18 14:59:56.153882,0.4424778761061843,0.0
464,2023-01-19 07:00:04.172998,0.35650623885918886,0.017702248185513803
465,2023-01-19 07:00:10.226031,0.7142857142857117,0.355492356914322
466,2023-01-19 07:04:34.278807,0.44130626654899086,0.052910052910060124
467,2023-01-19 08:23:52.895906,0.4325259515570945,-0.01755309812181416
468,2023-01-19 14:02:10.731820,0.3436426116838476,0.01714971702966306
469,2023-01-20 14:53:29.433563,0.3300330033003229,0.03401360544217358
470,2023-01-23 07:37:53.132970,0.31847133757962887,0.0664451827242507
471,2023-01-23 08:45:13.012285,0.3252032520325132,0.11709601873535203
472,2023-01-23 14:50:36.076946,0.4882017900732283,-0.10020040080160886
473,2023-01-23 14:54:22.815440,0.3265306122449019,0.15077902496229978
474,2023-01-24 07:00:00.611887,0.32414910858995505,0.31608717351521154
475,2023-01-24 07:04:08.644237,0.3276003276003303,0.13218770654328527
476,2023-01-24 07:52:22.993912,0.6751054852320637,0.13540961408260443
477,2023-01-24 08:10:11.263958,0.4269854824936026,0.06936015259233486
478,2023-01-24 12:53:48.797313,0.3292181069958877,0.08196721311475308
479,2023-01-25 07:13:21.865237,0.31948881789136685,0.1131587455544869
480,2023-01-25 13:39:00.460957,0.33222591362125353,0.06809669731018264
481,2023-01-25 13:39:33.959657,0.41356492969395475,0.03395585738539264
482,2023-01-26 07:07:10.437189,0.32626427406199365,-0.03311258278144713
483,2023-01-27 07:00:00.370150,0.3478260869565153,0.34602076124568004
484,2023-01-27 07:00:00.523745,0.3478260869565153,-0.34602076124568004
485,2023-01-27 12:50:47.109586,0.36832412523020164,0.18712574850299202
486,2023-01-27 12:50:47.132273,0.3696857670979714,0.18712574850299202
487,2023-01-27 12:50:47.134376,0.46210720887245316,0.18712574850299202
488,2023-01-27 12:50:47.258862,0.46125461254613587,0.18712574850299202
489,2023-01-27 12:50:47.259080,0.4608294930875667,0.18712574850299202
490,2023-01-27 12:51:57.302396,0.36832412523020164,0.09314456035767193
491,2023-01-27 12:57:00.094393,0.3646308113035568,0.05497526113249496
492,2023-01-27 13:00:21.111612,0.454545454545463,-0.14670823399962618
493,2023-01-27 13:01:00.002361,0.3629764065335772,0.018341892883344535
494,2023-01-27 14:59:36.873136,0.7085916740478204,0.05391804457224314
495,2023-01-30 12:49:28.960856,0.3593890386343279,0.15889830508475367
496,2023-01-31 14:59:03.138463,0.47214353163360645,0.1454281039811045
497,2023-02-02 08:42:50.510552,0.3976143141153132,0.01790510295434089
498,2023-02-02 13:22:37.980393,0.3039513677811634,"Series([], dtype: float64)"
499,2023-02-02 13:27:48.648140,0.3875968992248069,0.07621951219511924
500,2023-02-02 13:48:16.640315,0.5586592178770999,-0.15267175572519776
501,2023-02-02 13:48:16.644231,0.343200343200345,-0.11450381679389832
502,2023-02-03 07:02:00.910050,0.32493907392363575,-0.15676711374326135
503,2023-02-03 07:02:28.254350,0.32493907392363575,0.07033585370141981
504,2023-02-03 07:05:05.857381,0.4844570044408636,0.08795074758134458
505,2023-02-03 10:17:01.127203,0.3475238922675983,-0.20052135552435235
506,2023-02-03 10:17:01.128462,0.39096437880103974,-0.20052135552435235
507,2023-02-06 07:00:15.592565,0.42016806722688926,-2.848101265822778
508,2023-02-06 07:00:19.951108,2.259414225941425,-0.09624639076035724
509,2023-02-06 07:02:05.908021,0.496277915632759,-0.8104368452263255
510,2023-02-06 07:05:52.502859,0.45662100456620447,0.19230769230769162
511,2023-02-06 07:06:08.426098,0.5412156536219737,-0.09633911368014392
512,2023-02-06 07:06:12.548108,0.6250000000000089,0.09628345850183351
513,2023-02-06 07:06:28.320477,0.6669445602334401,-0.11547344110853786
514,2023-02-06 07:13:22.112330,0.4123711340206171,"Series([], dtype: float64)"
515,2023-02-06 07:19:48.275627,0.3660024400162776,0.07447402718301355
516,2023-02-06 07:19:49.179157,0.40650406504065817,-0.01860811313731947
517,2023-02-06 07:20:58.253375,0.4484304932735439,0.1118151323145744
518,2023-02-06 07:21:00.853626,0.32428050263477726,-0.18642803877704228
519,2023-02-06 07:21:25.286954,0.32586558044807035,-0.5268109125117659
520,2023-02-06 07:21:30.903801,0.40766408479413485,0.0
521,2023-02-06 07:21:32.533322,0.4484304932735439,-0.658389766741907
522,2023-02-06 07:21:42.064407,0.4897959183673528,"Series([], dtype: float64)"
523,2023-02-06 07:22:00.690196,0.44916292364229893,"Series([], dtype: float64)"
524,2023-02-06 07:23:39.743409,0.7835051546391858,"Series([], dtype: float64)"
525,2023-02-06 07:28:38.725699,0.37006578947369473,0.0
526,2023-02-06 07:33:40.944473,0.3712871287128605,0.0
527,2023-02-06 07:34:49.687171,0.6619776582540426,0.0
528,2023-02-06 08:10:14.591081,0.5706760316066761,0.0
529,2023-02-06 08:19:16.410061,0.5161290322580614,"Series([], dtype: float64)"
530,2023-02-06 08:19:24.667692,0.5161290322580614,"Series([], dtype: float64)"
531,2023-02-06 08:20:04.478616,0.3423192126658092,"Series([], dtype: float64)"
532,2023-02-06 08:26:43.183954,0.8214440121054878,"Series([], dtype: float64)"
533,2023-02-06 09:09:58.294527,0.5492184199408445,"Series([], dtype: float64)"
534,2023-02-06 10:16:52.521300,0.42735042735042583,"Series([], dtype: float64)"
535,2023-02-06 11:24:09.417134,0.3488879197557804,"Series([], dtype: float64)"
536,2023-02-06 13:34:45.844100,0.3042155584528361,"Series([], dtype: float64)"
537,2023-02-06 13:35:27.673797,0.7798960138648114,"Series([], dtype: float64)"
538,2023-02-06 14:01:12.166696,0.47129391602398485,"Series([], dtype: float64)"
539,2023-02-06 14:02:41.204642,0.38363171355497716,"Series([], dtype: float64)"
540,2023-02-06 14:02:49.064944,0.38200339558573937,"Series([], dtype: float64)"
541,2023-02-06 14:08:49.740327,0.8406893652795233,"Series([], dtype: float64)"
542,2023-02-06 14:13:37.695537,0.3734439834024883,"Series([], dtype: float64)"
543,2023-02-07 07:00:00.596224,0.6224066390041472,-0.3417505221188444
544,2023-02-07 07:01:05.192747,0.7188160676532718,"Series([], dtype: float64)"
545,2023-02-07 07:16:16.895810,0.3013344812742069,0.33326798666928337
546,2023-02-07 07:37:45.112930,0.5170185264971927,-0.09794319294809117
547,2023-02-07 07:54:47.134208,0.3415883859948732,0.0
548,2023-02-07 09:01:40.846911,0.43478260869564966,0.019349845201244165
549,2023-02-07 09:45:24.097141,0.3552397868561208,0.07874015748030594
550,2023-02-07 09:56:52.547129,0.30728709394205467,"Series([], dtype: float64)"
551,2023-02-07 10:04:11.503452,0.31460674157304247,0.09871668311944859
552,2023-02-07 10:04:11.504458,0.31460674157304247,0.09871668311944859
553,2023-02-07 10:37:59.522856,0.5800981704596087,0.039502271380609244
554,2023-02-07 10:43:54.868262,0.3090507726269287,0.03933136676499416
555,2023-02-07 12:15:27.506698,0.31963470319633647,0.020140986908367964
556,2023-02-07 12:15:29.414857,0.59306569343065,0.040290088638195165
557,2023-02-07 12:33:43.232974,0.5027422303473417,"Series([], dtype: float64)"
558,2023-02-07 13:05:32.023618,0.6331976481230184,0.0
559,2023-02-15 07:00:00.437738,0.754549489569456,1.7964071856287456
560,2023-02-15 07:00:00.560648,0.4837291116974507,1.485442661913261
561,2023-02-15 07:00:01.148587,0.439560439560438,-1.5841584158415856
562,2023-02-15 07:00:08.712794,0.4319654427645814,0.0
563,2023-02-15 07:00:14.417137,0.9892473118279677,0.9803921568627416
564,2023-02-15 07:00:21.611189,2.9798422436459138,-1.2144955925563083
565,2023-02-15 07:00:25.589136,1.13885238720981,0.7843137254901933
566,2023-02-15 07:00:31.180361,0.5106382978723456,0.0
567,2023-02-15 07:01:01.258919,1.0367170626349953,0.07843137254901489
568,2023-02-15 07:01:02.763438,1.0362694300518172,0.35391270153362075
569,2023-02-15 07:01:20.073857,1.4316702819956673,0.5273437500000089
570,2023-02-15 07:01:28.214850,0.7349762213575417,0.11618900077459138
571,2023-02-15 07:01:30.769347,0.4293688278230956,-0.15476881408396093
572,2023-02-15 07:01:35.582601,0.387931034482758,0.09701202949166099
573,2023-02-15 07:01:39.606265,0.4293688278230956,0.5436893203883519
574,2023-02-15 07:02:03.202740,0.6501950585175553,-0.1166407465007735
575,2023-02-15 07:02:30.267800,1.2189812799303423,0.03877471888329431
576,2023-02-15 07:02:54.600744,0.823937554206422,0.019387359441647156
577,2023-02-15 07:02:58.964772,0.4353504571179778,0.0
578,2023-02-15 07:02:59.018323,0.693541395752062,0.0
579,2023-02-15 07:03:09.236626,0.7809110629067195,0.03878223773512435
580,2023-02-15 07:03:38.205347,0.39011703511053764,0.11655011655011815
581,2023-02-15 07:05:03.889160,0.6113537117903967,0.03934684241588826
582,2023-02-15 07:05:11.004252,0.5244755244755206,-0.33444816053511683
583,2023-02-15 07:05:13.292520,1.7467248908296984,0.33444816053511683
584,2023-02-15 07:05:25.327103,0.7433318758198526,0.0
585,2023-02-15 07:05:45.946943,0.3101462117855558,-0.03926958570588113
586,2023-02-15 07:06:45.551300,0.3089143865842914,-0.07850834151128527
587,2023-02-15 07:11:36.276879,0.30237580993519586,-0.07708614376564782
588,2023-02-15 07:13:42.212784,0.38843331894691246,0.09587727708533222
589,2023-02-15 07:24:17.299831,1.8321261184490734,0.0
590,2023-02-15 07:25:03.836141,0.38151759220008685,0.18761726078799779
591,2023-02-15 07:26:48.649749,1.0526315789473717,0.07487832272556894
592,2023-02-15 07:27:55.865009,0.42105263157894424,-0.07497656982193845
593,2023-02-15 07:29:49.046217,0.3379805661174462,0.20579981290926863
594,2023-02-15 07:29:52.255641,0.3379805661174462,0.0
595,2023-02-15 07:30:25.154109,0.5061155630535552,-0.01872659176029856
596,2023-02-15 07:30:49.808510,0.42247570764681885,"Series([], dtype: float64)"
597,2023-02-15 07:44:10.325706,0.3361344537815114,0.0
598,2023-02-15 07:59:55.276256,0.3789473684210565,-0.03709886848450861
599,2023-02-15 08:01:08.002613,0.46179680940385825,0.05557613931086447
600,2023-02-16 07:00:11.558887,0.4901960784313708,1.1343804537521818
601,2023-02-16 07:05:17.354920,1.2935323383084674,-0.38387715930903177
602,2023-02-16 07:05:34.370042,1.4999999999999902,0.47385047385046786
603,2023-02-16 07:05:39.875813,0.7928642220019766,-0.5442415730336991
604,2023-02-16 07:08:39.594747,0.5241935483870863,0.0892538379150265
605,2023-02-16 07:12:33.076860,0.44660982541615546,"Series([], dtype: float64)"
606,2023-02-16 07:25:35.602499,0.3976143141153132,"Series([], dtype: float64)"
607,2023-02-16 07:36:10.824642,0.44017607042816653,-0.35223670306445687
608,2023-02-16 07:38:10.716327,0.6402561024409836,0.0
609,2023-02-16 07:38:23.386222,0.7992007992007943,0.0
610,2023-02-16 08:00:35.155392,0.3664495114006572,0.2540373797858875
611,2023-02-16 08:04:35.149837,0.45137464095199586,-0.1464664957890882
612,2023-02-16 08:42:27.933998,0.8742714404662788,"Series([], dtype: float64)"
613,2023-02-16 08:42:50.467004,0.6224066390041472,0.018611576400529017
614,2023-02-16 08:43:00.146035,0.5787515502273743,0.018628912071538828
615,2023-02-16 08:44:41.883893,0.3276003276003303,-0.05543237250553723
616,2023-02-16 08:47:01.662206,0.41084634346755244,-0.11021307861867058
617,2023-02-16 09:12:26.842964,0.417014178482078,0.03703017959637567
618,2023-02-16 12:20:14.048463,0.3729796933278129,0.0
619,2023-02-16 12:59:23.287233,0.4539826661163815,0.01832844574780612
620,2023-02-17 07:03:11.490737,0.5237887385421303,0.1603849238171584
621,2023-02-17 07:03:41.775734,0.6553079947575258,0.0
622,2023-02-17 07:11:50.801117,0.3005581794761625,0.0
623,2023-02-17 07:12:00.058037,0.5596211795092509,0.08077544426494665
624,2023-02-17 07:12:47.891192,0.34334763948498104,0.08064516129031585
625,2023-02-17 07:15:04.611020,0.3009458297506429,-0.32546786004881145
626,2023-02-17 07:15:22.804536,0.30107526881719693,0.0
627,2023-02-17 07:16:38.797192,0.47372954349698126,0.16233766233766378
628,2023-02-17 10:55:04.541940,0.3263973888208982,-0.07396449704142327
629,2023-02-20 08:48:01.988253,0.3046127067014792,-0.07843137254901489
630,2023-02-20 14:17:00.462873,0.3445305770887197,0.15337423312884457
631,2023-02-21 07:05:09.981168,1.1676396997498006,0.0
632,2023-02-21 07:05:14.107326,0.41407867494824835,0.22321428571427937
633,2023-02-21 07:15:59.960898,0.8319467554076532,0.07407407407407085
634,2023-02-21 14:58:49.449736,0.3030303030302939,0.0
635,2023-02-22 07:00:32.888478,0.8351648351648366,-0.07836990595611049
636,2023-02-22 07:00:36.311182,0.30594405594406293,0.07843137254901489
637,2023-02-22 09:46:57.452177,0.7718696397941649,0.0
638,2023-02-27 08:06:15.261037,0.4901960784313708,0.16181229773462036
639,2023-02-27 08:06:15.264136,0.31138790035587505,0.16181229773462036
640,2023-03-01 07:19:37.977477,0.5291005291005346,0.08396305625524292
641,2023-03-02 12:41:18.631440,0.3312825366777128,0.0
642,2023-03-02 12:41:23.392082,0.42533081285445196,0.09293680297397522
643,2023-03-02 13:50:22.119768,0.32558139534883956,0.09099181073703999
644,2023-03-03 07:59:10.407166,0.3745318352059934,0.0
645,2023-03-03 12:25:55.992484,0.340964442279601,0.19193857965451588
646,2023-03-08 07:16:19.505659,0.4366812227074135,0.09842519685039353
647,2023-03-08 13:31:43.895950,0.3933136676499416,0.050530570995444
648,2023-03-08 13:32:18.508978,0.4422604422604337,0.05055611729019027
649,2023-03-09 14:16:58.011777,0.3375120540019205,0.0
650,2023-03-10 07:27:39.013632,0.34129692832765013,0.0
651,2023-03-10 13:16:44.623255,0.37365716954693706,0.19120458891013214
652,2023-03-10 13:18:41.610404,0.3284842796809073,0.09596928982724684
653,2023-03-10 13:19:01.487847,0.32802249297094743,"Series([], dtype: float64)"
654,2023-03-10 13:21:10.273718,0.7032348804500765,0.0
655,2023-03-10 13:21:26.609394,0.561797752808979,0.0
656,2023-03-10 13:36:35.861440,0.5106778087279551,0.19047619047618536
657,2023-03-10 13:37:36.251177,0.37105751391466324,"Series([], dtype: float64)"
658,2023-03-10 14:45:15.417438,0.3281762775433572,-0.09606147934677622
659,2023-03-13 13:56:42.786161,0.3724394785847407,0.0
660,2023-03-14 07:21:03.474069,0.8442776735459567,0.0
661,2023-03-14 07:21:07.022770,0.8895131086142261,0.0
662,2023-03-14 12:51:13.435268,0.37209302325580396,0.0
663,2023-03-14 14:59:22.840031,0.6193425440686129,0.09523809523810378
664,2023-03-14 14:59:58.310347,0.9980988593155882,0.09523809523810378
665,2023-03-15 10:47:14.183230,1.0956175298804771,0.0
666,2023-03-15 10:49:09.299705,0.7940446650124056,"Series([], dtype: float64)"
667,2023-03-15 10:49:09.301384,0.396628656420428,"Series([], dtype: float64)"
668,2023-03-15 14:35:06.279679,0.7940446650124056,0.0990099009900991
669,2023-03-16 08:24:27.529372,0.3937007874015741,"Series([], dtype: float64)"
670,2023-03-16 14:11:42.474472,0.39980009995002064,"Series([], dtype: float64)"
671,2023-03-17 14:35:05.047078,0.35300050428643814,-0.09689922480620172
672,2023-03-17 14:35:08.234774,0.6045340050377934,"Series([], dtype: float64)"
673,2023-03-20 08:01:00.878661,0.9100101112234471,0.09578544061301653
674,2023-03-20 08:01:00.884235,0.3018108651911433,0.09578544061301653
675,2023-03-20 08:01:00.887040,0.3024193548387011,0.09578544061301653
676,2023-03-20 08:01:28.683603,0.9591115598182709,0.09606147934677622
677,2023-03-20 08:01:28.685193,0.8064516129032251,0.09606147934677622
678,2023-03-20 08:55:25.056846,0.33333333333334103,0.0
679,2023-03-20 13:08:52.755391,1.3965087281795574,0.0
680,2023-03-20 13:59:46.860613,0.40322580645162365,0.0
681,2023-03-20 14:37:43.024128,0.40816326530612734,0.0956937799043045
682,2023-03-20 14:37:43.026227,0.3058103975535076,0.0956937799043045
683,2023-03-20 14:57:55.125344,0.307850179579261,0.1936108422071703
684,2023-03-21 07:18:29.082184,0.3538928210313541,-0.281162136832247
685,2023-03-21 07:18:45.756722,0.45431600201917277,0.0
686,2023-03-21 07:29:48.160824,0.6519558676028048,-0.09389671361501595
687,2023-03-21 07:29:48.162132,0.9519038076152286,-0.09389671361501595
688,2023-03-21 07:29:48.165075,1.1511511511511419,-0.09389671361501595
689,2023-03-21 10:03:37.437086,0.9355509355509328,"Series([], dtype: float64)"
690,2023-03-21 11:28:33.479680,0.3602676273803507,0.0
691,2023-03-22 08:22:16.578925,1.1299435028248483,"Series([], dtype: float64)"
692,2023-03-22 09:48:28.208030,0.35842293906809264,0.0
693,2023-03-22 13:58:43.337782,0.30659172202349705,0.0
694,2023-03-23 08:59:51.669437,0.45431600201917277,0.09652509652509078
695,2023-03-23 08:59:51.675939,0.45317220543805714,0.09652509652509078
696,2023-03-28 07:00:12.907975,0.5641025641025532,0.0
697,2023-03-28 07:00:13.899608,0.5643919958953303,0.18744142455482393
698,2023-03-28 07:00:16.236866,0.35732516590096797,-0.1872659176029856
699,2023-03-28 14:02:46.608137,1.6187989556135873,0.3868471953578423
700,2023-03-28 14:02:46.609143,0.7194244604316502,0.3868471953578423
701,2023-03-28 14:02:46.614207,2.241918665276321,0.3868471953578423
702,2023-03-29 09:29:26.900679,0.7190265486725744,0.09999999999998899
703,2023-03-29 13:19:28.511575,0.9279475982532759,0.19305019305020377
704,2023-03-29 13:19:28.516283,0.4907306434023928,0.19305019305020377
705,2023-03-29 13:19:32.761144,1.0348583877995532,0.19305019305020377
706,2023-03-29 13:19:32.765985,0.543773790103308,0.19305019305020377
707,2023-03-29 13:19:35.262436,2.22584147665581,-0.192864030858253
708,2023-03-29 13:19:40.083941,2.4905251759610225,0.19323671497584183
709,2023-03-29 13:19:40.087220,1.8817204301075252,0.19323671497584183
710,2023-03-30 07:07:02.143275,0.31678986272438703,0.0945179584120881
711,2023-03-31 09:30:01.793412,0.3159557661927437,0.09372071227742307
712,2023-03-31 14:44:27.052267,0.9852216748768461,0.18365472910928382
713,2023-03-31 14:44:27.053379,1.3550135501354976,0.18365472910928382
714,2023-03-31 14:44:27.089157,0.32467532467532756,-0.18365472910928382
715,2023-03-31 14:44:27.101790,0.543773790103308,-0.18365472910928382
716,2023-03-31 14:44:31.662286,2.172732210755024,0.2759889604415866
717,2023-03-31 14:44:40.289994,0.4761904761904745,-0.18399264029438367
718,2023-03-31 14:44:47.981916,0.5263157894736858,-0.27573529411764053
719,2023-03-31 14:44:47.982344,0.732984293193728,-0.27573529411764053
720,2023-03-31 14:44:47.984770,0.9968520461699937,-0.27573529411764053
721,2023-04-03 07:00:01.114841,0.3227541689080127,-0.45289855072463414
722,2023-04-03 07:30:56.611616,2.3704520396912843,0.093545369504211
723,2023-04-07 08:56:58.808473,0.30333670374114163,0.09216589861751334
724,2023-04-10 07:00:04.753925,0.43352601156070314,-0.3613369467027949
725,2023-04-10 07:23:11.649168,0.3717472118959009,-0.08904719501334757
726,2023-04-10 11:15:36.246541,0.47869794159884904,0.0
727,2023-04-11 11:28:39.892073,0.5268199233716464,"Series([], dtype: float64)"
728,2023-04-13 07:05:08.520686,0.37968675842430244,0.0
729,2023-04-13 13:47:10.332082,0.31138790035587505,0.08635578583764403
730,2023-04-13 14:57:21.066284,0.31948881789136685,-0.08779631255486642
731,2023-04-14 13:05:32.120451,0.3971756398940762,0.0
732,2023-04-14 13:31:08.431082,0.35366931918656697,0.0
733,2023-04-17 07:08:34.845570,0.4149377593360981,-0.0838926174496546
734,2023-04-17 07:08:38.261007,0.41562759767248547,-0.33670033670034627
735,2023-04-17 07:09:59.510120,0.45435770342834303,0.2483443708609201
736,2023-04-17 07:10:39.514093,0.4960727573377399,-0.16583747927032544
737,2023-04-17 07:12:14.554425,0.3309888291270102,0.3314001657000798
738,2023-04-17 07:13:01.212291,0.6165228113440113,0.5809128630705374
739,2023-04-17 07:14:37.727708,0.3276003276003303,0.16474464579900872
740,2023-04-17 07:17:10.607014,0.32626427406199365,0.24752475247524774
741,2023-04-17 07:31:41.084421,0.3282724661469061,0.08244023083263663
742,2023-04-17 07:31:41.087108,0.5749486652977476,0.08244023083263663
743,2023-04-17 07:31:41.089376,0.5747126436781658,-0.08244023083263663
744,2023-04-17 07:46:48.884494,0.32454361054767844,0.08143322475568926
745,2023-04-18 07:03:46.428573,0.37629350893697566,-0.15105740181269312
746,2023-04-18 07:04:02.095694,0.3780718336483968,0.5323193916349833
747,2023-04-18 07:04:13.409357,0.37842951750235443,-0.30557677616500634
748,2023-04-18 07:05:15.549142,0.3835091083413289,-0.3060443764345777
749,2023-04-18 07:16:11.853565,0.38610038610038533,0.07716049382715529
750,2023-04-18 07:21:32.461345,0.3831417624521105,0.07668711656441118
751,2023-04-18 07:35:34.611515,0.3868471953578423,0.1547987616099089
752,2023-04-18 09:17:35.482787,0.39447731755424265,0.0
753,2023-04-18 09:17:58.466228,0.3940886699507429,0.0
754,2023-04-18 11:51:10.319923,0.40733197556008793,0.1615508885298933
755,2023-04-18 11:51:33.817354,0.32560032560031704,0.0
756,2023-04-18 12:07:36.957785,0.32493907392363575,0.07993605115907965
757,2023-04-18 14:07:48.301246,0.42105263157894424,0.16583747927032544
758,2023-04-19 07:01:17.065162,0.3018542475204722,0.0
759,2023-04-25 14:57:51.563837,0.4388103364212581,"Series([], dtype: float64)"
760,2023-04-28 14:49:15.175116,0.7995431182181711,0.0
761,2023-04-28 14:52:11.811675,0.3984063745019917,0.10828370330264736
762,2023-04-28 14:58:17.478373,0.5096262740656776,0.05367686527106841
763,2023-05-03 11:25:36.582504,0.7677543186180413,0.06108735491752171
764,2023-05-03 12:21:39.988838,0.5802707930367523,0.0
765,2023-05-04 14:08:30.849144,0.30674846625766694,0.05931198102016033
766,2023-05-04 14:58:23.014778,0.3708281829418958,0.0
767,2023-05-05 07:39:27.635192,0.3107520198881275,0.05970149253731183
768,2023-05-05 11:17:17.797324,0.30864197530864335,0.05931198102016033
769,2023-05-05 11:31:28.921589,0.3019323671497487,0.05847953216373547
770,2023-05-08 07:20:00.270437,0.3223726627981982,0.062189054726369264
771,2023-05-08 14:36:40.472843,0.31017369727046606,-0.060606060606049894
772,2023-05-08 14:58:04.194491,0.43290043290042934,-0.0604960677555999
773,2023-05-09 09:34:17.613140,0.363856882959368,0.0
774,2023-05-10 07:10:08.731500,0.4302397049784856,-0.06090133982947776
775,2023-05-10 14:57:03.313274,0.3050640634533197,0.0
776,2023-05-10 14:58:10.031534,0.30469226081657474,0.0
777,2023-05-11 10:13:18.676412,0.946745562130169,0.060350030175015945
778,2023-05-11 10:13:18.816724,1.0638297872340496,0.060350030175015945
779,2023-05-11 11:10:41.016211,0.4098360655737654,0.11997600479904946
780,2023-05-11 11:31:05.712736,0.34305317324185847,0.0
781,2023-05-11 13:05:53.878068,0.3346346904629094,0.17074558907228532
782,2023-05-12 07:00:55.275902,0.4479283314669624,-0.17411491584444772
783,2023-05-12 14:09:18.187255,1.1111111111111072,0.0
784,2023-05-15 07:30:01.575565,0.4714201532115547,1.0489510489510412
785,2023-05-15 07:30:28.051205,0.34662045060658286,0.2880184331797153
786,2023-05-15 07:30:49.507674,0.34110289937463456,-0.4524886877828038
787,2023-05-15 07:30:55.948132,1.1235955056179803,0.9604519774011333
788,2023-05-15 07:30:57.171111,0.3910614525139744,1.016949152542379
789,2023-05-15 07:31:07.254704,0.6711409395973256,0.056529112492942346
790,2023-05-15 07:31:12.254325,0.38610038610038533,1.0734463276836248
791,2023-05-15 07:31:14.830804,0.7154650522839923,0.5073280721533235
792,2023-05-15 07:31:22.142103,0.6087437742114066,0.16835016835017313
793,2023-05-15 07:31:41.117388,0.88740987243483,-0.5595970900951208
794,2023-05-15 07:31:41.908435,0.330760749724357,-0.5033557046979942
795,2023-05-15 07:31:42.989172,0.3848268279274425,0.6722689075630228
796,2023-05-15 07:33:56.927866,0.44767767207609666,0.11337868480725266
797,2023-05-15 07:35:08.117502,0.393258426966292,-0.17094017094017033
798,2023-05-15 08:03:05.421648,0.390625,0.05595970900951208
799,2023-05-15 14:49:00.999450,0.5125284738040969,-0.05803830528148257
800,2023-05-15 14:49:04.542171,0.5688282138794021,0.058004640371223104
801,2023-05-15 14:49:10.860014,0.5113636363636376,0.058004640371223104
802,2023-05-16 07:00:04.240707,2.824858757062154,0.746268656716409
803,2023-05-16 07:33:22.559585,0.32537960954446277,0.055248618784520254
804,2023-05-16 07:59:28.954934,0.328947368421062,0.0
805,2023-05-16 14:38:33.374329,0.42149631190726566,0.0
806,2023-05-16 14:39:11.036808,0.31512605042016695,0.0
807,2023-05-16 14:45:32.718012,0.3136434918975528,0.05370569280342963
808,2023-05-16 14:45:50.081047,0.41623309053069324,0.05347593582887278
809,2023-05-16 14:46:27.359280,0.3133159268929431,-0.10700909577314732
810,2023-05-16 14:54:04.177353,0.5208333333333259,0.0
811,2023-05-16 14:54:29.951184,0.5771248688352548,0.0532197977647586
812,2023-05-16 14:54:30.454048,0.31397174254317317,0.21287919105907882
813,2023-05-16 14:55:10.719541,0.4685059864653729,0.05302226935313126
814,2023-05-17 07:01:20.750601,0.3092783505154628,0.10559662090812161
815,2023-05-17 07:01:20.922820,0.36082474226803996,0.05277044854881119
816,2023-05-17 07:01:42.815840,0.30864197530864335,0.05268703898841931
817,2023-05-17 07:05:07.127691,0.5646817248460057,-0.10471204188482464
818,2023-05-17 07:05:08.913036,0.41025641025640436,0.0
819,2023-05-17 07:12:54.375939,0.3640145605824152,0.05274261603376296
820,2023-05-17 07:21:26.438687,0.31282586027112647,0.15932023366966863
821,2023-05-17 08:00:07.263689,0.40878896269800347,0.052192066805845094
822,2023-05-17 08:15:47.665141,1.322482197355046,0.15600624024960652
823,2023-05-17 09:19:18.275061,0.33865505563619447,-0.050761421319789335
824,2023-05-17 09:22:14.940699,0.3393116820164854,0.050709939148063654
825,2023-05-18 07:00:13.980119,0.5421389847215297,-0.4142931123770177
826,2023-05-18 07:03:53.587731,0.4366812227074135,0.05125576627371675
827,2023-05-18 07:04:36.611654,0.3389830508474523,-0.2557544757033181
828,2023-05-18 07:08:33.485909,0.4840271055179146,0.05112474437627412
829,2023-05-18 13:26:13.683367,0.30864197530864335,0.054377379010328575
830,2023-05-23 13:53:28.549496,0.3012048192771122,0.0
831,2023-05-24 14:48:07.288597,0.4475385380407815,-0.05265929436546468
832,2023-05-26 14:05:13.137343,0.32512772875057383,0.050327126321092486
833,2023-05-29 07:06:28.041680,0.3177485247390033,0.1945525291828787
834,2023-05-29 07:06:28.091616,0.31702898550725056,0.2921129503407949
835,2023-05-29 07:07:28.429058,0.3616636528029016,0.0
836,2023-05-30 07:36:51.582579,0.3610108303249149,-0.280636108512633
837,2023-05-30 07:37:52.046270,0.35922766052987054,0.187090739008422
838,2023-05-31 11:33:46.024037,0.30068728522336663,0.0
839,2023-05-31 14:50:15.108788,0.43802014892684316,0.08733624454149158
840,2023-05-31 14:56:38.241450,0.352889280988089,0.0
841,2023-05-31 14:56:38.253590,0.3971756398940762,0.0
