,timestamp,TOASO.E_price_change,FROTO.E_price_change
0,2022-01-03 07:17:26.229812,0.45132172791746417,0.0
1,2022-01-03 07:19:28.263877,0.31347962382444194,"Series([], dtype: float64)"
2,2022-01-03 07:19:34.834193,0.31347962382444194,"Series([], dtype: float64)"
3,2022-01-03 08:54:13.274051,0.37641154328733606,0.0
4,2022-01-03 13:16:08.974620,0.3030303030302939,"Series([], dtype: float64)"
5,2022-01-04 10:15:08.207188,0.34822983168891763,"Series([], dtype: float64)"
6,2022-01-04 12:42:15.804630,0.41420118343196144,"Series([], dtype: float64)"
7,2022-01-05 14:02:52.575212,0.45351473922903285,"Series([], dtype: float64)"
8,2022-01-07 11:38:59.516787,0.5260081823495133,0.0
9,2022-01-10 07:00:03.588609,0.4098360655737654,-0.11609907120742058
10,2022-01-10 07:07:43.212455,0.4115226337448652,-0.038850038850046786
11,2022-01-11 07:27:41.716671,0.35799522673030104,"Series([], dtype: float64)"
12,2022-01-11 07:29:39.072474,0.538599640933568,0.0
13,2022-01-11 07:44:37.202219,0.35842293906809264,0.0
14,2022-01-11 07:47:46.843387,0.4184100418409997,"Series([], dtype: float64)"
15,2022-01-11 08:06:09.705216,0.35842293906809264,"Series([], dtype: float64)"
16,2022-01-11 08:22:12.442524,0.30211480362538623,0.0
17,2022-01-11 09:02:33.434719,0.36496350364962904,0.0
18,2022-01-11 09:06:08.268548,0.42604990870358517,-0.08113590263691961
19,2022-01-11 11:18:15.820294,0.3026634382566673,"Series([], dtype: float64)"
20,2022-01-12 07:12:01.185966,0.591715976331364,0.07733952049497894
21,2022-01-12 07:12:08.923725,0.591715976331364,"Series([], dtype: float64)"
22,2022-01-12 13:49:47.743361,0.30229746070133956,"Series([], dtype: float64)"
23,2022-01-12 13:50:17.273918,0.30211480362538623,"Series([], dtype: float64)"
24,2022-01-13 07:01:25.152493,0.41346721795629815,0.0
25,2022-01-13 14:16:20.649010,0.48484848484848797,"Series([], dtype: float64)"
26,2022-01-13 14:16:20.650532,0.36275695284160303,"Series([], dtype: float64)"
27,2022-01-13 14:16:26.116291,0.7237635705669376,0.03684598378776993
28,2022-01-13 14:16:35.948246,0.7237635705669376,0.0
29,2022-01-18 11:53:31.671761,0.43695380774031456,0.037950664136632284
30,2022-01-19 07:00:10.615601,0.3898635477582957,-0.15822784810126667
31,2022-01-19 07:06:00.191659,0.5806451612903274,"Series([], dtype: float64)"
32,2022-01-19 07:27:12.249716,0.6510416666666741,0.0
33,2022-01-19 07:27:25.808300,0.6497725795971521,0.077911959485788
34,2022-01-19 07:28:49.531327,0.38860103626943143,"Series([], dtype: float64)"
35,2022-01-20 12:02:31.983911,0.3731343283582156,0.0
36,2022-01-20 12:19:26.359977,0.30693677102517913,"Series([], dtype: float64)"
37,2022-01-20 14:31:05.258500,0.3215434083601254,0.0
38,2022-01-20 14:41:46.738654,1.0230179028132946,"Series([], dtype: float64)"
39,2022-01-21 07:00:02.073485,0.7092198581560183,-0.5005775895263742
40,2022-01-24 07:00:10.215111,0.3916449086161844,-0.039292730844797674
41,2022-01-24 10:33:16.903992,0.40160642570281624,0.0
42,2022-01-24 11:39:04.130853,0.8174386920980936,"Series([], dtype: float64)"
43,2022-01-25 07:00:00.868499,1.2482662968099856,0.3697617091207972
44,2022-01-25 09:17:31.136368,0.6160164271047153,0.08375209380233617
45,2022-01-26 07:00:43.910343,0.3215434083601254,"Series([], dtype: float64)"
46,2022-01-26 11:37:48.020317,0.5725190839694694,"Series([], dtype: float64)"
47,2022-01-27 09:23:00.817586,0.5312084993359889,0.040584415584410394
48,2022-01-27 11:21:43.585172,0.5291005291005346,0.0
49,2022-01-27 12:58:55.730827,0.39630118890356947,"Series([], dtype: float64)"
50,2022-01-27 13:05:40.524721,0.3937007874015741,0.08123476848092004
51,2022-01-31 07:00:00.596215,1.0830324909747224,0.07955449482894839
52,2022-01-31 07:00:01.456380,0.4186602870813294,-0.07955449482894839
53,2022-01-31 07:01:19.708679,0.35906642728904536,-0.07936507936507908
54,2022-01-31 11:42:44.975313,0.3712871287128605,"Series([], dtype: float64)"
55,2022-01-31 11:44:39.292562,0.5555555555555536,0.0
56,2022-01-31 13:06:37.653931,0.565681961030795,"Series([], dtype: float64)"
57,2022-02-02 09:40:37.172333,0.7334963325183352,"Series([], dtype: float64)"
58,2022-02-02 13:55:24.273515,0.4214328717639937,0.0
59,2022-02-03 14:15:45.292756,0.30030030030030463,"Series([], dtype: float64)"
60,2022-02-04 07:00:45.591020,0.366300366300365,"Series([], dtype: float64)"
61,2022-02-11 07:05:04.801149,0.34502587694076325,"Series([], dtype: float64)"
62,2022-02-11 14:34:40.612908,0.4022988505747227,"Series([], dtype: float64)"
63,2022-02-11 14:49:05.783065,0.4574042309891446,"Series([], dtype: float64)"
64,2022-02-17 14:57:17.955781,0.3614457831325302,0.0378931413414163
65,2022-02-22 14:33:55.848222,0.3618817852834688,0.037707390648566985
66,2022-02-22 14:34:16.076315,0.6630500301386455,"Series([], dtype: float64)"
67,2022-02-23 13:25:42.816457,0.30066145520144527,"Series([], dtype: float64)"
68,2022-02-23 14:07:34.110535,0.3616636528029016,"Series([], dtype: float64)"
69,2022-02-25 08:30:03.216549,0.39630118890356947,"Series([], dtype: float64)"
70,2022-02-25 09:45:08.747741,0.3221649484536071,"Series([], dtype: float64)"
71,2022-02-28 07:02:31.267040,0.6289308176100628,0.19493177387914784
72,2022-02-28 07:06:23.934277,0.37037037037037646,0.1529051987767538
73,2022-02-28 07:09:04.166114,0.4854368932038833,"Series([], dtype: float64)"
74,2022-02-28 07:11:13.531532,0.30864197530864335,0.0
75,2022-02-28 07:11:13.539090,0.4895960832313362,0.0
76,2022-02-28 07:12:01.353923,0.3037667071688954,-0.1523809523809483
77,2022-02-28 08:31:38.748830,0.3076923076922977,0.0
78,2022-02-28 14:49:18.950929,0.5642633228840177,0.0
79,2022-03-02 10:49:37.553714,0.3240440699935121,"Series([], dtype: float64)"
80,2022-03-02 11:25:58.904087,0.38860103626943143,0.038744672607515795
81,2022-03-03 07:16:11.415228,0.4521963824289488,0.0
82,2022-03-07 08:49:19.771921,0.3455425017277136,0.0
83,2022-03-15 08:18:24.993608,0.3170577045022105,-0.03713330857779695
84,2022-03-18 12:04:08.926274,0.3146633102580232,0.033422459893039935
85,2022-04-12 09:07:41.669665,0.3065603923972926,0.0
86,2022-04-22 14:56:32.688868,0.42449969678592936,0.06637902422834685
87,2022-04-29 14:57:21.643047,0.3166561114629429,-0.03348961821836305
88,2022-05-05 07:00:01.395893,0.43695380774031456,0.4966887417218624
89,2022-06-07 07:00:15.412288,0.3399048266485405,"Series([], dtype: float64)"
90,2022-06-07 07:00:21.040453,0.33944331296673624,"Series([], dtype: float64)"
91,2022-06-07 07:00:31.931963,0.3389830508474523,0.06335128286347746
92,2022-06-08 07:05:50.808671,0.4834254143646355,0.0
93,2022-06-08 07:06:39.429429,0.344589937973816,0.0
94,2022-06-09 07:05:33.938249,0.5251312828207011,0.26333113890717463
95,2022-06-09 07:05:57.887491,0.3009781790820121,0.13162224415925738
96,2022-06-10 07:00:01.061516,0.3891050583657574,0.17059024223813335
97,2022-06-10 07:00:01.645709,0.3894080996884819,0.20477815699657675
98,2022-06-10 07:00:16.511992,0.31250000000000444,"Series([], dtype: float64)"
99,2022-06-10 07:00:19.602094,0.46801872074881956,0.0
100,2022-06-17 13:17:11.924430,0.3831417624521105,0.0
101,2022-06-27 07:00:00.626661,0.31201248049921304,-0.3761969904240825
102,2022-07-04 07:05:33.112302,0.31201248049921304,0.03639010189229186
103,2022-07-07 07:01:24.048048,0.3187250996016022,0.03799392097263432
104,2022-07-07 07:03:41.231617,0.3187250996016022,"Series([], dtype: float64)"
105,2022-07-13 07:00:01.416413,0.31250000000000444,-0.14635931211124387
106,2022-07-20 08:05:18.409519,0.31471282454760274,0.0
107,2022-07-21 09:37:51.896996,0.31201248049921304,0.0
108,2022-07-21 09:38:23.637446,0.3110419906687367,0.0
109,2022-07-22 07:00:35.267327,0.3110419906687367,-0.14975664545113787
110,2022-07-22 07:01:37.237315,0.31152647975076775,"Series([], dtype: float64)"
111,2022-07-22 07:02:12.629714,0.3110419906687367,0.037523452157595116
112,2022-07-26 07:00:28.006359,0.5212211466865124,0.07165890361877647
113,2022-07-26 07:00:45.087864,0.5961251862891315,0.10725777618876275
114,2022-07-26 07:11:49.392621,0.5255255255255165,0.07135212272564306
115,2022-07-26 12:57:04.003518,0.44676098287417254,0.03532320734722649
116,2022-07-27 09:37:31.946365,0.30007501875468634,"Series([], dtype: float64)"
117,2022-07-27 13:10:25.005132,0.3571428571428559,0.0
118,2022-08-01 07:15:52.084259,0.3389830508474523,0.06596306068602509
119,2022-08-02 13:00:36.724933,0.3853564547206201,"Series([], dtype: float64)"
120,2022-08-02 13:01:30.868899,0.31948881789136685,"Series([], dtype: float64)"
121,2022-08-02 13:14:15.815846,0.31766200762388674,"Series([], dtype: float64)"
122,2022-08-02 13:16:35.035491,0.4413619167717542,0.03201024327785795
123,2022-08-02 13:19:33.157405,0.37712130735385596,"Series([], dtype: float64)"
124,2022-08-02 13:19:36.437679,0.37641154328733606,0.0
125,2022-08-02 13:21:06.864645,0.3126954346466482,"Series([], dtype: float64)"
126,2022-08-02 14:00:35.312893,0.31347962382444194,"Series([], dtype: float64)"
127,2022-08-18 11:03:03.390645,0.6630500301386455,0.06029544769370343
128,2022-08-22 07:00:03.867163,0.3535651149086716,-0.4509921828021568
129,2022-08-25 10:01:57.370125,0.4086398131932345,"Series([], dtype: float64)"
130,2022-08-31 07:19:56.212846,0.8923591745677584,0.0
131,2022-09-01 12:44:12.598316,0.33917467495760967,"Series([], dtype: float64)"
132,2022-09-01 12:44:22.310837,0.3389830508474523,0.0
133,2022-09-06 07:00:30.390321,0.3222341568206222,0.0
134,2022-09-07 07:00:03.787818,0.38398244651673963,-0.029664787896765965
135,2022-09-09 07:00:02.138816,0.3273322422258529,0.16939582156973998
136,2022-09-12 07:00:00.457119,0.7099945385035555,0.11277135607554722
137,2022-09-12 07:15:06.779828,0.3236245954692629,0.028272547356511524
138,2022-09-12 08:06:39.862807,0.32102728731941976,"Series([], dtype: float64)"
139,2022-09-14 07:32:47.108488,0.49153468050244786,"Series([], dtype: float64)"
140,2022-09-19 07:00:09.514553,0.4186289900575568,0.0
141,2022-09-20 07:00:16.431901,0.32573289902280145,0.0
142,2022-09-20 07:57:53.805097,0.42964554242750363,0.029205607476634476
143,2022-09-28 13:48:24.528145,0.36668412781561965,0.03065603923972926
144,2022-09-29 14:18:54.088678,0.3296703296703285,-0.031535793125203604
145,2022-09-29 14:18:54.089148,0.3296703296703285,-0.031535793125203604
146,2022-09-29 14:18:54.153606,0.3818876159301654,0.0
147,2022-09-29 14:19:32.460300,0.37981551817689585,0.0
148,2022-09-29 14:22:27.763911,0.5013927576601684,-0.06355258976802336
149,2022-09-29 14:50:28.158178,0.37776578521315773,0.0
150,2022-10-04 07:18:31.624764,0.30880082346886883,-0.02859593937660776
151,2022-10-04 07:18:49.870952,0.4119464469618972,0.0
152,2022-10-04 07:19:02.379599,0.3602676273803507,"Series([], dtype: float64)"
153,2022-10-04 07:19:09.655176,0.3602676273803507,"Series([], dtype: float64)"
154,2022-10-07 07:00:01.640937,0.694444444444442,-0.23014959723819395
155,2022-10-10 07:00:00.408654,0.462012320328542,-0.2828054298642524
156,2022-10-10 10:50:10.840307,0.30800821355236874,"Series([], dtype: float64)"
157,2022-10-12 07:00:00.358895,0.41407867494824835,0.2585463947141653
158,2022-10-17 11:31:08.397924,0.3072196620583778,0.0
159,2022-10-24 07:10:45.442543,0.3898635477582957,0.02721088435373442
160,2022-10-24 07:11:05.288064,0.4835589941972973,0.02721088435373442
161,2022-10-24 07:13:34.589704,0.38872691933915515,-0.10869565217390686
162,2022-10-24 07:13:35.470611,0.3883495145631022,"Series([], dtype: float64)"
163,2022-10-24 07:17:12.283391,0.38647342995168366,0.027085590465869558
164,2022-10-24 07:18:38.617749,0.3824091778202643,0.027005130974888658
165,2022-10-24 08:24:16.912015,0.48309178743961567,-0.05336179295625243
166,2022-10-24 08:24:17.809142,0.38610038610038533,0.0
167,2022-10-24 08:24:28.228505,0.4793863854266611,-0.08008542445274713
168,2022-10-24 08:24:35.397423,0.4784688995215225,0.08010680907877266
169,2022-10-24 08:25:36.853865,0.38610038610038533,0.1338688085676054
170,2022-10-25 07:00:01.290870,0.4595588235294157,0.10610079575597009
171,2022-10-25 07:00:02.312041,0.36663611365719273,0.13262599469496816
172,2022-10-25 07:00:02.407932,0.36663611365719273,-0.13262599469496816
173,2022-10-25 07:00:04.716189,0.45787545787545625,0.15915119363394403
174,2022-10-25 07:00:13.478512,0.366300366300365,0.0
175,2022-10-25 07:00:15.877921,0.5499541704858002,0.0
176,2022-10-25 07:00:29.626618,0.36596523330283404,0.026490066225171027
177,2022-10-25 07:01:27.163646,0.36496350364962904,0.10615711252655036
178,2022-10-25 07:18:42.018532,0.36832412523020164,0.08021390374330917
179,2022-10-26 14:34:30.419176,0.38498556304138454,"Series([], dtype: float64)"
180,2022-10-26 14:34:59.254128,0.4803073967339033,-0.05460005460005135
181,2022-10-28 07:00:00.573585,1.8000000000000016,0.08335648791331085
182,2022-10-28 08:47:54.508645,0.5970149253731405,"Series([], dtype: float64)"
183,2022-10-28 09:23:17.741018,0.351229302558953,"Series([], dtype: float64)"
184,2022-11-03 14:56:04.673967,0.3956478733926794,"Series([], dtype: float64)"
185,2022-11-14 07:42:54.975523,0.44682752457552155,0.026150627615062483
186,2022-11-16 08:58:45.882394,0.40916530278232166,0.0
187,2022-11-16 08:59:03.107746,0.3276003276003303,"Series([], dtype: float64)"
188,2022-11-16 08:59:20.736789,0.576131687242798,0.07318858258111849
189,2022-11-16 09:04:57.441371,0.3273322422258529,0.04889975550121939
190,2022-11-16 09:06:58.363014,0.32180209171359664,0.04843787842092606
191,2022-11-16 09:07:03.300286,0.32102728731941976,0.0
192,2022-11-16 09:10:10.664493,0.6488240064882467,0.0
193,2022-11-16 09:44:51.527896,0.3187250996016022,0.0
194,2022-11-16 09:44:51.528929,0.31847133757962887,0.0
195,2022-11-16 12:02:32.017864,0.32025620496396456,0.09429514380010495
196,2022-11-16 12:24:09.497890,0.40160642570281624,0.023629489603016474
197,2022-11-17 07:19:31.468377,0.5063291139240533,0.07485029940119681
198,2022-11-17 07:40:24.999326,0.5025125628140614,0.12227928588897097
199,2022-11-17 07:57:21.542493,0.41425020712511085,-0.048685491723476915
200,2022-11-17 12:15:01.751547,0.31225604996096834,-0.048971596474034484
201,2022-11-17 12:15:27.769163,0.39215686274509665,0.0
202,2022-11-17 12:15:34.258158,0.390625,"Series([], dtype: float64)"
203,2022-11-17 12:42:30.489356,0.3159557661927437,0.048983590497186924
204,2022-11-21 14:01:37.046491,0.3159557661927437,0.0467726847521055
205,2022-11-23 07:45:46.423318,0.591715976331364,"Series([], dtype: float64)"
206,2022-11-23 07:46:12.920986,0.4437869822485174,0.02228163992870069
207,2022-11-23 07:46:45.238985,0.5886681383370229,0.0
208,2022-11-23 07:47:29.506580,0.36900369003689537,"Series([], dtype: float64)"
209,2022-11-23 07:48:46.639147,0.3717472118959009,0.0
210,2022-11-24 07:00:10.296227,0.363901018922852,-0.0889679715302405
211,2022-11-24 07:00:10.464440,0.43699927166787056,0.0889679715302405
212,2022-11-24 07:01:10.418697,0.36927621861151394,0.022296544035671495
213,2022-11-24 07:06:34.324566,0.591715976331364,"Series([], dtype: float64)"
214,2022-11-24 07:06:51.443899,0.5173688100517326,0.0
215,2022-11-29 08:01:50.570938,0.3610108303249149,0.045351473922905505
216,2022-11-29 08:01:50.663424,0.43352601156070314,0.0
217,2022-11-29 14:49:22.701226,0.35868005738881603,0.06773538044704264
218,2022-11-29 14:55:43.558051,0.35868005738881603,"Series([], dtype: float64)"
219,2022-11-30 10:27:33.837208,0.3472222222222321,0.0
220,2022-12-02 07:12:02.060465,0.35360678925036026,0.08994827973916042
221,2022-12-02 07:12:07.793261,0.35260930888576514,"Series([], dtype: float64)"
222,2022-12-02 07:12:14.762791,0.5645730416372619,"Series([], dtype: float64)"
223,2022-12-02 07:22:06.035690,0.35335689045936647,0.06756756756756133
224,2022-12-02 07:24:19.647776,0.4243281471004279,0.0
225,2022-12-02 07:27:31.690563,0.4243281471004279,-0.04504504504505569
226,2022-12-06 10:36:08.435172,0.3657644476956934,0.0
227,2022-12-08 08:18:19.840137,0.37481259370315545,"Series([], dtype: float64)"
228,2022-12-08 10:04:57.565749,0.5335365853658569,0.0
229,2022-12-08 10:04:57.570853,0.3802281368821214,"Series([], dtype: float64)"
230,2022-12-08 10:06:50.123089,0.3802281368821214,"Series([], dtype: float64)"
231,2022-12-14 14:44:55.039790,0.42949176807445255,"Series([], dtype: float64)"
232,2022-12-14 14:44:55.096682,0.42918454935623185,"Series([], dtype: float64)"
233,2022-12-14 14:59:52.409889,0.36416605972322547,"Series([], dtype: float64)"
234,2022-12-28 07:00:24.903384,0.32552083333332593,0.12252399428220873
235,2022-12-28 07:00:24.915746,0.5215123859191761,0.12252399428220873
236,2022-12-28 07:58:23.716106,0.314267756128217,"Series([], dtype: float64)"
237,2022-12-28 07:58:49.276456,0.3119151590767366,-0.02057613168724437
238,2022-12-28 07:59:06.631034,0.37406483790523026,0.041093075816722724
239,2022-12-28 07:59:42.041653,0.43478260869564966,0.08220304151254076
240,2022-12-28 08:07:56.881503,0.3119151590767366,0.08218615163344545
241,2022-12-28 08:13:35.267331,0.31289111389236623,0.0
242,2022-12-28 08:28:55.174896,0.3674219228414044,0.0
243,2022-12-28 09:02:36.895753,0.4932182490752224,0.0
244,2022-12-29 07:20:18.353681,0.3138731952291307,0.0
245,2022-12-30 08:23:13.015725,0.3033980582524354,"Series([], dtype: float64)"
246,2022-12-30 14:51:13.924107,0.42219541616406175,0.05741626794257826
247,2023-01-05 14:05:08.797096,0.5593536357986428,"Series([], dtype: float64)"
248,2023-01-06 07:06:39.924469,0.3113325031133263,0.04065040650407248
249,2023-01-06 07:19:02.900380,0.31585596967782514,0.0
250,2023-01-06 09:02:02.301348,0.37197768133911957,"Series([], dtype: float64)"
251,2023-01-06 09:05:11.282140,0.3095975232198178,0.04023335345000323
252,2023-01-06 13:39:15.025241,0.6150061500614923,0.04018485031143104
253,2023-01-06 14:18:37.238965,0.30066145520144527,0.0
254,2023-01-06 14:18:55.208447,0.30066145520144527,0.0
255,2023-01-06 14:29:32.196301,0.30048076923077094,0.0984639621898431
256,2023-01-10 14:50:07.548021,0.796284007962833,0.0
257,2023-01-12 12:47:17.208707,0.3450655624568588,0.0
258,2023-01-13 07:00:26.120057,0.40816326530612734,0.08454872120058354
259,2023-01-18 13:05:42.489123,0.30978934324659146,0.0
260,2023-01-18 13:58:07.765972,0.3717472118959009,0.019436345966949986
261,2023-01-19 14:56:22.610158,0.5389221556886259,"Series([], dtype: float64)"
262,2023-01-19 14:59:58.141679,0.5418422636965792,0.01961938395134144
263,2023-01-19 14:59:58.144111,0.42067307692308376,0.01961938395134144
264,2023-01-23 07:30:38.265069,0.3470213996529692,0.038306837770551994
265,2023-01-23 14:50:02.954729,0.3010234798314304,-0.03898635477583845
266,2023-01-23 14:55:11.024600,0.30211480362538623,0.019573302016051564
267,2023-01-24 07:00:10.307491,0.48134777376653837,0.0
268,2023-01-27 07:00:03.465661,0.31055900621117516,0.15810276679841806
269,2023-01-27 13:44:13.275159,0.3824091778202643,0.019908421262204712
270,2023-01-27 13:56:01.663767,0.37641154328733606,0.07880220646176994
271,2023-01-27 14:59:04.021836,0.3043213633597164,-0.05761474937584499
272,2023-01-31 14:44:25.068584,0.314267756128217,"Series([], dtype: float64)"
273,2023-02-02 07:00:01.908535,0.40816326530612734,-0.2871794871794897
274,2023-02-02 12:47:16.680382,0.3436426116838476,0.060277275467157665
275,2023-02-02 14:48:07.113111,0.4691689008042843,-0.039486673247779436
276,2023-02-02 14:55:35.013656,0.46948356807512415,0.019685039370087587
277,2023-02-02 14:55:41.102632,0.33512064343164116,0.0
278,2023-02-03 08:40:43.996125,0.39113428943937656,0.03822629969418845
279,2023-02-03 14:26:41.488453,0.32278889606196515,"Series([], dtype: float64)"
280,2023-02-06 07:00:01.596854,0.46419098143235527,-0.36321926973810204
281,2023-02-06 07:17:29.031349,0.3285151116951379,0.0
282,2023-02-06 07:17:29.032346,0.5232177894048506,0.0
283,2023-02-06 07:17:29.041322,0.3285151116951379,0.0
284,2023-02-06 07:25:28.597795,0.46419098143235527,"Series([], dtype: float64)"
285,2023-02-06 07:25:29.436821,0.3976143141153132,"Series([], dtype: float64)"
286,2023-02-06 07:31:48.145537,0.3989361702127603,"Series([], dtype: float64)"
287,2023-02-06 07:31:52.279158,0.39867109634550424,0.0
288,2023-02-06 07:52:24.472193,1.9768234492160808,"Series([], dtype: float64)"
289,2023-02-06 07:54:13.495832,0.6109979633401208,"Series([], dtype: float64)"
290,2023-02-06 08:06:45.420549,0.3436426116838476,"Series([], dtype: float64)"
291,2023-02-06 08:26:15.057028,0.5509641873278293,"Series([], dtype: float64)"
292,2023-02-06 08:26:15.116250,0.3436426116838476,"Series([], dtype: float64)"
293,2023-02-06 09:45:19.898732,0.3300330033003229,"Series([], dtype: float64)"
294,2023-02-06 10:46:50.005849,0.6784260515603879,"Series([], dtype: float64)"
295,2023-02-06 10:48:10.114069,0.40431266846361336,"Series([], dtype: float64)"
296,2023-02-06 12:12:43.969326,0.344589937973816,0.0
297,2023-02-06 14:12:46.290780,0.33200531208499307,"Series([], dtype: float64)"
298,2023-02-06 14:13:09.395211,0.46511627906977715,"Series([], dtype: float64)"
299,2023-02-06 14:55:46.216281,0.32113037893384266,"Series([], dtype: float64)"
300,2023-02-07 07:11:48.786661,0.327225130890052,"Series([], dtype: float64)"
301,2023-02-07 09:44:52.145794,0.3457814661134151,-0.03999200159967575
302,2023-02-07 09:44:59.445020,0.41407867494824835,-0.039944078290399254
303,2023-02-07 09:45:17.586093,0.3479471120389599,0.0
304,2023-02-07 09:45:18.289843,0.3479471120389599,-0.18054162487461944
305,2023-02-07 09:45:19.775094,0.3481894150417775,0.04012036108325123
306,2023-02-07 09:45:23.501100,0.6280530355896818,0.1208702659145855
307,2023-02-07 09:46:18.789507,0.4143646408839796,0.07957032027055
308,2023-02-07 09:47:19.324058,0.6206896551724128,0.05954743946010588
309,2023-02-07 10:37:54.342788,0.34843205574912606,0.0
310,2023-02-07 10:37:58.162819,0.4184100418409997,"Series([], dtype: float64)"
311,2023-02-07 10:49:35.508298,0.485100485100487,-0.05914826498423231
312,2023-02-07 10:50:07.769282,0.6224066390041472,-0.03946329913180335
313,2023-02-07 10:50:10.164205,0.4834254143646355,-0.0197355437142388
314,2023-02-07 11:09:02.363703,0.41870202372644716,0.019864918553835764
315,2023-02-07 13:05:38.485257,0.41899441340782495,"Series([], dtype: float64)"
316,2023-02-07 13:05:42.705528,0.34916201117318746,"Series([], dtype: float64)"
317,2023-02-08 07:00:01.148857,0.4310344827586299,1.7008919311346293
318,2023-02-08 07:42:13.366525,1.0000000000000009,0.0
319,2023-02-15 07:00:03.868063,0.4070556309362372,-1.457505205375731
320,2023-02-15 07:00:10.266401,0.33670033670034627,"Series([], dtype: float64)"
321,2023-02-15 07:00:15.932263,0.3355704697986628,"Series([], dtype: float64)"
322,2023-02-15 07:00:29.218423,0.6040268456375841,"Series([], dtype: float64)"
323,2023-02-15 07:00:32.927998,0.3992015968063978,"Series([], dtype: float64)"
324,2023-02-15 07:00:40.014848,0.6666666666666599,"Series([], dtype: float64)"
325,2023-02-15 07:00:46.437084,1.282916948008106,"Series([], dtype: float64)"
326,2023-02-15 07:00:56.273152,0.46979865771812346,"Series([], dtype: float64)"
327,2023-02-15 07:01:00.346167,0.33512064343164116,"Series([], dtype: float64)"
328,2023-02-15 07:01:01.927542,0.40160642570281624,"Series([], dtype: float64)"
329,2023-02-15 07:01:09.154258,0.8754208754208737,"Series([], dtype: float64)"
330,2023-02-15 07:01:10.350330,1.0101010101010166,"Series([], dtype: float64)"
331,2023-02-15 07:01:18.526777,0.40214477211795163,"Series([], dtype: float64)"
332,2023-02-15 07:01:18.760675,0.7338225483655814,"Series([], dtype: float64)"
333,2023-02-15 07:01:21.608143,1.135604542418167,"Series([], dtype: float64)"
334,2023-02-15 07:01:25.743247,0.33489618218351946,"Series([], dtype: float64)"
335,2023-02-15 07:01:27.171344,0.4024144869215318,"Series([], dtype: float64)"
336,2023-02-15 07:01:29.342268,0.33377837116155273,"Series([], dtype: float64)"
337,2023-02-15 07:02:31.447136,0.8010680907877266,"Series([], dtype: float64)"
338,2023-02-15 07:02:34.135305,0.8655126498002597,"Series([], dtype: float64)"
339,2023-02-15 07:02:36.938600,1.0568031704095038,"Series([], dtype: float64)"
340,2023-02-15 07:02:42.750399,2.202937249666226,"Series([], dtype: float64)"
341,2023-02-15 07:02:51.583554,3.3333333333333437,"Series([], dtype: float64)"
342,2023-02-15 07:03:09.211918,0.5319148936170137,"Series([], dtype: float64)"
343,2023-02-15 07:04:17.282849,0.3989361702127603,"Series([], dtype: float64)"
344,2023-02-15 07:05:00.972150,0.8010680907877266,"Series([], dtype: float64)"
345,2023-02-15 07:05:01.229334,0.867244829886582,"Series([], dtype: float64)"
346,2023-02-15 07:05:07.055349,1.0673782521681163,"Series([], dtype: float64)"
347,2023-02-15 07:18:32.776877,0.5291005291005346,0.151314545110659
348,2023-02-15 07:20:08.787010,0.46265697290150953,-0.22675736961450532
349,2023-02-15 07:34:28.204646,0.32829940906107247,"Series([], dtype: float64)"
350,2023-02-15 08:09:03.661564,0.32573289902280145,"Series([], dtype: float64)"
351,2023-02-16 07:00:07.787438,0.5484460694698434,0.7871321013004806
352,2023-02-16 07:01:45.589501,0.30211480362538623,0.0
353,2023-02-16 07:03:14.437338,0.36275695284160303,-0.06836438215689356
354,2023-02-16 07:07:10.054903,0.3113325031133263,-0.8596491228070269
355,2023-02-16 07:07:26.134469,0.31367628607277265,"Series([], dtype: float64)"
356,2023-02-16 07:07:26.324166,0.31347962382444194,"Series([], dtype: float64)"
357,2023-02-16 07:07:27.246031,0.37641154328733606,0.8244167689879012
358,2023-02-16 07:08:06.898908,0.4399748585795171,"Series([], dtype: float64)"
359,2023-02-16 07:08:39.568383,0.6988564167725642,"Series([], dtype: float64)"
360,2023-02-16 07:08:45.795721,0.44219835754895076,"Series([], dtype: float64)"
361,2023-02-16 07:08:52.391617,0.44219835754895076,"Series([], dtype: float64)"
362,2023-02-16 07:10:01.418367,0.3215434083601254,"Series([], dtype: float64)"
363,2023-02-16 07:10:03.260374,0.9009009009008917,"Series([], dtype: float64)"
364,2023-02-16 07:27:04.031076,0.6289308176100628,0.03455425017278024
365,2023-02-16 07:27:04.031512,0.8827238335435084,0.03455425017278024
366,2023-02-16 07:27:04.037428,0.31230480949406836,0.03455425017278024
367,2023-02-16 07:30:08.773682,0.3708281829418958,0.06878761822872725
368,2023-02-16 07:30:17.925614,0.3708281829418958,-0.06878761822872725
369,2023-02-16 07:31:11.311479,0.43397396156230617,-0.017185083347648344
370,2023-02-16 07:52:30.417401,0.4433185560481334,0.19113814074718238
371,2023-02-16 08:40:39.050234,0.5284015852047519,0.05542213190468104
372,2023-02-16 08:44:09.694178,0.39113428943937656,0.16143497757847847
373,2023-02-16 09:31:36.616045,0.660066006600668,0.0
374,2023-02-16 09:32:04.477113,0.3287310979618763,0.0
375,2023-02-16 09:42:40.952720,0.3270111183780289,"Series([], dtype: float64)"
376,2023-02-16 10:02:27.364217,0.33444816053511683,"Series([], dtype: float64)"
377,2023-02-16 10:02:38.233120,0.4679144385026701,0.03678499172337091
378,2023-02-16 12:03:11.999433,0.31746031746031633,"Series([], dtype: float64)"
379,2023-02-16 12:08:17.948121,0.3816793893129722,"Series([], dtype: float64)"
380,2023-02-16 12:13:49.651453,0.4501607717041889,-0.017739932588245466
381,2023-02-16 12:20:53.055291,0.31645569620253333,0.0352298749339397
382,2023-02-16 12:21:06.382518,0.379506641366234,0.0
383,2023-02-16 12:21:30.072502,0.37926675094817064,0.0
384,2023-02-16 12:21:36.337505,0.5056890012642201,"Series([], dtype: float64)"
385,2023-02-16 12:54:53.622664,0.31172069825435855,0.017752529735481914
386,2023-02-16 14:56:27.947354,0.5056890012642201,-0.05464480874317612
387,2023-02-16 14:56:39.867798,0.5692599620493288,0.0
388,2023-02-16 14:56:51.484159,0.44219835754895076,0.07295276308589838
389,2023-02-16 14:58:43.038475,0.31367628607277265,-0.018185124568104172
390,2023-02-17 07:00:07.426023,0.6410256410256387,-0.3669724770642091
391,2023-02-17 07:02:52.938169,0.3811944091486552,-0.018251505749233843
392,2023-02-17 07:08:52.542475,0.3150598613736566,0.14336917562725038
393,2023-02-17 07:10:47.506996,0.31152647975076775,0.0
394,2023-02-17 07:10:56.396850,0.31152647975076775,"Series([], dtype: float64)"
395,2023-02-17 13:02:23.281928,0.31746031746031633,"Series([], dtype: float64)"
396,2023-02-17 14:16:15.632862,0.30788177339902134,"Series([], dtype: float64)"
397,2023-02-20 07:00:02.296904,0.31152647975076775,-0.16417365924845662
398,2023-02-20 07:00:02.876229,0.4366812227074135,0.1276906238599107
399,2023-02-20 07:00:07.389910,0.374999999999992,-0.18248175182482562
400,2023-02-21 12:38:24.230263,0.4281345565749328,0.0
401,2023-02-27 09:51:17.337045,0.31250000000000444,"Series([], dtype: float64)"
402,2023-02-28 08:28:50.951287,0.3616636528029016,0.0
403,2023-03-01 07:35:30.406665,0.35211267605634866,0.0
404,2023-03-01 10:05:29.145838,0.34602076124568004,"Series([], dtype: float64)"
405,2023-03-01 10:28:22.096841,0.4004576659038861,0.0
406,2023-03-02 07:00:03.666165,0.5208333333333259,-0.4049949375632744
407,2023-03-02 07:01:17.106629,0.4779607010090281,0.08438818565401629
408,2023-03-02 07:01:59.106505,0.32188841201716833,-0.08487523340690029
409,2023-03-02 07:03:37.706178,0.31678986272438703,0.0
410,2023-03-02 07:03:42.990718,0.42283298097252064,-0.03375527426159319
411,2023-03-02 07:03:47.236843,0.474183350895685,-0.06753334458888816
412,2023-03-02 07:04:15.870963,0.42105263157894424,0.0
413,2023-03-02 07:04:16.503925,0.3678402522333091,"Series([], dtype: float64)"
414,2023-03-02 07:04:25.171926,0.36822724881642177,0.08460236886633776
415,2023-03-02 07:07:31.114108,0.31512605042016695,0.0
416,2023-03-02 07:33:55.236632,0.31201248049921304,0.0
417,2023-03-02 12:21:26.095249,0.31864046733935947,-0.033967391304345895
418,2023-03-03 07:04:17.376770,0.32715376226826187,0.0
419,2023-03-03 12:31:06.537274,0.3619441571871773,0.0
420,2023-03-03 12:35:09.263963,0.3575076608784533,0.08676036786396946
421,2023-03-03 12:40:41.311375,0.3602676273803507,0.0
422,2023-03-06 07:09:07.575709,0.3019627579265327,"Series([], dtype: float64)"
423,2023-03-08 07:07:43.558107,0.3110419906687367,0.03227368081328841
424,2023-03-08 14:48:32.856798,0.3659174072137894,0.0
425,2023-03-08 14:48:53.767135,0.5224660397074254,-0.01603077909586581
426,2023-03-08 14:50:06.242653,0.31266284523188137,0.0
427,2023-03-09 07:00:03.118896,0.40404040404040664,0.4785452225235298
428,2023-03-09 08:50:58.684688,0.3061224489795844,0.0
429,2023-03-10 07:00:12.710652,0.348085529587272,-0.016339869281045694
430,2023-03-14 07:19:32.310529,0.3064351378958108,0.0
431,2023-03-15 12:36:27.921103,0.32017075773747017,0.017208742040963898
432,2023-03-15 12:53:23.131695,0.3717472118959009,"Series([], dtype: float64)"
433,2023-03-15 12:53:39.640394,0.31813361611876534,"Series([], dtype: float64)"
434,2023-03-20 07:54:07.432083,0.32017075773747017,"Series([], dtype: float64)"
435,2023-03-21 07:51:04.593449,0.3386004514672747,"Series([], dtype: float64)"
436,2023-03-21 07:52:06.918064,0.50761421319796,"Series([], dtype: float64)"
437,2023-03-21 07:52:20.840728,0.6749156355455588,0.0
438,2023-03-21 07:53:35.786403,0.39237668161435924,0.0
439,2023-03-21 07:54:09.462006,0.7291082445316954,"Series([], dtype: float64)"
440,2023-03-21 08:21:40.607248,0.3325942350332678,0.0
441,2023-03-21 09:48:27.485490,0.5025125628140614,0.0
442,2023-03-21 09:48:57.798758,0.5580357142857206,0.0
443,2023-03-21 09:50:04.192604,0.3351955307262511,0.0
444,2023-03-22 08:59:24.073042,0.33351862145636346,0.0
445,2023-03-24 14:57:12.008278,0.31847133757962887,"Series([], dtype: float64)"
446,2023-03-24 14:58:43.015051,0.5854177754124557,0.033433634236046395
447,2023-03-24 14:58:53.150858,0.4787234042553212,"Series([], dtype: float64)"
448,2023-03-27 07:25:05.523459,0.31347962382444194,"Series([], dtype: float64)"
449,2023-03-28 13:34:52.575679,0.30864197530864335,0.0
450,2023-03-29 07:13:22.588735,0.3205128205128194,"Series([], dtype: float64)"
451,2023-03-29 07:13:43.384592,0.3205128205128194,"Series([], dtype: float64)"
452,2023-03-29 07:14:14.974126,0.32017075773747017,0.0
453,2023-03-29 14:23:03.576235,0.37776578521315773,0.033361134278564464
454,2023-03-31 14:28:03.168533,0.3759398496240518,0.0
455,2023-03-31 14:29:54.486170,0.37194473963868546,"Series([], dtype: float64)"
456,2023-04-03 14:27:35.485598,0.3236245954692629,0.017096939647798237
457,2023-04-03 14:57:43.049634,0.37056643726840477,0.01703867779860868
458,2023-04-07 07:00:01.229634,0.44422507403751865,0.0655630224553283
459,2023-04-07 07:00:02.956157,0.49261083743843415,-0.04912395611593734
460,2023-04-20 08:03:34.905910,0.40760869565217295,0.0
461,2023-04-20 08:03:34.909043,0.3167420814479627,0.0
462,2023-04-20 08:03:34.910069,0.3167420814479627,0.0
463,2023-04-20 08:55:05.518564,0.4052228725799134,-0.017241379310339866
464,2023-04-20 08:55:31.088690,0.31631269769543113,"Series([], dtype: float64)"
465,2023-04-25 14:30:49.385265,0.327715355805247,"Series([], dtype: float64)"
466,2023-04-25 14:31:00.109888,0.561272217025266,0.0
467,2023-04-25 14:31:19.259133,0.467726847521055,0.0352795907567538
468,2023-04-25 14:32:13.611546,0.3743565746373356,0.0
469,2023-04-25 14:32:46.833758,0.37348272642390157,0.0
470,2023-04-25 14:50:15.551180,0.4166666666666652,0.0
471,2023-04-25 14:50:29.451858,0.37002775208141436,0.017593244194236135
472,2023-04-28 07:00:01.455071,0.6381934216985741,-0.28766630708378926
473,2023-05-02 11:55:19.666245,0.31201248049921304,0.0
474,2023-05-02 14:59:58.755321,0.31864046733935947,"Series([], dtype: float64)"
475,2023-05-03 14:18:10.410019,0.370762711864403,"Series([], dtype: float64)"
476,2023-05-03 14:41:26.437247,0.3154574132492094,"Series([], dtype: float64)"
477,2023-05-03 14:42:09.393311,0.36687631027254586,"Series([], dtype: float64)"
478,2023-05-03 14:42:31.476573,0.36668412781561965,"Series([], dtype: float64)"
479,2023-05-03 14:42:42.319365,0.366300366300365,"Series([], dtype: float64)"
480,2023-05-03 14:59:23.273626,0.31529164477142047,0.0
481,2023-05-04 14:59:58.335528,0.31695721077653616,0.0
482,2023-05-05 09:09:58.043245,0.32804811372335596,0.0
483,2023-05-10 14:57:49.384050,0.3389830508474523,0.11437285550894849
484,2023-05-11 10:55:36.526072,0.4287245444801746,"Series([], dtype: float64)"
485,2023-05-11 11:09:24.790957,0.48154093097914075,0.05519779208831288
486,2023-05-11 11:10:43.040142,0.5279831045406524,0.12706480304955914
487,2023-05-11 11:11:56.353649,0.31347962382444194,0.07212405337180261
488,2023-05-11 11:15:49.690937,0.31496062992126816,-0.05413208228075561
489,2023-05-11 11:17:39.742597,0.31662269129286713,0.07258210851024405
490,2023-05-11 11:21:41.328081,0.37056643726840477,"Series([], dtype: float64)"
491,2023-05-11 12:10:00.207714,0.3640145605824152,0.03573342862248641
492,2023-05-11 12:10:00.210917,0.4672897196261738,0.017863522686667466
493,2023-05-11 12:10:00.213243,0.36307053941908585,0.017863522686667466
494,2023-05-11 12:27:45.315486,0.46583850931676274,0.0
495,2023-05-12 07:00:30.129051,0.40160642570281624,0.0
496,2023-05-12 07:10:12.848828,0.356597045338769,-0.017358097552500062
497,2023-05-12 07:13:42.814348,0.3019627579265327,-0.05223750652969539
498,2023-05-12 13:49:10.536281,0.512820512820511,0.05314437555359319
499,2023-05-15 07:30:00.804374,0.5070422535211172,-1.2874711760184399
500,2023-05-15 07:30:44.712148,0.388026607538805,0.42113323124042257
501,2023-05-15 07:31:39.167908,0.5558643690939391,-0.03790032215273964
502,2023-05-15 07:31:42.300969,0.4444444444444473,0.24677296886863598
503,2023-05-15 07:31:42.467562,0.38716814159291957,0.24677296886863598
504,2023-05-15 07:31:44.495492,1.1686143572620988,0.0
505,2023-05-15 07:49:22.130792,0.49153468050244786,-0.01873360809292457
506,2023-05-15 08:14:00.761542,0.3171247357293794,0.07208506037124085
507,2023-05-15 08:14:01.276339,0.31678986272438703,-0.0540540540540535
508,2023-05-16 07:20:34.165628,0.330760749724357,0.056529112492942346
509,2023-05-16 12:03:29.164361,0.5268703898840821,"Series([], dtype: float64)"
510,2023-05-16 12:03:47.773452,0.4734350341925264,0.018281535649000702
511,2023-05-16 12:06:24.084457,0.3659174072137894,0.0
512,2023-05-16 12:09:49.717405,0.3659174072137894,"Series([], dtype: float64)"
513,2023-05-18 07:00:01.265156,0.34448818897638844,0.25449918196691623
514,2023-05-22 08:17:53.257988,0.5184033177812353,"Series([], dtype: float64)"
515,2023-05-22 08:17:53.258790,0.5181347150259086,"Series([], dtype: float64)"
516,2023-05-22 08:17:53.264237,0.46607975142414215,"Series([], dtype: float64)"
517,2023-05-22 08:18:00.201598,0.41407867494824835,0.018761726078797558
518,2023-05-23 13:45:45.402190,0.6339144215530945,0.018978933383939633
519,2023-05-23 13:45:45.539750,0.4744333157617353,"Series([], dtype: float64)"
520,2023-05-25 09:20:19.017948,0.37234042553191404,"Series([], dtype: float64)"
521,2023-05-26 07:28:53.053206,0.3767491926802924,0.019451468585884868
522,2023-05-26 07:28:53.058785,0.4836109618484796,0.019451468585884868
523,2023-05-26 14:32:09.879024,0.3157894736842026,"Series([], dtype: float64)"
524,2023-05-30 07:22:52.252070,0.4477611940298498,0.0
525,2023-05-30 14:51:58.475662,0.38797284190106307,"Series([], dtype: float64)"
526,2023-05-31 07:00:12.892974,0.43269230769231726,0.0522648083623789
