Date,Portfolio pct_change,BIST30 pct_change
2019-12-31,0.005693031932219705,-0.0021526692627177324
2020-01-02,0.008132319230477858,0.013335770364989896
2020-01-03,-0.01746617607293066,-0.018880969601546616
2020-01-06,-0.017893869146095365,-0.01819378897822055
2020-01-07,0.008490301406218759,0.007826561397787923
2020-01-08,-0.00246199010951742,0.00485517255265866
2020-01-09,0.025957376729849324,0.04640200819312357
2020-01-10,-0.007962104538136172,0.00591680051460286
2020-01-13,0.012205640495601688,0.013033849718955492
2020-01-14,0.005203950597314044,0.007558465192728514
2020-01-15,0.0014591926852016712,-0.0057642451905630665
2020-01-16,-0.005839895949103946,0.000317201329260941
2020-01-17,0.009879574801089364,0.004004355873129972
2020-01-20,0.011107351508895524,0.009169432973514358
2020-01-21,0.00418427674037436,0.007406238146112187
2020-01-22,-0.0015517937079837507,-0.00847753370057136
2020-01-23,0.0008880291252555406,-0.0029842411641666233
2020-01-24,-0.005826591596868602,-0.004753174326776355
2020-01-27,-0.011403848592781984,-0.019027742557722216
2020-01-28,-0.002373997918355797,-0.0032223118270265916
2020-01-29,-0.004049470501398589,-0.0004056102252841809
2020-01-30,-0.0018344549848914316,0.00395939820273683
2020-01-31,0.012142223863959245,-0.010832698994861834
2020-02-03,-0.00967958894510812,-0.0004385517124830818
2020-02-04,0.019597235026316717,0.02736004860742458
2020-02-05,-0.002077978833405103,0.00026909447792156094
2020-02-06,0.000514774624391201,-0.0011536663091765709
2020-02-07,-0.0017742423975696253,-0.012345734255244323
2020-02-10,-0.020390985650105997,-0.021051687986056056
2020-02-11,0.013665571880638883,0.01291409493843787
2020-02-12,0.015526438656337849,0.0011676051312399238
2020-02-13,0.0233593851946432,0.0020229156563589257
2020-02-14,0.0028689534219870083,-0.0037234036785095403
2020-02-17,0.024609125285020017,0.005579855919029431
2020-02-18,-0.011464795836807928,-0.009218281821549046
2020-02-19,-0.0004476514150770772,-0.002059117922301068
2020-02-20,-0.02985670545915431,-0.02746769256975623
2020-02-21,0.016317498959501853,0.008886407434756771
2020-02-24,-0.012664797521211524,-0.020706101248919917
2020-02-25,-0.003663213681501798,-0.006454679554378395
2020-02-26,0.008460644757012137,0.008018792737480629
2020-02-27,-0.03033558433614636,-0.04157449611885444
2020-02-28,-0.03381004905466645,-0.04052540195307586
2020-03-02,0.014089004994862986,0.010032977284555544
2020-03-03,0.01970658945706183,0.0398288012165775
2020-03-04,0.014839882199768839,-0.0016569435440099145
2020-03-05,0.022903710701438706,0.008781026046228213
2020-03-06,0.006363142077470796,-0.020196814394615514
2020-03-09,-0.041455920321181394,-0.05162991173336984
2020-03-10,-0.019545433866414275,-0.017265402598429014
2020-03-11,-0.0010233985269922918,0.0002819650408176777
2020-03-12,-0.05235330635926927,-0.06765637542162795
2020-03-13,0.008831801970220265,0.018240567178515077
2020-03-16,-0.07477664093311653,-0.07975899662491703
2020-03-17,-0.012996967992827457,-0.007085691053288046
2020-03-18,0.009286830914566835,-0.01624413316711537
2020-03-19,-0.004287802313766909,-0.005616780946143152
2020-03-20,0.003598074258405415,0.0017131801322105566
2020-03-23,0.033829965688385366,-0.02233658871108346
2020-03-24,0.04641657629183049,0.05908011452922812
2020-03-25,0.01337044818421984,-0.007418023342427027
2020-03-26,0.03975551613782846,0.029366560769786165
2020-03-27,-0.039019776410670226,-0.03822942037796073
2020-03-30,-0.024527949422258333,-0.0017604437425634556
2020-03-31,0.010284683951959694,0.013636911033278354
2020-04-01,0.0005699539380987773,-0.006017392373077968
2020-04-02,0.007219025014148173,0.004850755029253362
2020-04-03,0.0023970906231636224,-0.0018375631662338465
2020-04-06,0.02291856334782394,0.02590943672687307
2020-04-07,0.0006219081158702622,0.005900636756068778
2020-04-08,0.0074354097284698994,0.008853218576499566
2020-04-09,0.029334563662941848,0.03221231438188088
2020-04-10,0.01102355224643814,0.007222041271733648
2020-04-13,-0.005549386401220935,-0.0043205536079208295
2020-04-14,0.013027285082827689,0.026458567739673367
2020-04-15,-0.011407060797859914,-0.029199125469635545
2020-04-16,0.003079725834453484,0.0004066871613674916
2020-04-17,0.02168118005485975,0.02217599827337491
2020-04-20,0.010694347893331901,0.004674940773949698
2020-04-21,-0.007332673080445495,-0.016501539977906376
2020-04-22,0.008801593539625285,0.0022513807652706497
2020-04-24,0.011809792973870081,0.0034458964502450673
2020-04-27,0.014489844930140272,0.0239369093123476
2020-04-28,-0.004499982608960118,-0.006625220241456398
2020-04-29,0.022195229882916,0.008014790230340685
2020-04-30,-0.0019484601557154813,-0.003091643290088708
2020-05-04,-0.023084854669177424,-0.02487852749177688
2020-05-05,-0.014585483384289222,-0.00208538051920526
2020-05-06,-0.00045081861850249094,-0.0013966742927157272
2020-05-07,-0.00312671774888873,-0.004070913810277577
2020-05-08,-0.003272467104495136,-0.0029756337360299367
2020-05-11,0.004404117177510658,-0.003351920190415636
2020-05-12,0.014951550623393484,0.01673271632262785
2020-05-13,0.003341480972146371,0.00258013860448858
2020-05-14,-0.00837113046991056,-0.009344761441529736
2020-05-15,0.01405097947656575,0.004330165591932333
2020-05-18,0.028378785177541888,0.023943800478289035
2020-05-20,0.0036190415426486933,-0.0015986250336025298
2020-05-21,0.006375384682952179,0.00656176308324774
2020-05-22,0.0052036027896107395,0.0023802535310195605
2020-05-27,0.028301573647434797,0.018101022502803987
2020-05-28,0.010499274849461893,0.00685070829253509
2020-05-29,-0.0022732972003769447,0.003658041736914086
2020-06-02,0.013666386122197949,0.0075966332667734005
2020-06-03,0.0009137401660179734,0.00957111073410255
2020-06-04,0.009011136943780418,0.006316827133535874
2020-06-05,0.002850075299451804,0.005912837593397002
2020-06-08,-0.004250855294542721,-0.004809405610390227
2020-06-09,-0.002705231574421596,-0.005946330068146599
2020-06-10,0.006220543270358592,0.0037938748295667235
2020-06-11,-0.003956728294085554,-0.008164117615586108
2020-06-12,0.004533973145668835,0.0038343198972565773
2020-06-15,-0.001339695172826172,-0.004509850054686515
2020-06-16,0.013093152844682265,0.010663647014041544
2020-06-17,0.0008922995942828305,-0.002849552572877445
2020-06-18,0.01845390230413657,0.017406955472972108
2020-06-19,0.009172748381914397,0.015052024107739426
2020-06-22,0.0238359459057218,0.013464687190687163
2020-06-23,0.0015815014276789885,0.000883419300606203
2020-06-24,-0.003599004860244892,-0.008227294646636851
2020-06-25,-0.002675304912667431,-0.002487343502526773
2020-06-26,0.006322591800836941,0.002673470489576113
2020-06-29,0.007699032772939374,0.010611994439209793
2020-06-30,0.012858942496011272,0.005206736346307528
2020-07-01,-0.011052673147143643,-0.016608656218213613
2020-07-02,0.014062606129905175,0.011424244675844797
2020-07-03,-0.011456233319966258,-0.014548360863531062
2020-07-06,0.02012882995648768,0.021750078571401543
2020-07-07,0.006100690343362025,0.00623274408434793
2020-07-08,-0.007590057738416922,-0.006603642638151497
2020-07-09,-0.029916729978943013,-0.01930354221135
2020-07-10,-0.006385152148533746,-0.00736058030255593
2020-07-13,0.04056930285807692,0.02628332948118861
2020-07-14,-0.006754672329092326,-0.006017683926344164
2020-07-16,0.012029870063832382,0.006596163848350711
2020-07-17,0.0038073894168868527,-0.0031829921447480425
2020-07-20,0.0035523613617165495,0.0011221742017601954
2020-07-21,-0.010910773079923386,-0.00799147959562918
2020-07-22,-0.0010357433454921683,0.0018620521866352657
2020-07-23,0.015831548331486367,0.008360272235024002
2020-07-24,0.002147464326281101,0.00020617584145288248
2020-07-27,0.009444693618673616,0.0011197710031221053
2020-07-28,-0.03496257870893915,-0.03629629629629616
2020-07-29,-0.017118610222734643,-0.02213685536366261
2020-07-30,-0.011671140824660697,-0.009904084318138162
2020-08-04,-0.011443337343608695,-0.03040642068923216
2020-08-05,-0.011587001342344805,0.0054859173863981425
2020-08-06,-0.04893908175839934,-0.0465797647979439
2020-08-11,0.031263397402879756,0.03437707229834985
2020-08-12,0.0020814601908880626,0.0051253500955581455
2020-08-13,-0.008410534727357089,-0.01226995834086686
2020-08-14,-0.017502026025517647,-0.015729612622446876
2020-08-17,0.008150891026825535,0.007048105228975254
2020-08-18,-0.00031886084155596794,0.006347596393124322
2020-08-19,0.03670469083738115,0.03412588878807954
2020-08-20,0.0002477380778789229,0.0
2020-08-21,-0.020205537507482885,-0.015405123936490628
2020-08-24,0.001151302679746058,-0.0010324253697229224
2020-08-25,-0.024422184241987943,-0.017093336909973278
2020-08-26,0.0040645240692429585,0.007845952267873324
2020-08-27,0.01265643002907857,0.007303351192566199
2020-08-28,-0.006584692285549587,-0.010756115259820453
2020-08-31,-0.013260467318382707,-0.024242893184443393
2020-09-01,-0.004477282954961748,0.00883198610967817
2020-09-02,-0.0050635124281015464,-0.0011453955160183327
2020-09-03,0.005404332423573743,-0.006635073175189965
2020-09-04,0.003747413362908514,0.008905788128125591
2020-09-07,0.006967990999908524,0.006865569606916644
2020-09-08,-0.005596220218359704,-0.008036386247148086
2020-09-09,0.002323706928919922,0.010229132569558042
2020-09-10,0.002145216871878741,-0.001620089104900635
2020-09-11,-0.0030291732615504996,0.0038133478067952087
2020-09-14,0.008572534504098783,0.002990683307643849
2020-09-15,0.014182451142250141,0.0007252996988920124
2020-09-16,-0.00541492830296364,-0.004590169929181931
2020-09-17,0.00030681140195909506,0.003802340696560158
2020-09-18,0.019750498892684654,-0.0006447846523544021
2020-09-21,-0.023957455835428965,-0.02161294260332658
2020-09-22,0.011746340277801748,0.009066930796835848
2020-09-23,0.006425652978186092,0.0061264501708406804
2020-09-24,0.013357525494499978,0.020297151084738063
2020-09-25,0.002765789535394747,0.0046153012282021955
2020-09-28,0.004319492483596088,-0.004673286664603982
2020-09-29,0.0017293819045620662,0.0008753585924783369
2020-09-30,0.023775743216552625,0.020672657238933967
2020-10-01,-0.007118496920505368,-0.002336994713804663
2020-10-02,0.003438840402991028,0.0012493930797652375
2020-10-05,0.01808172004605546,0.012165620363341567
2020-10-06,-0.0051191308708050665,-0.008937495467861045
2020-10-07,-0.0027130130689644316,-0.0032652360124015845
2020-10-08,-0.0019269488595407003,-0.0016379187473096746
2020-10-09,0.01297609486378315,0.013828086853027388
2020-10-12,0.009442273856081762,0.007397779161185003
2020-10-13,-0.005241508354368873,-0.007649353343912257
2020-10-14,0.010248086416905222,0.012256148728363003
2020-10-15,-0.010361959757720474,-0.010127876372477695
2020-10-16,0.007529279160664704,0.01223172868331135
2020-10-19,0.004221788760167211,0.010791876155135993
2020-10-20,0.0035875290281555117,0.0038345681097275985
2020-10-21,0.0001530416936892376,0.0013482502142470043
2020-10-22,-0.009887011100609633,-0.015333981319197498
2020-10-23,-0.002662956546606532,-0.008356122604066485
2020-10-26,-0.03973031577169772,-0.03654057940101385
2020-10-27,0.0019377815420673628,0.006996938196527358
2020-10-28,-0.021351078658994438,-0.022345083954303235
2020-10-30,-0.006023496653845495,-0.013083469399706171
2020-11-02,0.013883797115698426,0.019558121451769717
2020-11-03,0.009510268460837912,0.018701281243469037
2020-11-04,0.014678168085118237,0.009139692800602006
2020-11-05,0.02010586929769609,0.007182972221380313
2020-11-06,0.012961565975921907,0.009689922480620172
2020-11-09,0.00900361635119662,0.04099809935820531
2020-11-10,-0.007981424679830429,0.01246406380246623
2020-11-11,0.0010693233929108814,0.039335662936562654
2020-11-12,-0.01577186143125786,-0.0008410941975879327
2020-11-13,0.010883536169561614,0.011924803795688055
2020-11-16,0.007933369781523147,-0.00277277143192467
2020-11-17,-0.01040422205870728,-0.02856942602768886
2020-11-18,0.014952450411492402,0.035491932440742335
2020-11-19,0.0051625083148350015,0.016377633641097455
2020-11-20,0.0104108564726213,0.005575163788176685
2020-11-23,-0.006715588425924013,-0.012440854911468846
2020-11-24,0.0045483023431529546,0.0015062804867602697
2020-11-25,-0.0015109628827770782,0.005742344861472626
2020-11-26,0.005647678951171242,0.014953779724146798
2020-11-27,-0.0031463381849772265,-0.010447345363020166
2020-11-30,-0.020385807340182027,-0.03735784521110708
2020-12-01,0.011611123236433984,0.03381606774490287
2020-12-02,0.003889610421326406,-0.0027201632097926254
2020-12-03,0.006437973432038557,0.004568667693061634
2020-12-04,0.0016449057559522196,-0.0019005748375061637
2020-12-07,0.005504933928889955,-0.001904276918956671
2020-12-08,-0.0037963905420663746,0.009198691894642508
2020-12-09,0.0001239635660013061,0.009587518382457416
2020-12-10,0.005381532423390789,0.0018724848969320362
2020-12-11,0.0008310698615583423,0.015219310593211688
2020-12-14,0.02287114232735954,0.012755621081363522
2020-12-15,0.007337215563583355,0.004349770148337262
2020-12-16,-0.007030223128727142,-0.0017452819469133685
2020-12-17,0.008407472154769335,0.004403241949627823
2020-12-18,0.0099850485064934,0.005995776529241326
2020-12-21,-0.00938000992758059,-0.020443491357955423
2020-12-22,0.014845820482660699,0.01648671977224403
2020-12-23,0.0207846952096451,0.00817408356910132
2020-12-24,0.0095776953286979,0.005937133945903339
2020-12-25,0.002204739566421754,
2020-12-28,0.011674238376307322,0.0064733601309066024
2020-12-29,0.012448782330423347,0.018159988848258646
2020-12-30,0.013224434917519678,0.01721685122238914
2020-12-31,-0.0011426708045664258,-0.0039573820395738535
2021-01-04,0.020475848850924905,0.010330088272654248
2021-01-05,-0.0023721061550748823,-0.007562465857202216
2021-01-06,0.015668693792820765,0.010546163435953382
2021-01-07,0.011763238350483762,0.012366532306107514
2021-01-08,0.01520942293986649,0.00965324378115695
2021-01-11,0.005548031600859593,-0.009088777261667014
2021-01-12,0.018261535361440373,0.004645651475952972
2021-01-13,-0.0014636389656369486,0.00640261231040129
2021-01-14,-0.008113391123904412,-0.009778496597944386
2021-01-15,-0.011430241399412067,-0.016180815688206285
2021-01-18,0.017178992691358586,0.017474846710899827
2021-01-19,0.008322298489805258,0.004397708818443258
2021-01-20,-0.0006166716992497268,0.00065083462625104
2021-01-21,-0.010806821741440431,-0.015137166701192584
2021-01-22,-0.004357582728075404,
2021-01-25,-0.00018352246436970088,-0.017110951259454832
2021-01-26,-0.00911449157458255,-0.00012213742279443274
2021-01-27,-0.04171019598962822,-0.03769324474429858
2021-01-28,0.021128159738282415,0.016950275564904693
2021-01-29,-0.02008511322980433,-0.018415631157000845
2021-02-01,0.017739197112916383,0.007695227294623352
2021-02-02,0.004541948226254089,0.01154941548004107
2021-02-03,0.012728065093121188,0.016283987266546562
2021-02-04,-0.001305805255003678,-0.0007367384272826127
2021-02-05,-0.0018126231717998653,-0.006635084525275725
2021-02-08,0.007558612525998765,0.005195141497450706
2021-02-09,0.0051978015261906485,0.010951778885779584
2021-02-10,0.004055043485483134,0.002008428505361204
2021-02-11,-0.0029896458591502917,-0.0037050385662550367
2021-02-12,-0.006390232168314469,-0.00725478513675859
2021-02-15,0.02189435633000336,
2021-02-16,-0.014181892486597514,
2021-02-17,-0.00024263376953315152,
2021-02-18,-0.0044582869941797165,-0.010109119102788111
2021-02-19,0.009045641225094325,0.01021235703638923
2021-02-22,-0.006514023531033475,-0.010663902057219121
2021-02-23,-0.012391975596527938,-0.00978190104166654
2021-02-24,-0.022534289134736984,-0.019631329694599242
2021-02-25,-0.0006989436384710057,0.010268917431940139
2021-02-26,-0.006181027470666289,-0.011498618808630678
2021-03-01,0.031554842630722835,0.03406169665809777
2021-03-02,0.008684694769872214,0.003604753777579406
2021-03-03,-0.0027544600827468235,-0.000928907576568716
2021-03-04,0.00422035340066329,0.007252185469388328
2021-03-05,0.002550707781047823,0.003753831129807761
2021-03-08,-0.009551423111093693,-0.009318834773702322
2021-03-09,0.02091376259510147,0.012377003340446224
2021-03-10,0.007983270770872686,0.008191224533334207
2021-03-11,-0.004054186480756616,-0.006548261995019566
2021-03-12,-0.006684394479930966,0.0005492977809353761
2021-03-15,-0.0006314983429948073,-0.005123840605690266
2021-03-16,0.0040992841683176184,0.006683031523030403
2021-03-17,-0.011945833170159514,-0.00822218149659737
2021-03-18,-0.003035703067358231,-0.0016581142235975177
2021-03-19,-0.022128116463782876,-0.021344622140673564
2021-03-22,-0.09879861044711324,-0.09943428734875859
2021-03-23,0.012532642613553024,-0.008445070661566856
2021-03-24,0.038495153598777865,0.019004716638252095
2021-03-25,-0.006813202699012311,-0.012088140215680943
2021-03-26,-0.011999494947690703,-0.006013128149592428
2021-03-29,0.017333665969547996,0.007245391815569935
2021-03-30,-0.004890007143158237,0.0
2021-03-31,-0.007370040900147812,-0.0008380984857365714
2021-04-01,0.031898969861384074,0.023554955191397164
2021-04-02,0.00663103861642611,
2021-04-05,0.0069004464750355154,0.005667800204478546
2021-04-06,-0.01649242649641891,-0.013376758216226636
2021-04-07,-0.003183351577321525,0.0007570375677476981
2021-04-08,-0.0031160679033108707,-0.0017192765573031954
2021-04-09,-0.018503561576928562,-0.013157878139414936
2021-04-12,-0.013413436823876856,-0.012565445026177957
2021-04-13,-0.002004300512543855,0.0054435851338812125
2021-04-14,0.021929257102286215,0.023906624361774487
2021-04-15,0.006437691109208332,0.006523829363100253
2021-04-16,0.004689019147264828,-0.003957103739530954
2021-04-19,-0.01871657035642449,-0.01774095758677552
2021-04-20,-0.013599149538344513,-0.007880089838302129
2021-04-21,-0.0167002902952883,-0.017993938612882343
2021-04-22,0.011121868049153827,0.01116596940701764
2021-04-26,0.01853233090729023,0.02243935325112134
2021-04-27,0.010498124252339425,0.010246418241246058
2021-04-28,-0.00453479378802768,-0.006510416884519921
2021-04-29,0.010213572998766018,0.010967803648754826
2021-04-30,-0.009830047309554168,-0.005936102153929701
2021-05-03,0.011588901292640674,0.018189305756005858
2021-05-04,-0.005654198322918247,-0.0033032387308998823
2021-05-05,0.002340261191581705,
2021-05-06,0.009301535500525704,0.00967199785466688
2021-05-07,0.008220613500532492,0.011186998007525872
2021-05-10,0.013226383235754424,0.016628006350405622
2021-05-11,-0.010950746052045601,
2021-05-12,-0.0028001984050903816,-0.01544373227480722
2021-05-17,0.010965941594569095,0.009795437499944493
2021-05-18,0.0038424785536599337,0.0038670935327296263
2021-05-20,-0.00039033255866283145,
2021-05-21,0.001997729012509941,-0.006659670497822345
2021-05-24,0.00042774481912633,0.0030235148627062447
2021-05-25,-0.03461820460732257,
2021-05-26,0.020307329772352833,-0.011140235910878094
2021-05-27,-0.008225472971539083,-0.013121304723740845
2021-05-28,0.004239683249267934,0.011885625720212456
2021-05-31,0.0014686652204201067,
2021-06-01,0.005574669417083289,
2021-06-02,0.003769242172864118,-0.0015077344006062532
2021-06-03,-0.0008208251858693449,-0.0006565126260874576
2021-06-04,0.005328352104101874,0.003810306802112029
2021-06-07,0.0036865430392349907,0.011780104712041828
2021-06-08,0.0008061600553941339,0.0010349130568807485
2021-06-09,0.00196993678081947,0.0015508041172938025
2021-06-10,0.0021744281521551834,0.006129032258064493
2021-06-11,0.0017714987179857644,0.0014748629869349994
2021-06-14,-0.0071669780461564025,-0.0004482476759510856
2021-06-15,-0.009781317029521452,-0.005572962211218724
2021-06-16,-0.007183564702676448,-0.0065705186045957875
2021-06-17,-0.012834112806167641,-0.010958308182352328
2021-06-18,-0.016283431304068396,-0.016062413437161527
2021-06-21,0.008966592987670774,0.008928506068622166
2021-06-22,0.007750143890400851,0.007330668349090352
2021-06-23,-0.004614207173206597,-0.008457368387271402
2021-06-24,0.0069179680427013945,0.006744215159495859
2021-06-25,-0.013531028591418415,-0.013398151018761295
2021-06-28,-0.012320132384042837,-0.010318200308759407
2021-06-29,8.264523918932731e-05,-0.0024887006749132468
2021-06-30,-0.010433994609210795,-0.013553591089640937
2021-07-01,0.013546718920864231,0.01121062556590724
2021-07-02,0.005463810859443807,0.003244728317027379
2021-07-05,0.011025254331039624,
2021-07-06,-0.005221417477060064,
2021-07-07,0.005853272243687924,0.007055503524060702
2021-07-08,-0.007685297316493145,-0.013011276863492571
2021-07-09,0.002686250431864101,0.00635480308569214
2021-07-12,-0.018511694883728502,-0.014443101137051495
2021-07-13,-0.008137938515257459,-0.006134551257425791
2021-07-14,0.012584515131648821,0.014470870269000846
2021-07-16,-0.004058228661056762,-0.0060843701305357545
2021-07-19,-0.009864235026217805,-0.012039145531032358
2021-07-26,0.0011127563395005868,-0.0042684689651463215
2021-07-27,0.011369718558579711,0.009610662984498086
2021-07-28,-0.0013977671255412938,-0.00027386820786368116
2021-07-29,0.024217674927421662,0.027469498729040476
2021-07-30,0.0015591681342701502,0.0006000562700263501
2021-08-02,0.003055742868392386,0.001998933836884209
2021-08-03,0.012684368779585009,0.007314802262822218
2021-08-04,0.006144964449535273,0.0004620749599371088
2021-08-05,0.010053666602302336,0.015638370948119373
2021-08-06,0.0030944585364354182,0.003313473114631371
2021-08-09,0.0021768204940353364,-0.0038852553327011208
2021-08-10,0.009281509459157844,0.005395518750802353
2021-08-11,-0.016025387318714057,-0.01926802484690493
2021-08-12,0.021430491868041246,0.0283491552055406
2021-08-13,0.002945952793590445,0.0014104058872981273
2021-08-16,0.005048886313710144,0.0055057462137884094
2021-08-17,0.004824493513415629,0.005029940492081719
2021-08-18,-0.008607737737800769,-0.010072869441914767
2021-08-19,-0.003445239050405502,-0.007359529105129825
2021-08-20,0.002524109648255335,0.004190574497007882
2021-08-23,0.012107947096733795,0.01206988259039532
2021-08-24,0.010946851792500434,0.005328612207542216
2021-08-25,-0.009906332101103477,-0.008455340737761219
2021-08-26,0.0012325125774172996,-0.003436441599952267
2021-08-27,0.012044844353417128,0.005108556832694733
2021-08-31,0.003918528512750097,0.009085164439723847
2021-09-01,0.009611154350114282,-0.0008185158900448908
2021-09-02,0.004683531136824515,0.0029615319293476716
2021-09-03,-0.003930077971164958,-0.008732740321764854
2021-09-07,-0.013864622690509143,-0.01572467597983107
2021-09-08,-0.01403967409731377,-0.014179376319847004
2021-09-09,0.022484727073631694,0.011649869452692752
2021-09-10,-0.008456010626507138,-0.011708744825224882
2021-09-13,0.000574165143059302,0.0009113555907840354
2021-09-14,-0.006717342495389356,-0.0030566800510543057
2021-09-15,-0.008440544906683445,-0.009720154071859888
2021-09-16,-0.0021417038824406154,-0.002042144654767819
2021-09-17,0.005348745201426475,0.0031024827355803364
2021-09-20,-0.017638047932354795,-0.018886517263076774
2021-09-21,-0.0026556741102408132,-0.004091471920348866
2021-09-22,0.009124360626399763,0.018116851737027373
2021-09-23,-0.0049352102382228535,-0.008864128316841136
2021-09-24,-0.008491890742744479,-0.01321500913225726
2021-09-27,0.011294941121309465,0.007034172752155898
2021-09-28,-0.008088892396536651,-0.006783514957569015
2021-09-29,0.005418305345721963,0.006829845315424077
2021-09-30,0.009811973281288244,0.010947630123269825
2021-10-01,-0.006410972340461507,-0.004251861912942134
2021-10-04,-0.0019711976679817056,-0.006138292595720629
2021-10-05,-0.00012607898554140018,-0.0005370077678055196
2021-10-06,-0.0163500094638237,-0.014441160192682045
2021-10-07,0.011808516260181756,0.022081306662278477
2021-10-08,-0.0005384684007959661,-6.666372554020583e-05
2021-10-11,0.007256627429114593,0.015470841304277005
2021-10-12,-0.0010610835718344314,0.0011819849619767453
2021-10-13,0.00040847356724715844,-0.002820363916219981
2021-10-14,-0.0014591371178217516,-0.000855126479228363
2021-10-15,0.0018183238743894048,-0.0021066169663429557
2021-10-18,0.013234620736792824,0.0050138378025603725
2021-10-19,0.0031661725468705715,0.008008370077693394
2021-10-20,-0.003380434979463831,0.0038421623520872306
2021-10-21,0.014118833159369126,0.01673697621026582
2021-10-22,0.013419960263664432,0.01729086629340726
2021-10-25,0.006846480822036982,0.008278945665925797
2021-10-26,0.0119805571153071,0.011196815298183393
2021-10-27,0.007993231392503963,0.0059670727041511995
2021-10-28,0.0030454763770797477,0.00024454371174065237
2021-11-01,0.012982175937243268,0.011004463249573382
2021-11-02,4.673922050812962e-05,-0.0012094092393137856
2021-11-03,0.00802014244492999,0.011140052647581555
2021-11-04,0.02472623802103624,0.02143587171514394
2021-11-05,0.011557737932014867,0.006624026376747194
2021-11-08,0.014820434896192003,0.01764503243052573
2021-11-09,0.012488542638810829,0.006580829756795525
2021-11-10,0.004780022608088519,0.005685048322910724
2021-11-11,-0.0030381638742672523,-0.0010175516269785856
2021-11-12,0.010028761193623614,0.007412911961412805
2021-11-15,0.04530677749100831,0.044655393933360044
2021-11-16,-0.00867022289784325,-0.008764409291415975
2021-11-17,0.01927388374268313,0.01350692943534737
2021-11-18,0.010974433198611466,0.020819965695655362
2021-11-19,-0.0015542834138100314,-0.005190596214866727
2021-11-22,0.018268916240803845,0.007114999381413467
2021-11-23,0.019000299187882597,0.01784498150100422
2021-11-24,0.018216707534707943,0.013470411913560465
2021-11-25,0.004310137575458617,0.00045658707201545745
2021-11-26,-0.02293629227224936,-0.029258126812121366
2021-11-29,0.022773734217000685,0.019483872901238986
2021-11-30,0.016910836387929118,-0.004560077146287811
2021-12-01,0.02117400102226452,0.02794931304977344
2021-12-02,0.013204854165198121,0.011416578592383875
2021-12-03,0.012702548566990046,0.014357085786015578
2021-12-06,0.011118506193782629,0.012445703165308464
2021-12-07,0.024053387768173007,0.03345552918989436
2021-12-08,0.009496622066388571,0.012920958364105228
2021-12-09,0.002296263721634162,0.0167165778623648
2021-12-10,0.010653217539821958,0.002174132041836252
2021-12-13,0.03060587989261543,0.037015230375567976
2021-12-14,0.015304805139763955,0.03242532244225327
2021-12-15,0.0028658692414751386,0.007260836684354066
2021-12-16,0.043285265868477474,0.05946938373756039
2021-12-17,-0.08522777489442845,-0.09070413323897342
2021-12-20,-0.02862294084125916,-0.00848305582033837
2021-12-21,-0.07000047335087456,-0.08323093859068353
2021-12-22,-0.03291576453829492,-0.05173485311602655
2021-12-23,0.006837176568426306,0.0016149950199082497
2021-12-24,0.022614890200841842,0.051496560767624766
2021-12-27,0.006650444951493695,0.0012458565529960275
2021-12-28,-0.027907188596268506,-0.027041198703182445
2021-12-29,0.021053248755795062,0.026267904851569712
2021-12-30,0.000712200651884487,-0.022096580826015177
2021-12-31,-0.0065856264272611265,-0.007450226220789946
2022-01-03,0.023282421569395195,0.04172839506172843
2022-01-04,-0.00020782755661241659,0.0225171841668641
2022-01-05,0.006484601436542059,0.025637482071453332
2022-01-06,-0.01186513092972974,0.003299755307600183
2022-01-07,0.008940612881791044,0.01666966947742954
2022-01-10,0.0030839047385931018,0.00531773441491179
2022-01-11,0.010310529245460165,0.004187604509853893
2022-01-12,0.020858278058317747,0.008779245486436826
2022-01-13,0.012969864446837454,0.004743005909475517
2022-01-14,0.0002085043601303127,-0.00298826433250321
2022-01-17,0.022023470730844652,0.004126666781201882
2022-01-18,-0.05207237273635956,-0.05273409817207153
2022-01-19,0.038824222857582136,0.03393161185776239
2022-01-20,-0.0019594170771779496,-0.015194303155366629
2022-01-21,-0.0017959100932026795,-0.003005110790739174
2022-01-24,-0.028976836741501755,-0.053983537393418435
2022-01-25,0.015722600575860612,0.02220752174673235
2022-01-26,-0.0002849341651806059,0.002698085422411234
2022-01-27,0.0168335976098839,0.025239003873583243
2022-01-28,-0.0062172040779301385,-0.010317697675957693
2022-01-31,0.00814210580114949,0.0071331036379744805
2022-02-01,0.00267034689167156,0.006537683512805037
2022-02-02,-0.00036446331944517407,-0.004916509852841755
2022-02-03,-0.021288482779492357,-0.023616379742515292
2022-02-04,-0.006595242454789707,-0.00793876400011595
2022-02-07,0.01543752256358566,0.032757734661892135
2022-02-08,0.0044527191051786374,0.007521907830355445
2022-02-09,-0.00046219816808257264,0.019743603482685
2022-02-10,-0.000228869239269347,-0.0026462028130979087
2022-02-11,0.003077690631385188,0.008180773325773272
2022-02-14,-0.0274727354149914,-0.023597441550917808
2022-02-15,0.014383925338097958,0.019585756076974548
2022-02-16,0.0024578838213036303,-0.0005286827323828236
2022-02-17,-0.009215593352225993,-0.01569323238097875
2022-02-18,0.02614559324779475,0.011554503093060386
2022-02-21,-0.00783639223500976,0.004250275762067934
2022-02-22,-0.017577176440258913,-0.00916988422182996
2022-02-23,-0.009056939276091636,-0.00022246941045600543
2022-02-24,-0.07901892181412862,-0.07872714835057848
2022-02-25,0.049133099524351964,0.05376542168830989
2022-02-28,-0.021159319517567554,0.0022463311193468005
2022-03-01,0.014377138954163371,0.013355875460701938
2022-03-02,0.014722475118947864,0.009749536292597671
2022-03-03,0.015904867852776228,0.02020470662856333
2022-03-04,-0.01813126323539538,-0.019716951775515135
2022-03-07,0.002640371462144131,0.0031287712185348315
2022-03-08,0.0012634652211485076,0.006282517136239285
2022-03-09,0.016073830594392602,0.013947928339577587
2022-03-10,-0.00560657142455856,0.00034938157222774713
2022-03-11,0.01007558583614343,0.004976708747272962
2022-03-14,0.01723565363938051,0.01785320002265256
2022-03-15,-0.00952876210988396,-0.005121201882066662
2022-03-16,0.0026485423617317316,0.0036033573525739993
2022-03-17,0.01791521439494481,0.025346128488755282
2022-03-18,0.0019014084014770116,0.002126015200245579
2022-03-21,0.011471557782072983,0.013519134775374253
2022-03-22,0.016849901530543443,0.002626678573260932
2022-03-23,-0.004798153865368859,-0.004789369863517523
2022-03-24,-0.0020399838557231265,-0.004606758554135504
2022-03-25,0.0036942458785986787,-0.002975186434659105
2022-03-28,-5.950764722517654e-05,-0.00530505991756014
2022-03-29,0.01619550266366554,0.01908335367838543
2022-03-30,0.010427154193188626,0.012633862837052146
2022-03-31,0.0054318120318506136,0.00020188153989475488
2022-04-01,0.011889401320447579,0.009486517222351498
2022-04-04,0.026237756023851366,0.030511476913641422
2022-04-05,0.013112954744479932,0.005122216209497488
2022-04-06,0.0008042030434400882,-0.006679039902034556
2022-04-07,0.010802089421889871,0.01173780421266657
2022-04-08,0.022595230793988286,0.022895720978723277
2022-04-11,0.01776575643970002,0.025800860942532866
2022-04-12,0.008052320336494168,0.006773083642613198
2022-04-13,-0.00018919327017219434,0.0021091854373251895
2022-04-14,0.0041889714379981235,0.005878706484349072
2022-04-15,0.005535120780641556,0.00577221420819396
2022-04-18,0.010125390576386506,0.006205405299372746
2022-04-19,0.010743908200463226,0.004456010344210171
2022-04-20,0.0056605007416377084,0.0013131104219723522
2022-04-21,0.00986975332469231,0.014567271240814916
2022-04-22,-0.028930812717420706,-0.03395631481986894
2022-04-25,-0.0037606838920907215,0.0060029122418956415
2022-04-26,-0.019481074794737596,-0.02793053449062366
2022-04-27,0.021117946410305954,0.0151616007471016
2022-04-28,-0.00847591022350025,-0.01398801654770443
2022-04-29,0.00032280428727449184,-0.0008867099309438631
2022-05-05,0.017729248131240993,0.014679853847832991
2022-05-06,-0.009104559702335369,-0.0064137957909342624
2022-05-10,0.003606089987858052,0.013130036985403493
2022-05-11,-0.02122965624296791,-0.012382241658756676
2022-05-12,-0.01786246402431857,-0.027158435376134826
2022-05-13,0.009845563132246271,0.007702423445425488
2022-05-16,-0.003533771346470038,-0.01327371277265088
2022-05-17,0.008153109305355732,0.0018893591991036018
2022-05-18,0.009797250645116051,0.0013578101338345139
2022-05-20,-0.0032396680290731616,-0.008738211364171411
2022-05-23,-0.01045439917101365,0.004901551069388388
2022-05-24,-0.009662110209747055,-0.004612981206608691
2022-05-25,0.026430950879086312,0.021994264897910565
2022-05-26,0.02107057847400684,0.015685473105963688
2022-05-27,-0.017530516923842998,-0.008453522956419102
2022-05-30,0.025468374469892918,0.03912160915298024
2022-05-31,0.007921092871312041,0.007849439764251676
2022-06-01,0.01849975856936159,0.006096632397845303
2022-06-02,0.009119256451608715,0.01600763489990742
2022-06-03,0.0061254346186907505,-0.0037578935797398794
2022-06-06,0.02383005554793871,0.01820261568503656
2022-06-07,-0.009029430718148213,-0.002651003874071911
2022-06-08,-0.04753404963642516,-0.043653125798687964
2022-06-09,0.012477285689707074,0.011331260666581189
2022-06-10,0.011243239424072904,-0.015291347717003023
2022-06-13,-0.0158211815008511,-0.011127843535458037
2022-06-14,0.007626191034196816,-0.0024604873713737208
2022-06-15,0.019899991683831386,0.007834922710790782
2022-06-16,-0.021848846690214918,-0.021234479035450837
2022-06-17,0.021540039825445723,0.020996542620426606
2022-06-20,0.0043678737746304375,0.0030972603951446853
2022-06-21,0.008273877633219184,0.016551809013515495
2022-06-22,0.001587125376724119,-0.00349667866832859
2022-06-23,-0.010105108957159104,-0.01669378859639814
2022-06-24,-0.003953044471239564,0.0031359085242239626
2022-06-27,-0.018438681379016053,-0.010384442092615798
2022-06-28,-0.0011097364434246026,-0.017029209114181154
2022-06-29,-0.035612313278515106,-0.03823138366827972
2022-06-30,-0.0006362614866640692,0.002112378577848295
2022-07-01,0.01614433901485679,0.017821554832972764
2022-07-04,-0.019973901206119526,-0.018262605298689172
2022-07-05,4.5340042811314873e-05,-0.014690107987655465
2022-07-06,0.011041962787772253,0.013819144906195513
2022-07-07,0.004617523791354383,0.003302141751929444
2022-07-08,0.003433752946458535,0.0021431678745693628
2022-07-13,-0.011563772533852767,-0.020659931122996467
2022-07-14,-0.015868831827882346,-0.014661765512283043
2022-07-19,0.04261844297440498,0.021038941560436175
2022-07-20,0.00554451222363439,0.011464145892410738
2022-07-21,-0.012419896100847372,-0.006370824083561488
2022-07-22,0.004044270182467891,0.0009691543357119858
2022-07-25,0.008555361299090514,0.014263388024943868
2022-07-26,-0.0002862579690298128,-0.008188011319304245
2022-07-27,0.00992329113754331,0.0017770061139097404
2022-07-28,-0.004611476827815375,-0.002956393200295615
2022-07-29,0.013821307009755923,0.02316530763528557
2022-08-01,0.03060348523116918,0.026661872000090403
2022-08-02,-0.004078233511176199,-0.0005292685326252489
2022-08-03,0.012306157090701042,0.015815788725195734
2022-08-04,0.00967333204577181,0.01532637073502685
2022-08-05,0.008068795918432015,0.011877443495421858
2022-08-08,0.014439408546370158,0.018740324538065734
2022-08-09,-0.001661830912944473,-0.005013978339289293
2022-08-10,0.009882969815407483,0.0182546141070834
2022-08-11,-0.003476889069005673,0.01661639747745891
2022-08-12,0.0013626803429809264,-0.0048034761961506245
2022-08-15,0.004674842443755045,-0.006543553991537054
2022-08-16,0.021288742743874156,0.025531514145516132
2022-08-17,0.027527499908795994,0.02680353631679977
2022-08-18,0.01250749959298969,0.018517387327820378
2022-08-19,0.002240298241677152,-0.0030706109891636135
2022-08-22,0.010112738783013553,0.012533881946757752
2022-08-23,0.008010504854454092,0.023974489135256682
2022-08-24,-0.015876069838550833,-0.021942495612929935
2022-08-25,0.01447393230208549,0.028359211540013307
2022-08-26,0.005667801055761368,0.0028366577487570765
2022-08-29,0.009312385098012799,0.009215005863233872
2022-08-31,0.0010735835869297716,-0.0018493257033275201
2022-09-01,0.004774231472016277,-0.015574283872286432
2022-09-02,0.011790228028666583,0.02752451062391481
2022-09-05,0.025209657812671704,0.050082995376755424
2022-09-06,-0.007569049572668574,0.009211830720026626
2022-09-07,0.012037854796347558,0.006832311322745088
2022-09-08,0.013425513942400435,0.010138682062353244
2022-09-09,0.005854435403834568,0.026552666526902247
2022-09-12,0.02283702941061727,0.041126715807588754
2022-09-13,-0.04918562711337393,-0.06884303270311243
2022-09-14,0.042606247147868315,0.005096077282884304
2022-09-15,0.0059317945781198755,-0.03044787564414919
2022-09-16,0.01410540858391407,0.004243785022021607
2022-09-19,-0.02900164816155848,-0.061942789394742515
2022-09-20,0.007569514926923704,0.035574199500507664
2022-09-21,0.0022356609856848397,-0.012180445481428714
2022-09-22,0.030209323835768354,0.01755832874547969
2022-09-23,-0.011629883454198686,-0.007203699240018069
2022-09-26,-0.013571723472213915,-0.006524721289890789
2022-09-27,-0.00809184118566586,0.007756518710191118
2022-09-28,-0.022784598780510645,-0.019916262897468284
2022-09-29,-0.04466918172030199,-0.013929520681069119
2022-09-30,0.024115105614275656,0.004999475584446467
2022-10-03,0.054659897915520395,0.07591971095151728
2022-10-04,0.02227325149483006,0.01868229299630597
2022-10-05,-0.0013298014873609487,0.008813569105723618
2022-10-06,0.019192840837910286,0.021789183580466887
2022-10-07,0.0008264716290165008,0.0023039704803782257
2022-10-10,0.006785407266390653,0.0013791796992328464
2022-10-11,-0.0007064948299749796,-0.0027290920767035765
2022-10-12,-0.016178138799153974,-0.017109949448529393
2022-10-13,0.015340144241000164,0.010590395810063935
2022-10-14,0.01955311109324187,0.017740332014398952
2022-10-17,0.04972431178761094,0.06724518736852825
2022-10-18,-0.004795465421160383,-7.106902631270895e-05
2022-10-19,-0.01116706495154407,0.009624865462790622
2022-10-20,0.004330738134294743,0.00363952303720394
2022-10-21,0.003580800555231578,0.005755351468156533
2022-10-24,0.007013974698506065,0.01188678471633886
2022-10-25,-0.007054751296241446,0.00022988505747134624
2022-10-26,0.010435121246802792,-0.0020914956690991637
2022-10-27,-0.00045057689922534117,-0.013335153653011522
2022-10-28,-0.008697033328316617,-0.016690009337068212
2022-10-31,0.032374077254185396,0.02801186943620171
2022-11-01,0.018500227888320397,0.019697449414039836
2022-11-02,0.014265768540064228,0.0005888169236045737
2022-11-03,0.0031278354368986516,0.005296012778593706
2022-11-04,0.02674240301173847,0.03212666072025727
2022-11-07,0.03009054300064329,0.03348238630166844
2022-11-08,0.012068073904549337,0.006289532437209866
2022-11-09,0.01767413499444559,-0.0019505442905461967
2022-11-10,0.01734842177727325,0.026373857307975257
2022-11-11,0.004780580896932118,-0.009807514812397722
2022-11-14,0.052554710705290386,0.023882880351458358
2022-11-15,0.018884795854005265,0.02328536279455906
2022-11-16,-0.006474088337214301,0.005743175949220802
2022-11-17,-0.02513741566130312,-0.034909713960704525
2022-11-18,-0.0001664120809070635,8.131236367892036e-05
2022-11-21,0.007585273019389938,0.005469127242807792
2022-11-22,0.036830433167762244,0.04828735748055002
2022-11-23,0.0202302776209351,0.015932951325777323
2022-11-24,0.011301220766888553,-0.0024682920335095115
2022-11-25,0.011158310848315978,0.002169932439151756
2022-11-28,0.0026927823986397925,0.010635872886629372
2022-11-29,0.0066545204817953785,0.010166805868844442
2022-11-30,0.01957134701389185,-0.00202777570364443
2022-12-01,0.010646401025834695,0.01289989496910282
2022-12-02,-0.00850611494037401,-0.022066383279746415
2022-12-05,0.004280013529875948,0.0009785473098082864
2022-12-06,0.0028493109282079487,0.008930418107524485
2022-12-07,-0.028282954919868764,-0.03464145530089169
2022-12-08,0.000628279673363874,0.003918502979924687
2022-12-09,0.035329264934518934,0.029803108333510187
2022-12-12,0.04474943072729021,0.042346671130285785
2022-12-13,0.0031590174904270185,0.011858221236201949
2022-12-14,-0.046442253834476865,-0.03788415369622744
2022-12-15,0.020772064817266234,0.024987174845267024
2022-12-16,0.0011487964337215661,0.0021721353972872226
2022-12-19,0.04928766856656819,0.03976570337529517
2022-12-20,0.014866160425558883,0.007769498485282522
2022-12-21,-0.0022418874714350556,0.00191462882260085
2022-12-22,0.01058680830317793,0.003787782854888233
2022-12-23,0.0023713822854949385,0.0003399510357635638
2022-12-26,0.004138497752358861,
2022-12-27,-0.016409476879547302,
2022-12-28,-0.013427314707779692,-0.014855325279037324
2022-12-29,0.03009664663922096,0.021729418435548098
2022-12-30,0.013187284070058647,0.0050039911410701965
2023-01-02,0.03645259689949576,0.02804134719239082
2023-01-03,-0.011998947981846309,-0.002454389266137613
2023-01-04,-0.01254014287669758,-0.0176659058988764
2023-01-05,-0.030649169409202925,-0.07165035121714025
2023-01-06,-0.007040754276011918,0.04305985825379466
2023-01-09,-0.03305811696881933,-0.03159114211298786
2023-01-10,-0.029107967145457936,-0.03433106145767251
2023-01-11,-0.038854296824614054,-0.048016798077595735
2023-01-12,0.05973530926458803,0.05601714143576064
2023-01-13,0.006436208502752949,0.001925934112525729
2023-01-16,0.03662518188213659,0.04474222076616652
2023-01-17,0.009010513557371702,0.02041424335654951
2023-01-18,0.017812988886098946,0.01160855527339244
2023-01-19,0.0027728023978703664,0.010236176809719666
2023-01-20,0.014998452233974335,0.01579513323615611
2023-01-23,-0.016300430237918162,-0.013978031706132987
2023-01-24,-0.007890220535235137,-0.005804703562084734
2023-01-25,-0.015839926761141876,-0.01123843616522624
2023-01-26,-0.016066296627944787,-0.016212987456267536
2023-01-27,-0.0008678646492318309,-0.0016132890428485203
2023-01-30,-0.02649762930325139,-0.021736880284050186
2023-01-31,-0.020746455296869137,-0.026340613913860333
2023-02-01,-0.0574498313512275,-0.05131522760954521
2023-02-02,0.001950338211959446,0.013325604208729969
2023-02-03,0.04291719204010369,0.05148208718050862
2023-02-06,-0.005188199750768341,-0.013679646935237821
2023-02-07,-0.07962988041013686,-0.08795486509614014
2023-02-08,-0.06121259882306429,0.0
2023-02-15,0.1688816832595328,0.09974716071305956
2023-02-21,-0.009398678321779541,-0.006644657301787094
2023-02-22,-0.012105121875580327,-0.019578408549582038
2023-02-23,0.004531036899987351,0.00035627760531697916
2023-02-24,-0.010177602428038446,-0.009437993994999783
2023-02-27,0.026525906220520534,0.03178366260087495
2023-02-28,0.0029011924579487314,0.004233943161693121
2023-03-01,0.015682976833991447,0.017853097638117266
2023-03-02,-0.006445641604684305,-0.013329729998767359
2023-03-03,-0.02169742508264283,-0.009657228817434693
2023-03-06,0.0362782861482851,0.03820322721325775
2023-03-07,-0.005957630023496474,-0.0038982097475425137
2023-03-08,0.024833123401402757,0.015012736017437467
2023-03-09,-0.0020094734859529284,-0.0011798663196852521
2023-03-10,-0.0021989142703049414,-0.013294131314846358
2023-03-13,-0.0068709655087264565,-0.010218641783860671
2023-03-14,-0.028239798239932834,-0.02339136385166607
2023-03-15,-0.02535727864983406,-0.01264740793299457
2023-03-16,0.020101604436013165,0.02028309598217648
2023-03-17,-0.017164509655228644,-0.025750288375698593
2023-03-20,-0.02294383144960488,-0.029434784510531498
2023-03-21,-0.017804648038733717,-0.01205036368476542
2023-03-22,0.023308083195119123,0.021706909786904482
2023-03-23,0.01994145011669457,0.012137797770757963
2023-03-24,0.002595662336871696,-0.007313715314688163
2023-03-27,-0.007397276208953474,-0.00931770941436405
2023-03-28,-0.03487369122352324,-0.03720245167696146
2023-03-29,0.022711397208957207,0.03350939905105865
2023-03-30,-0.0006494941182337843,-0.013170651033605152
2023-03-31,-0.01055682120262702,-0.017188909693169108
2023-04-03,0.010263607494184424,0.009481302856748641
2023-04-04,0.03176537206010632,0.03332212695788006
2023-04-05,-0.00844573886868405,-0.018196962062874023
2023-04-06,0.01125362543086994,-0.0015491115548521561
2023-04-07,0.005646058465799131,-0.0009605089236239817
2023-04-10,0.02477820302059719,0.036847415353777224
2023-04-11,0.014654781511908244,0.005884345754418874
2023-04-12,0.007473289288182583,0.007232597185157452
2023-04-13,0.007436862702981051,-0.0023407319586911113
2023-04-14,-0.003636127855223603,-0.009790777095556091
2023-04-17,0.011287906600112585,-0.003580926280762897
2023-04-18,-0.011364622486239484,-0.0099767217392277
2023-04-19,0.008675552315018376,0.007621127201970168
2023-04-20,-0.01096129247108335,-0.011345271139448165
2023-04-24,-0.0037269733827515195,-0.0007070035486498316
2023-04-25,-0.03255020214468474,-0.025198720239355432
2023-04-26,-0.020124782178942535,-0.022072025326325018
2023-04-27,0.005083309564258398,0.000970485315137104
2023-04-28,-0.04504032535429936,-0.03836644210444218
2023-05-02,-0.02383996402665567,-0.01795172097419928
2023-05-03,-0.015089582706699356,0.0020332599810515273
2023-05-04,-0.0023238051758890377,-0.004942360384205258
2023-05-05,-0.016747147440417054,-0.01952474236256463
2023-05-09,-0.014491819865822486,-0.00558364425551916
2023-05-10,-0.012719558967754008,-0.008024173437413462
2023-05-11,0.06767675445640986,0.08374150849307505
2023-05-12,-0.015152846811204546,-0.009779280459833783
2023-05-15,-0.040670412838113124,-0.06611925902606586
2023-05-16,0.054597202251235544,0.019327445349885952
2023-05-17,0.017468933867800462,0.011121173172142562
2023-05-18,-0.039885913394247074,-0.03645551839414107
2023-05-22,0.26370251378476106,-0.006917514795708013
2023-05-23,-0.0005510928081652322,0.0034524074780875047
2023-05-24,-0.010534572909578044,-0.012041852790681817
2023-05-25,0.003377256555809671,-0.0011061746631688685
2023-05-26,0.03579740232602324,0.03711906664004383
2023-05-29,0.042439714113007065,0.040832870367956575
2023-05-30,0.045485351677342134,0.03932594796799793
2023-05-31,-0.009108493889923297,-0.017328731164975575
2023-06-01,0.012731916378590391,0.013058315182151059
2023-06-02,0.034332917546490815,0.03703562244808034
2023-06-05,0.04253358371178462,0.05565004140336027
2023-06-06,0.0048799926394764714,0.005987773845877564
2023-06-07,0.033557961195655794,0.03619662288270753
2023-06-08,-0.0010609619233287182,-0.0006757481370963658
2023-06-09,0.016231335200542985,0.011303026200529365
2023-06-12,-0.01435330707064153,-0.009091069519344352
2023-06-13,-0.02635689589613277,-0.02991736766517017
2023-06-14,-0.015999415290295693,-0.01159401067771515
2023-06-15,0.03305322921041309,0.027867116087891608
2023-06-16,-0.004512841900279674,-0.004744142897592951
2023-06-19,-0.03814787007078069,-0.037757175890192674
2023-06-20,-0.019863195465199435,-0.0023151030466895817
2023-06-21,-0.02114941502877432,-0.012490008509742023
2023-06-22,0.04137372066768208,0.047222428455723664
2023-06-23,0.026076682417172092,0.028560603094392123
2023-06-26,0.028953015313220254,0.026291712236529374
2023-06-27,0.009053606920964574,-0.0002656705559940242
2023-07-03,0.04136548168154275,0.04485544284225318
2023-07-04,0.0011785250811517933,-0.0034565461104668627
2023-07-05,0.006686692735860422,0.018603868550659097
2023-07-06,0.000974662023409234,0.004039091867962696
2023-07-07,-0.004386182802998739,0.004404510092163472
2023-07-10,0.013114160029353172,0.007045504539433756
2023-07-11,0.02987615150020906,0.01841958721260739
2023-07-12,0.021080035933255248,-0.003149752717270693
2023-07-13,0.0256152836898198,0.004460796968917213
2023-07-14,0.005465216615519575,0.008853616331754965
2023-07-17,0.019370684230277657,0.023759791752279602
2023-07-18,-0.04873881717669515,-0.03714167585446526
2023-07-19,0.04410823924896379,0.03176123986885426
2023-07-20,0.02405920273705342,0.013192955294465403
2023-07-21,0.001034273596377755,-0.005107113669815866
2023-07-24,-0.004626214913613813,-0.00404618505336074
2023-07-25,-0.008045647262468592,-0.008898947612456576
2023-07-26,0.019969067379051575,0.022851472948432816
2023-07-27,0.019451728340534435,0.020173657557647218
2023-07-28,0.03195869490457848,0.03534064734209874
2023-07-31,0.01505374517207092,0.016376780123837253
2023-08-01,-0.009634711113485683,-0.008062775172396064
2023-08-02,0.010383791726414016,0.012070838218416702
2023-08-03,0.006971397542949731,-0.012369544638904717
2023-08-04,0.016860436282151836,0.027430904206033224
2023-08-07,0.011984914363571963,0.008027010573188997
2023-08-08,-0.008741264484171452,-0.008655546559486638
2023-08-09,0.03435497801087717,0.030247091403294846
2023-08-10,-0.022797164449393836,-0.01857186686978718
2023-08-11,0.028902355137771618,0.033590779661637704
2023-08-14,0.010081247211893407,-0.0017425836462878763
2023-08-15,-0.019070296903508477,-0.005714877502645099
2023-08-16,-0.005293628497225034,-0.007623512325369175
2023-08-17,0.009346941709968748,0.013389232241979299
2023-08-18,-0.035912914667469376,-0.033718401022311495
2023-08-21,0.03596019812206519,0.039844642286278154
2023-08-22,-0.009438935269294402,-0.010602920460258347
2023-08-23,-0.023694542128456453,-0.02634016154631935
2023-08-24,-0.013168830870689874,-0.006732301621299119
2023-08-25,0.0225875807902729,0.027945005567917125
2023-08-28,0.023454813913089012,0.03282315706097649
2023-08-29,0.024112743246146984,-0.006091275558722575
2023-08-31,0.009383111187781568,-0.008756812935816427
2023-09-01,0.002665117482385293,0.017026359349919806
2023-09-04,0.011963347499822197,0.008803184933786401
2023-09-04,0.011963347499822197,0.008803184933786401
2023-09-05,0.008278241840172562,0.013895050483833549
2023-09-06,-0.0023267802557959127,-0.005349332963048847
2023-09-07,0.00923354438752133,0.015341125244783038
2023-09-08,0.0020121242034758513,-0.000803523211652446
2023-09-11,-0.018757868180336756,-0.024307595783541802
2023-09-04,0.011963347499822197,0.008803184933786401
2023-09-05,0.008278241840172562,0.013895050483833549
2023-09-06,-0.0023267802557959127,-0.005349332963048847
2023-09-07,0.00923354438752133,0.015341125244783038
2023-09-08,0.0020121242034758513,-0.000803523211652446
2023-09-11,-0.018757868180336756,-0.024307595783541802
2023-09-12,-0.006699685119730181,-0.0017878533447821532
2023-09-13,-0.016751193267249942,-0.017037855439902327
2023-09-14,0.01702597163310715,0.016611499127425322
2023-09-15,-0.02455068388725057,-0.02562732010868074
2023-09-18,-0.031062891197021103,-0.03196293583687537
2023-09-04,0.011963347499822197,0.008803184933786401
2023-09-05,0.008278241840172562,0.013895050483833549
2023-09-06,-0.0023267802557959127,-0.005349332963048847
2023-09-07,0.00923354438752133,0.015341125244783038
2023-09-08,0.0020121242034758513,-0.000803523211652446
2023-09-11,-0.018757868180336756,-0.024307595783541802
2023-09-12,-0.006699685119730181,-0.0017878533447821532
2023-09-13,-0.016751193267249942,-0.017037855439902327
2023-09-14,0.01702597163310715,0.016611499127425322
2023-09-15,-0.02455068388725057,-0.02562732010868074
2023-09-18,-0.031062891197021103,-0.03196293583687537
2023-09-19,0.014321606931430253,0.013732977769123522
2023-09-20,-0.01548228159355225,-0.007619443148182747
2023-09-21,0.028485037215601583,0.03393720357902441
2023-09-22,-0.008453429024613213,0.0016844834297153888
2023-09-25,0.029019630848695632,0.03236538669928901
2023-09-04,0.011963347499822197,0.008803184933786401
2023-09-05,0.008278241840172562,0.013895050483833549
2023-09-06,-0.0023267802557959127,-0.005349332963048847
2023-09-07,0.00923354438752133,0.015341125244783038
2023-09-08,0.0020121242034758513,-0.000803523211652446
2023-09-11,-0.018757868180336756,-0.024307595783541802
2023-09-12,-0.006699685119730181,-0.0017878533447821532
2023-09-13,-0.016751193267249942,-0.017037855439902327
2023-09-14,0.01702597163310715,0.016611499127425322
2023-09-15,-0.02455068388725057,-0.02562732010868074
2023-09-18,-0.031062891197021103,-0.03196293583687537
2023-09-19,0.014321606931430253,0.013732977769123522
2023-09-20,-0.01548228159355225,-0.007619443148182747
2023-09-21,0.028485037215601583,0.03393720357902441
2023-09-22,-0.008453429024613213,0.0016844834297153888
2023-09-25,0.029019630848695632,0.03236538669928901
2023-09-26,0.007447569451694225,-0.008006860302552266
2023-09-27,-0.0031374837005619938,-0.004267075614508786
2023-09-28,0.002829500655937345,0.007838993070452771
2023-09-29,0.022615010136495473,0.013723953840955039
2023-10-02,0.009463573271834003,0.016482141719333487
2023-09-04,0.011963347499822197,0.008803184933786401
2023-09-05,0.008278241840172562,0.013895050483833549
2023-09-06,-0.0023267802557959127,-0.005349332963048847
2023-09-07,0.00923354438752133,0.015341125244783038
2023-09-08,0.0020121242034758513,-0.000803523211652446
2023-09-11,-0.018757868180336756,-0.024307595783541802
2023-09-12,-0.006699685119730181,-0.0017878533447821532
2023-09-13,-0.016751193267249942,-0.017037855439902327
2023-09-14,0.01702597163310715,0.016611499127425322
2023-09-15,-0.02455068388725057,-0.02562732010868074
2023-09-18,-0.031062891197021103,-0.03196293583687537
2023-09-19,0.014321606931430253,0.013732977769123522
2023-09-20,-0.01548228159355225,-0.007619443148182747
2023-09-21,0.028485037215601583,0.03393720357902441
2023-09-22,-0.008453429024613213,0.0016844834297153888
2023-09-25,0.029019630848695632,0.03236538669928901
2023-09-26,0.007447569451694225,-0.008006860302552266
2023-09-27,-0.0031374837005619938,-0.004267075614508786
2023-09-28,0.002829500655937345,0.007838993070452771
2023-09-29,0.022615010136495473,0.013723953840955039
2023-10-02,0.009463573271834003,0.016482141719333487
2023-10-03,0.0044059604257631335,-0.0011071289801986017
2023-10-04,-0.022593370040661864,-0.023364141652672754
2023-10-05,0.01625605569453259,0.018122903949784552
2023-10-06,7.222416011298805e-05,-0.004210854544650977
2023-10-09,-0.029982701498604825,-0.026875481407937052
2023-09-04,0.011963347499822197,0.008803184933786401
2023-09-05,0.008278241840172562,0.013895050483833549
2023-09-06,-0.0023267802557959127,-0.005349332963048847
2023-09-07,0.00923354438752133,0.015341125244783038
2023-09-08,0.0020121242034758513,-0.000803523211652446
2023-09-11,-0.018757868180336756,-0.024307595783541802
2023-09-12,-0.006699685119730181,-0.0017878533447821532
2023-09-13,-0.016751193267249942,-0.017037855439902327
2023-09-14,0.01702597163310715,0.016611499127425322
2023-09-15,-0.02455068388725057,-0.02562732010868074
2023-09-18,-0.031062891197021103,-0.03196293583687537
2023-09-19,0.014321606931430253,0.013732977769123522
2023-09-20,-0.01548228159355225,-0.007619443148182747
2023-09-21,0.028485037215601583,0.03393720357902441
2023-09-22,-0.008453429024613213,0.0016844834297153888
2023-09-25,0.029019630848695632,0.03236538669928901
2023-09-26,0.007447569451694225,-0.008006860302552266
2023-09-27,-0.0031374837005619938,-0.004267075614508786
2023-09-28,0.002829500655937345,0.007838993070452771
2023-09-29,0.022615010136495473,0.013723953840955039
2023-10-02,0.009463573271834003,0.016482141719333487
2023-10-03,0.0044059604257631335,-0.0011071289801986017
2023-10-04,-0.022593370040661864,-0.023364141652672754
2023-10-05,0.01625605569453259,0.018122903949784552
2023-10-06,7.222416011298805e-05,-0.004210854544650977
2023-10-09,-0.029982701498604825,-0.026875481407937052
2023-10-10,0.025112210748953867,0.025142956213195955
2023-10-11,0.0016832879829447034,-0.011186439514875302
2023-10-12,-0.011859618731259514,-0.010017810834431873
2023-10-13,-0.014861112003284327,-0.01622067774035285
2023-10-16,-0.015869054170632446,-0.01740618931681759
2023-09-04,0.011963347499822197,0.008803184933786401
2023-09-05,0.008278241840172562,0.013895050483833549
2023-09-06,-0.0023267802557959127,-0.005349332963048847
2023-09-07,0.00923354438752133,0.015341125244783038
2023-09-08,0.0020121242034758513,-0.000803523211652446
2023-09-11,-0.018757868180336756,-0.024307595783541802
2023-09-12,-0.006699685119730181,-0.0017878533447821532
2023-09-13,-0.016751193267249942,-0.017037855439902327
2023-09-14,0.01702597163310715,0.016611499127425322
2023-09-15,-0.02455068388725057,-0.02562732010868074
2023-09-18,-0.031062891197021103,-0.03196293583687537
2023-09-19,0.014321606931430253,0.013732977769123522
2023-09-20,-0.01548228159355225,-0.007619443148182747
2023-09-21,0.028485037215601583,0.03393720357902441
2023-09-22,-0.008453429024613213,0.0016844834297153888
2023-09-25,0.029019630848695632,0.03236538669928901
2023-09-26,0.007447569451694225,-0.008006860302552266
2023-09-27,-0.0031374837005619938,-0.004267075614508786
2023-09-28,0.002829500655937345,0.007838993070452771
2023-09-29,0.022615010136495473,0.013723953840955039
2023-10-02,0.009463573271834003,0.016482141719333487
2023-10-03,0.0044059604257631335,-0.0011071289801986017
2023-10-04,-0.022593370040661864,-0.023364141652672754
2023-10-05,0.01625605569453259,0.018122903949784552
2023-10-06,7.222416011298805e-05,-0.004210854544650977
2023-10-09,-0.029982701498604825,-0.026875481407937052
2023-10-10,0.025112210748953867,0.025142956213195955
2023-10-11,0.0016832879829447034,-0.011186439514875302
2023-10-12,-0.011859618731259514,-0.010017810834431873
2023-10-13,-0.014861112003284327,-0.01622067774035285
2023-10-16,-0.015869054170632446,-0.01740618931681759
2023-10-17,0.011345483801656897,0.018732605663176027
2023-10-18,-0.03709481622961475,-0.03563571916700947
2023-10-19,-0.0029166772235439398,-0.013276648961134452
2023-10-20,-0.03149733872494709,-0.0314943970277074
2023-10-23,0.036142700661351945,0.030196681050488117
2023-09-04,0.011963347499822197,0.008803184933786401
2023-09-05,0.008278241840172562,0.013895050483833549
2023-09-06,-0.0023267802557959127,-0.005349332963048847
2023-09-07,0.00923354438752133,0.015341125244783038
2023-09-08,0.0020121242034758513,-0.000803523211652446
2023-09-11,-0.018757868180336756,-0.024307595783541802
2023-09-12,-0.006699685119730181,-0.0017878533447821532
2023-09-13,-0.016751193267249942,-0.017037855439902327
2023-09-14,0.01702597163310715,0.016611499127425322
2023-09-15,-0.02455068388725057,-0.02562732010868074
2023-09-18,-0.031062891197021103,-0.03196293583687537
2023-09-19,0.014321606931430253,0.013732977769123522
2023-09-20,-0.01548228159355225,-0.007619443148182747
2023-09-21,0.028485037215601583,0.03393720357902441
2023-09-22,-0.008453429024613213,0.0016844834297153888
2023-09-25,0.029019630848695632,0.03236538669928901
2023-09-26,0.007447569451694225,-0.008006860302552266
2023-09-27,-0.0031374837005619938,-0.004267075614508786
2023-09-28,0.002829500655937345,0.007838993070452771
2023-09-29,0.022615010136495473,0.013723953840955039
2023-10-02,0.009463573271834003,0.016482141719333487
2023-10-03,0.0044059604257631335,-0.0011071289801986017
2023-10-04,-0.022593370040661864,-0.023364141652672754
2023-10-05,0.01625605569453259,0.018122903949784552
2023-10-06,7.222416011298805e-05,-0.004210854544650977
2023-10-09,-0.029982701498604825,-0.026875481407937052
2023-10-10,0.025112210748953867,0.025142956213195955
2023-10-11,0.0016832879829447034,-0.011186439514875302
2023-10-12,-0.011859618731259514,-0.010017810834431873
2023-10-13,-0.014861112003284327,-0.01622067774035285
2023-10-16,-0.015869054170632446,-0.01740618931681759
2023-10-17,0.011345483801656897,0.018732605663176027
2023-10-18,-0.03709481622961475,-0.03563571916700947
2023-10-19,-0.0029166772235439398,-0.013276648961134452
2023-10-20,-0.03149733872494709,-0.0314943970277074
2023-10-23,0.036142700661351945,0.030196681050488117
2023-10-24,0.02160051888456871,0.029633550515188567
2023-10-25,-0.06429009964321397,-0.06871044085434241
2023-10-26,0.024598676956939736,0.03042631740974655
2023-10-27,0.006642283844355168,0.005476969989266722
2023-10-30,-0.002618827962363901,-0.001396080469693528
2023-09-04,0.011963347499822197,0.008803184933786401
2023-09-05,0.008278241840172562,0.013895050483833549
2023-09-06,-0.0023267802557959127,-0.005349332963048847
2023-09-07,0.00923354438752133,0.015341125244783038
2023-09-08,0.0020121242034758513,-0.000803523211652446
2023-09-11,-0.018757868180336756,-0.024307595783541802
2023-09-12,-0.006699685119730181,-0.0017878533447821532
2023-09-13,-0.016751193267249942,-0.017037855439902327
2023-09-14,0.01702597163310715,0.016611499127425322
2023-09-15,-0.02455068388725057,-0.02562732010868074
2023-09-18,-0.031062891197021103,-0.03196293583687537
2023-09-19,0.014321606931430253,0.013732977769123522
2023-09-20,-0.01548228159355225,-0.007619443148182747
2023-09-21,0.028485037215601583,0.03393720357902441
2023-09-22,-0.008453429024613213,0.0016844834297153888
2023-09-25,0.029019630848695632,0.03236538669928901
2023-09-26,0.007447569451694225,-0.008006860302552266
2023-09-27,-0.0031374837005619938,-0.004267075614508786
2023-09-28,0.002829500655937345,0.007838993070452771
2023-09-29,0.022615010136495473,0.013723953840955039
2023-10-02,0.009463573271834003,0.016482141719333487
2023-10-03,0.0044059604257631335,-0.0011071289801986017
2023-10-04,-0.022593370040661864,-0.023364141652672754
2023-10-05,0.01625605569453259,0.018122903949784552
2023-10-06,7.222416011298805e-05,-0.004210854544650977
2023-10-09,-0.029982701498604825,-0.026875481407937052
2023-10-10,0.025112210748953867,0.025142956213195955
2023-10-11,0.0016832879829447034,-0.011186439514875302
2023-10-12,-0.011859618731259514,-0.010017810834431873
2023-10-13,-0.014861112003284327,-0.01622067774035285
2023-10-16,-0.015869054170632446,-0.01740618931681759
2023-10-17,0.011345483801656897,0.018732605663176027
2023-10-18,-0.03709481622961475,-0.03563571916700947
2023-10-19,-0.0029166772235439398,-0.013276648961134452
2023-10-20,-0.03149733872494709,-0.0314943970277074
2023-10-23,0.036142700661351945,0.030196681050488117
2023-10-24,0.02160051888456871,0.029633550515188567
2023-10-25,-0.06429009964321397,-0.06871044085434241
2023-10-26,0.024598676956939736,0.03042631740974655
2023-10-27,0.006642283844355168,0.005476969989266722
2023-10-30,-0.002618827962363901,-0.001396080469693528
2023-10-31,-0.02504584575101243,-0.021868800604997185
2023-11-01,0.008579081792028376,0.004887548012161513
2023-11-02,0.025386762964627385,0.016229577076322332
2023-11-03,0.00844242566548048,0.007172986769550471
2023-11-06,0.023668126957639757,0.02249460901696354
2023-09-04,0.011963347499822197,0.008803184933786401
2023-09-05,0.008278241840172562,0.013895050483833549
2023-09-06,-0.0023267802557959127,-0.005349332963048847
2023-09-07,0.00923354438752133,0.015341125244783038
2023-09-08,0.0020121242034758513,-0.000803523211652446
2023-09-11,-0.018757868180336756,-0.024307595783541802
2023-09-12,-0.006699685119730181,-0.0017878533447821532
2023-09-13,-0.016751193267249942,-0.017037855439902327
2023-09-14,0.01702597163310715,0.016611499127425322
2023-09-15,-0.02455068388725057,-0.02562732010868074
2023-09-18,-0.031062891197021103,-0.03196293583687537
2023-09-19,0.014321606931430253,0.013732977769123522
2023-09-20,-0.01548228159355225,-0.007619443148182747
2023-09-21,0.028485037215601583,0.03393720357902441
2023-09-22,-0.008453429024613213,0.0016844834297153888
2023-09-25,0.029019630848695632,0.03236538669928901
2023-09-26,0.007447569451694225,-0.008006860302552266
2023-09-27,-0.0031374837005619938,-0.004267075614508786
2023-09-28,0.002829500655937345,0.007838993070452771
2023-09-29,0.022615010136495473,0.013723953840955039
2023-10-02,0.009463573271834003,0.016482141719333487
2023-10-03,0.0044059604257631335,-0.0011071289801986017
2023-10-04,-0.022593370040661864,-0.023364141652672754
2023-10-05,0.01625605569453259,0.018122903949784552
2023-10-06,7.222416011298805e-05,-0.004210854544650977
2023-10-09,-0.029982701498604825,-0.026875481407937052
2023-10-10,0.025112210748953867,0.025142956213195955
2023-10-11,0.0016832879829447034,-0.011186439514875302
2023-10-12,-0.011859618731259514,-0.010017810834431873
2023-10-13,-0.014861112003284327,-0.01622067774035285
2023-10-16,-0.015869054170632446,-0.01740618931681759
2023-10-17,0.011345483801656897,0.018732605663176027
2023-10-18,-0.03709481622961475,-0.03563571916700947
2023-10-19,-0.0029166772235439398,-0.013276648961134452
2023-10-20,-0.03149733872494709,-0.0314943970277074
2023-10-23,0.036142700661351945,0.030196681050488117
2023-10-24,0.02160051888456871,0.029633550515188567
2023-10-25,-0.06429009964321397,-0.06871044085434241
2023-10-26,0.024598676956939736,0.03042631740974655
2023-10-27,0.006642283844355168,0.005476969989266722
2023-10-30,-0.002618827962363901,-0.001396080469693528
2023-10-31,-0.02504584575101243,-0.021868800604997185
2023-11-01,0.008579081792028376,0.004887548012161513
2023-11-02,0.025386762964627385,0.016229577076322332
2023-11-03,0.00844242566548048,0.007172986769550471
2023-11-06,0.023668126957639757,0.02249460901696354
2023-11-07,-0.005980538447328154,-0.003555370062795715
2023-11-08,0.006515126662562265,0.0021676150205360845
2023-11-09,-0.008660286099422931,-0.002478934397593835
2023-11-10,-0.011574895462563961,-0.010135058775049388
2023-11-13,-0.026233721165671908,-0.023431238955925804
2023-09-04,0.011963347499822197,0.008803184933786401
2023-09-05,0.008278241840172562,0.013895050483833549
2023-09-06,-0.0023267802557959127,-0.005349332963048847
2023-09-07,0.00923354438752133,0.015341125244783038
2023-09-08,0.0020121242034758513,-0.000803523211652446
2023-09-11,-0.018757868180336756,-0.024307595783541802
2023-09-12,-0.006699685119730181,-0.0017878533447821532
2023-09-13,-0.016751193267249942,-0.017037855439902327
2023-09-14,0.01702597163310715,0.016611499127425322
2023-09-15,-0.02455068388725057,-0.02562732010868074
2023-09-18,-0.031062891197021103,-0.03196293583687537
2023-09-19,0.014321606931430253,0.013732977769123522
2023-09-20,-0.01548228159355225,-0.007619443148182747
2023-09-21,0.028485037215601583,0.03393720357902441
2023-09-22,-0.008453429024613213,0.0016844834297153888
2023-09-25,0.029019630848695632,0.03236538669928901
2023-09-26,0.007447569451694225,-0.008006860302552266
2023-09-27,-0.0031374837005619938,-0.004267075614508786
2023-09-28,0.002829500655937345,0.007838993070452771
2023-09-29,0.022615010136495473,0.013723953840955039
2023-10-02,0.009463573271834003,0.016482141719333487
2023-10-03,0.0044059604257631335,-0.0011071289801986017
2023-10-04,-0.022593370040661864,-0.023364141652672754
2023-10-05,0.01625605569453259,0.018122903949784552
2023-10-06,7.222416011298805e-05,-0.004210854544650977
2023-10-09,-0.029982701498604825,-0.026875481407937052
2023-10-10,0.025112210748953867,0.025142956213195955
2023-10-11,0.0016832879829447034,-0.011186439514875302
2023-10-12,-0.011859618731259514,-0.010017810834431873
2023-10-13,-0.014861112003284327,-0.01622067774035285
2023-10-16,-0.015869054170632446,-0.01740618931681759
2023-10-17,0.011345483801656897,0.018732605663176027
2023-10-18,-0.03709481622961475,-0.03563571916700947
2023-10-19,-0.0029166772235439398,-0.013276648961134452
2023-10-20,-0.03149733872494709,-0.0314943970277074
2023-10-23,0.036142700661351945,0.030196681050488117
2023-10-24,0.02160051888456871,0.029633550515188567
2023-10-25,-0.06429009964321397,-0.06871044085434241
2023-10-26,0.024598676956939736,0.03042631740974655
2023-10-27,0.006642283844355168,0.005476969989266722
2023-10-30,-0.002618827962363901,-0.001396080469693528
2023-10-31,-0.02504584575101243,-0.021868800604997185
2023-11-01,0.008579081792028376,0.004887548012161513
2023-11-02,0.025386762964627385,0.016229577076322332
2023-11-03,0.00844242566548048,0.007172986769550471
2023-11-06,0.023668126957639757,0.02249460901696354
2023-11-07,-0.005980538447328154,-0.003555370062795715
2023-11-08,0.006515126662562265,0.0021676150205360845
2023-11-09,-0.008660286099422931,-0.002478934397593835
2023-11-10,-0.011574895462563961,-0.010135058775049388
2023-11-13,-0.026233721165671908,-0.023431238955925804
2023-11-14,0.021525095785327242,0.018108524391972747
2023-11-15,-0.004124364217321763,0.00023515970613674497
2023-11-16,0.017164054966960496,0.018970225726224088
2023-11-17,0.011089658458845575,0.00953317743564841
2023-11-20,0.014371129987269526,0.010489626322040202
2023-09-04,0.011963347499822197,0.008803184933786401
2023-09-05,0.008278241840172562,0.013895050483833549
2023-09-06,-0.0023267802557959127,-0.005349332963048847
2023-09-07,0.00923354438752133,0.015341125244783038
2023-09-08,0.0020121242034758513,-0.000803523211652446
2023-09-11,-0.018757868180336756,-0.024307595783541802
2023-09-12,-0.006699685119730181,-0.0017878533447821532
2023-09-13,-0.016751193267249942,-0.017037855439902327
2023-09-14,0.01702597163310715,0.016611499127425322
2023-09-15,-0.02455068388725057,-0.02562732010868074
2023-09-18,-0.031062891197021103,-0.03196293583687537
2023-09-19,0.014321606931430253,0.013732977769123522
2023-09-20,-0.01548228159355225,-0.007619443148182747
2023-09-21,0.028485037215601583,0.03393720357902441
2023-09-22,-0.008453429024613213,0.0016844834297153888
2023-09-25,0.029019630848695632,0.03236538669928901
2023-09-26,0.007447569451694225,-0.008006860302552266
2023-09-27,-0.0031374837005619938,-0.004267075614508786
2023-09-28,0.002829500655937345,0.007838993070452771
2023-09-29,0.022615010136495473,0.013723953840955039
2023-10-02,0.009463573271834003,0.016482141719333487
2023-10-03,0.0044059604257631335,-0.0011071289801986017
2023-10-04,-0.022593370040661864,-0.023364141652672754
2023-10-05,0.01625605569453259,0.018122903949784552
2023-10-06,7.222416011298805e-05,-0.004210854544650977
2023-10-09,-0.029982701498604825,-0.026875481407937052
2023-10-10,0.025112210748953867,0.025142956213195955
2023-10-11,0.0016832879829447034,-0.011186439514875302
2023-10-12,-0.011859618731259514,-0.010017810834431873
2023-10-13,-0.014861112003284327,-0.01622067774035285
2023-10-16,-0.015869054170632446,-0.01740618931681759
2023-10-17,0.011345483801656897,0.018732605663176027
2023-10-18,-0.03709481622961475,-0.03563571916700947
2023-10-19,-0.0029166772235439398,-0.013276648961134452
2023-10-20,-0.03149733872494709,-0.0314943970277074
2023-10-23,0.036142700661351945,0.030196681050488117
2023-10-24,0.02160051888456871,0.029633550515188567
2023-10-25,-0.06429009964321397,-0.06871044085434241
2023-10-26,0.024598676956939736,0.03042631740974655
2023-10-27,0.006642283844355168,0.005476969989266722
2023-10-30,-0.002618827962363901,-0.001396080469693528
2023-10-31,-0.02504584575101243,-0.021868800604997185
2023-11-01,0.008579081792028376,0.004887548012161513
2023-11-02,0.025386762964627385,0.016229577076322332
2023-11-03,0.00844242566548048,0.007172986769550471
2023-11-06,0.023668126957639757,0.02249460901696354
2023-11-07,-0.005980538447328154,-0.003555370062795715
2023-11-08,0.006515126662562265,0.0021676150205360845
2023-11-09,-0.008660286099422931,-0.002478934397593835
2023-11-10,-0.011574895462563961,-0.010135058775049388
2023-11-13,-0.026233721165671908,-0.023431238955925804
2023-11-14,0.021525095785327242,0.018108524391972747
2023-11-15,-0.004124364217321763,0.00023515970613674497
2023-11-16,0.017164054966960496,0.018970225726224088
2023-11-17,0.011089658458845575,0.00953317743564841
2023-11-20,0.014371129987269526,0.010489626322040202
2023-11-21,0.01129207468572413,0.01789273797208968
2023-11-22,-0.0011515431743271964,-0.005871092933559141
2023-11-23,-0.015053141034844897,-0.011682054822927501
2023-11-24,0.006433071593131112,0.00922520163273055
2023-11-27,0.014677818106531015,0.024061142503434052
2023-09-04,0.011963347499822197,0.008803184933786401
2023-09-05,0.008278241840172562,0.013895050483833549
2023-09-06,-0.0023267802557959127,-0.005349332963048847
2023-09-07,0.00923354438752133,0.015341125244783038
2023-09-08,0.0020121242034758513,-0.000803523211652446
2023-09-11,-0.018757868180336756,-0.024307595783541802
2023-09-12,-0.006699685119730181,-0.0017878533447821532
2023-09-13,-0.016751193267249942,-0.017037855439902327
2023-09-14,0.01702597163310715,0.016611499127425322
2023-09-15,-0.02455068388725057,-0.02562732010868074
2023-09-18,-0.031062891197021103,-0.03196293583687537
2023-09-19,0.014321606931430253,0.013732977769123522
2023-09-20,-0.01548228159355225,-0.007619443148182747
2023-09-21,0.028485037215601583,0.03393720357902441
2023-09-22,-0.008453429024613213,0.0016844834297153888
2023-09-25,0.029019630848695632,0.03236538669928901
2023-09-26,0.007447569451694225,-0.008006860302552266
2023-09-27,-0.0031374837005619938,-0.004267075614508786
2023-09-28,0.002829500655937345,0.007838993070452771
2023-09-29,0.022615010136495473,0.013723953840955039
2023-10-02,0.009463573271834003,0.016482141719333487
2023-10-03,0.0044059604257631335,-0.0011071289801986017
2023-10-04,-0.022593370040661864,-0.023364141652672754
2023-10-05,0.01625605569453259,0.018122903949784552
2023-10-06,7.222416011298805e-05,-0.004210854544650977
2023-10-09,-0.029982701498604825,-0.026875481407937052
2023-10-10,0.025112210748953867,0.025142956213195955
2023-10-11,0.0016832879829447034,-0.011186439514875302
2023-10-12,-0.011859618731259514,-0.010017810834431873
2023-10-13,-0.014861112003284327,-0.01622067774035285
2023-10-16,-0.015869054170632446,-0.01740618931681759
2023-10-17,0.011345483801656897,0.018732605663176027
2023-10-18,-0.03709481622961475,-0.03563571916700947
2023-10-19,-0.0029166772235439398,-0.013276648961134452
2023-10-20,-0.03149733872494709,-0.0314943970277074
2023-10-23,0.036142700661351945,0.030196681050488117
2023-10-24,0.02160051888456871,0.029633550515188567
2023-10-25,-0.06429009964321397,-0.06871044085434241
2023-10-26,0.024598676956939736,0.03042631740974655
2023-10-27,0.006642283844355168,0.005476969989266722
2023-10-30,-0.002618827962363901,-0.001396080469693528
2023-10-31,-0.02504584575101243,-0.021868800604997185
2023-11-01,0.008579081792028376,0.004887548012161513
2023-11-02,0.025386762964627385,0.016229577076322332
2023-11-03,0.00844242566548048,0.007172986769550471
2023-11-06,0.023668126957639757,0.02249460901696354
2023-11-07,-0.005980538447328154,-0.003555370062795715
2023-11-08,0.006515126662562265,0.0021676150205360845
2023-11-09,-0.008660286099422931,-0.002478934397593835
2023-11-10,-0.011574895462563961,-0.010135058775049388
2023-11-13,-0.026233721165671908,-0.023431238955925804
2023-11-14,0.021525095785327242,0.018108524391972747
2023-11-15,-0.004124364217321763,0.00023515970613674497
2023-11-16,0.017164054966960496,0.018970225726224088
2023-11-17,0.011089658458845575,0.00953317743564841
2023-11-20,0.014371129987269526,0.010489626322040202
2023-11-21,0.01129207468572413,0.01789273797208968
2023-11-22,-0.0011515431743271964,-0.005871092933559141
2023-11-23,-0.015053141034844897,-0.011682054822927501
2023-11-24,0.006433071593131112,0.00922520163273055
2023-11-27,0.014677818106531015,0.024061142503434052
2023-11-28,0.016091687641341057,0.00028793880580524345
2023-11-29,-0.0019025568026599382,-0.005641976049937547
2023-11-30,-0.014114827692539023,-0.011023771813747252
2023-12-01,0.016674278106218132,0.01230573688006098
