timestamp,IPEKE.E_price_change,KOZAL.E_price_change,interval
2022-01-06_14:05:16.199368,0.33333333333334103,0,0
2022-01-07_07:00:05.871636,0.33400133600534065,-0.23904382470119057,0.320619
2022-01-07_07:32:07.728377,0.33444816053511683,-0.07930214115781098,0.267392
2022-01-13_14:26:49.496599,0.33444816053511683,0.0,0.00026
2022-01-14_14:56:17.831419,0.3295978905734964,0.0,0.054987
2022-01-18_12:29:37.107903,0.42892156862746056,0.0,0.504281
2022-01-19_07:37:59.367237,0.332889480692411,0.07917656373712667,0.829067
2022-01-24_08:01:16.710779,0.4450095359186168,-0.07496251874063997,0.210954
2022-01-24_08:01:58.149347,0.44359949302914536,0.07496251874063997,0.772109
2022-01-24_08:04:15.260280,0.5063291139240533,0.07496251874063997,0.788433
2022-01-24_10:45:44.529820,0.5825242718446644,-0.15527950310558758,0.84368
2022-01-25_11:16:17.644298,0.5369127516778427,0.0,0.094164
2022-01-26_07:00:25.551136,0.3278688524590123,0.15686274509802978,0.040197
2022-01-28_14:07:36.088096,0.45961917268548813,0.0,0.423565
2022-01-28_14:10:16.269324,0.3274394237066103,0.0,0.310677
2022-01-31_13:44:34.968411,0.3265839320705455,0.0,0.803328
2022-01-31_14:03:02.316151,0.3270111183780289,0,0
2022-02-08_12:37:24.577955,0.4089979550102152,0.0,0.579452
2022-02-17_14:55:01.385262,0.33489618218351946,-0.07788161993769194,0.387615
2022-02-17_14:59:09.521319,0.40187541862022336,0.0779423226812126,0.007419
2022-02-22_07:06:04.979455,0.547195622435015,0.0,0.24476
2022-02-22_14:53:42.204874,0.6189821182943644,0.0,0.35482
2022-02-24_07:30:16.685350,0.37735849056603765,1.2875536480686733,0.355658
2022-02-25_07:50:27.446672,0.30864197530864335,0.0,0.841719
2022-02-28_07:01:07.230222,0.3776435045317328,0.0,0.502343
2022-02-28_07:03:34.992782,0.37678975131876236,-0.17421602787457413,0.856383
2022-03-02_07:00:09.807808,0.43446777697320194,-0.7646559048428259,0.434903
2022-03-04_10:17:20.049480,0.39292730844793233,0,0
2022-03-07_07:02:11.319130,0.33046926635822427,0.15408320493066618,0.153938
2022-03-08_07:00:24.096246,0.37037037037037646,0.43041606886657924,0.397763
2022-03-09_07:01:34.566469,0.4678362573099504,-0.26845637583892135,0.787251
2022-03-09_07:01:37.413179,0.40792540792540244,-0.336247478143914,0.379196
2022-03-09_14:51:09.114055,0.30826140567201676,0.0,0.1118
2022-03-10_14:59:58.680038,0.37783375314861534,0.0,0.325628
2022-03-11_11:42:22.248125,0.31289111389236623,-0.20876826722338038,0.941179
2022-03-16_14:02:34.879508,0.5181347150259086,0.0,0.002769
2022-03-21_12:00:20.534251,0.30284675953966556,0.0,0.217275
2022-03-21_14:59:04.620519,0.3076923076922977,-0.06978367062107083,0.60638
2022-03-31_14:56:58.254739,0.356718192627814,0.0,0.000324
2022-04-04_12:41:09.292389,0.4239533651298366,-0.3221649484536071,0.329773
2022-04-04_12:41:11.089837,0.6372809346786967,0.3221649484536071,0.448718
2022-04-05_07:03:15.636230,0.31931878658861823,0.26281208935610145,0.274034
2022-04-05_07:28:54.528899,0.5762179151388214,0.06518904823988869,0.884362
2022-04-05_07:30:45.796694,0.4147226542249971,0.13029315960912946,0.975778
2022-04-05_08:44:59.012929,0.4284949116229342,0.0655307994757548,0.978421
2022-04-05_09:33:51.945701,0.3154574132492094,0.06518904823988869,0.361743
2022-04-05_09:35:56.100422,0.31512605042016695,0.06514657980456473,0.838167
2022-04-07_07:24:45.155359,0.35353535353535026,0.0,0.985149
2022-04-07_13:00:57.676004,0.3024193548387011,0,0
2022-04-07_14:07:14.693367,0.31266284523188137,0.06574621959236637,0.55899
2022-04-11_10:35:32.399031,0.3076923076922977,0.06389776357826893,0.59257
2022-04-13_07:00:02.013798,0.5692599620493288,-0.8720930232558155,0.305338
2022-04-13_07:00:02.339316,0.7604562737642651,-1.4619883040935644,0.047061
2022-04-13_07:00:03.862641,0.4757373929590969,-1.2865497076023358,0.849369
2022-04-13_07:00:04.984190,0.4761904761904745,1.2865497076023358,0.072101
2022-04-13_07:00:05.884462,0.9532888465205058,1.2865497076023358,0.171829
2022-04-13_07:00:05.951445,0.37914691943128354,1.2865497076023358,0.104846
2022-04-13_07:00:07.004632,0.4743833017077703,1.2865497076023358,0.051659
2022-04-13_07:00:07.360337,0.5692599620493288,-1.2865497076023358,0.695954
2022-04-13_07:00:08.328534,0.37878787878788955,-1.2865497076023358,0.172624
2022-04-13_07:00:11.229169,0.574162679425827,-0.873616773442043,0.034573
2022-04-13_07:00:24.325351,0.5747126436781658,-0.8168028004667427,0.052379
2022-04-13_07:00:39.891017,0.5758157389635254,-0.40579710144927894,0.157109
2022-04-13_07:00:57.232646,0.7677543186180413,-0.40721349621872793,0.8548
2022-04-13_07:01:05.611903,0.3824091778202643,0.17431725740848503,0.705908
2022-04-13_07:01:42.522229,0.3842459173871271,-0.17513134851139256,0.558439
2022-04-13_07:07:55.749946,0.38058991436726863,0.11655011655011815,0.364182
2022-04-13_14:58:47.065377,0.5747126436781658,0.2354326074161195,0.679601
2022-04-14_07:00:05.162445,0.4766444232602529,-0.5328596802841812,0.435729
2022-04-14_07:00:11.149602,0.764087870105068,-0.5920663114268754,0.783018
2022-04-14_07:15:00.177904,0.4863813229571967,0.1781472684085461,0.099512
2022-04-14_07:16:39.971513,0.48309178743961567,0.05924170616113944,0.24306
2022-04-14_10:36:13.958972,0.4739336492890933,0.05885815185402432,0.277151
2022-04-18_07:18:12.928026,0.3616636528029016,-0.05740528128588274,0.256904
2022-04-18_12:16:37.276433,0.4608294930875667,0.0,0.542428
2022-04-20_08:23:15.939167,0.37523452157599557,0.05945303210463937,0.122524
2022-04-25_07:01:39.888018,0.3956478733926794,-0.18404907975460016,0.043399
2022-04-27_11:24:48.640700,0.39525691699604515,0,0
2022-04-27_11:29:49.758757,0.38797284190106307,-0.05871990604815469,0.502333
2022-04-27_14:59:03.966266,0.3933136676499416,-0.05878894767783471,0.945187
2022-04-29_14:35:23.940247,0.38461538461538325,-0.11580775911985697,0.001871
2022-04-29_14:46:29.682398,0.4840271055179146,0.05817335660267542,0.514996
2022-05-06_07:03:50.986106,0.37523452157599557,-0.055928411633110464,0.000259
2022-05-09_13:29:07.261062,0.35842293906809264,0.0,0.757508
2022-05-09_13:29:08.017208,0.35810205908684,0.0,0.001362
2022-05-11_07:09:25.843893,0.3552397868561208,0.10678056593700358,0.911569
2022-05-11_14:25:19.671664,0.45662100456620447,-0.05356186395286677,0.001275
2022-05-11_14:55:06.820484,0.3676470588235281,-0.05370569280342963,0.103646
2022-05-12_10:07:45.367152,0.3933136676499416,0.0,0.268437
2022-05-13_14:08:10.796132,0.38610038610038533,-0.053937432578199385,0.319154
2022-05-16_08:42:05.160259,0.3717472118959009,0.0,0.752008
2022-05-16_09:53:15.631314,0.9972801450589319,0.1044386422976551,0.008659
2022-05-20_07:09:56.595210,0.4798464491362786,-0.2151694459386677,0.002452
2022-05-20_11:19:29.626688,0.4761904761904745,0.0,0.000944
2022-05-23_14:59:08.255226,0.4036326942482349,0.0,0.24001
2022-05-25_08:53:06.107388,0.3976143141153132,0.05274261603376296,0.675881
2022-05-27_07:10:14.342336,0.3875968992248069,0.10272213662043672,0.448876
2022-05-27_14:22:28.608587,0.3956478733926794,0.051440329218110925,0.003865
2022-05-27_14:59:05.863145,0.3984063745019917,0.0,0.55529
2022-06-08_07:00:01.385870,0.3883495145631022,-0.14605647517040854,0.219045
2022-06-08_07:11:04.148639,0.4840271055179146,0.09732360097323145,0.259412
2022-06-08_14:19:33.422286,0.3030303030302939,0,0
2022-06-08_14:48:33.019107,0.31266284523188137,0.05238344683080598,0.496354
2022-06-08_14:51:16.440920,0.31266284523188137,-0.42553191489360653,0.373769
2022-06-08_14:55:11.801413,0.31512605042016695,0.21208907741250282,0.221475
2022-06-09_10:29:19.169528,0.4716981132075526,0,0
2022-06-09_13:49:22.494734,0.46874999999999556,0.0,0.143051
2022-06-13_14:09:13.352554,0.547045951859948,0.0,0.240913
2022-06-13_14:09:17.289381,0.4912663755458624,0.0,0.842353
2022-06-13_14:09:19.364593,0.654664484451728,0.0,0.767141
2022-06-16_14:51:08.289286,0.3957037874505298,-0.055710306406675514,0.679595
2022-06-16_14:55:08.401511,0.39592760180995334,-0.055710306406675514,0.428276
2022-06-20_07:00:00.205560,0.31847133757962887,-0.31152647975076775,0.184831
2022-06-20_14:38:04.884941,0.5263157894736858,0.051759834368536595,0.072247
2022-06-20_14:55:02.425412,0.3697834125726329,0.0,0.047794
2022-06-27_07:00:02.818749,0.33296337402886067,-0.647948164146861,0.589811
2022-06-28_14:55:05.041710,0.8484162895927572,0.05434782608695343,0.158897
2022-06-30_14:55:08.837227,0.3552397868561208,0.058685446009398845,0.865889
2022-07-01_07:00:14.679922,0.4618937644341736,0.8645533141210304,0.728318
2022-07-01_07:46:22.249346,0.33917467495760967,0.1654715940430318,0.838138
2022-07-05_07:00:00.414486,0.3248511099079643,0.45801526717557106,0.508941
2022-07-06_14:59:06.593599,0.45977011494253706,-0.05339028296849069,0.016265
2022-07-14_14:59:05.175911,0.6006006006006093,0,0
2022-07-26_14:31:37.720793,0.34110289937463456,0,0
2022-08-02_14:55:00.905951,0.39592760180995334,0.0,0.51815
2022-08-03_10:55:18.898310,0.33840947546530664,0.0,0.681726
2022-08-04_14:56:51.697107,0.3300330033003229,-0.11655011655011815,0.234456
2022-08-08_09:04:32.522417,0.38419319429199295,0.0,0.30615
2022-08-08_13:14:35.139510,0.3783783783783745,0,0
2022-08-09_12:23:26.941161,0.4149377593360981,0.0,0.728424
2022-08-09_12:38:04.964345,0.4058853373921867,0.057175528873631976,0.115776
2022-08-10_07:00:03.678062,0.4474272930648837,-1.2779552715654896,0.520664
2022-08-10_07:00:30.956278,0.33039647577093323,-0.5728835136855404,0.806234
2022-08-10_07:00:39.351268,0.44345898004434225,-0.7633587786259444,0.749765
2022-08-10_07:00:53.837317,0.3901895206243067,-0.38046924540267035,0.053673
2022-08-10_07:01:00.127194,0.556792873051215,0.31725888324873885,0.777433
2022-08-10_07:08:59.608422,0.3399433427762055,-0.12763241863433805,0.131249
2022-08-18_07:00:02.495138,0.6271379703534752,-0.6966434452184922,0.763597
2022-08-18_07:00:02.967731,0.5698005698005604,-0.6966434452184922,0.291004
2022-08-22_09:50:46.000351,0.34129692832765013,0.0,0.322653
2022-08-23_07:01:20.497991,0.331308669243513,0.1274697259400881,0.277553
2022-08-31_07:00:03.949035,0.3948110547095318,-0.1948051948051921,0.12732
2022-08-31_08:03:25.434862,0.44642857142858094,0.0,0.16463
2022-09-07_14:40:31.346417,0.3171247357293794,-0.11641443538998875,0.160663
2022-09-08_07:00:25.163991,0.3091190108191588,0.44642857142858094,0.730634
2022-09-09_07:07:42.767491,0.47095761381474865,0.10857763300760048,0.747908
2022-09-12_08:14:31.428751,0.39486673247779436,-0.050813008130079496,0.71885
2022-09-13_07:00:08.879300,0.3956478733926794,-0.25813113061434745,0.374302
2022-09-15_08:10:31.712503,0.30864197530864335,0.05192107995846129,0.679362
2022-09-15_08:30:15.271361,0.3024193548387011,0.05096839959224386,0.207069
2022-09-16_08:51:24.656695,0.30991735537189147,0,0
2022-09-16_11:46:52.979267,0.4117344312918103,-0.10460251046024993,0.006638
2022-09-16_14:55:03.233839,0.5151983513652647,0.15822784810126667,0.066396
2022-09-20_14:55:07.669779,0.32137118371720064,0.0557724484104849,0.432313
2022-09-23_14:08:53.657942,0.4100461301896452,0.0,0.001598
2022-09-28_14:59:06.013989,0.3211991434689532,-0.1071811361200492,0.000356
2022-09-28_14:59:57.320892,0.4812834224598994,0.05361930294907058,0.67373
2022-09-29_14:55:02.752766,0.32985156679494754,0.1651073197578512,0.988645
2022-10-05_08:45:57.970322,0.3070624360286489,0.0,0.185873
2022-10-06_07:51:48.771689,0.4975124378109541,0.05197505197505059,0.002878
2022-10-06_14:04:47.779673,0.37348272642390157,0.10188487009679115,0.109606
2022-10-06_14:05:09.418920,0.4672897196261738,0.15267175572519776,0.615583
2022-10-06_14:05:10.407227,0.5591798695246952,0.15267175572519776,0.627276
2022-10-06_14:05:11.377033,0.6511627906976791,0.2544529262086481,0.395733
2022-10-06_14:05:26.750472,0.9310986964618184,-0.3047232097511454,0.442593
2022-10-06_14:06:13.179258,0.37037037037037646,-0.15212981744421317,0.45507
2022-10-06_14:06:28.771053,0.4633920296570837,0.1522842639593902,0.9388
2022-10-06_14:06:35.436012,0.37037037037037646,-0.050735667174017784,0.409142
2022-10-06_14:14:48.505166,0.4659832246039164,-0.1522842639593902,0.26275
2022-10-06_14:31:59.763906,0.557103064066844,0.0507872016251909,0.901311
2022-10-07_07:29:44.527864,0.3745318352059934,0.2601456815816805,0.774378
2022-10-07_08:21:52.155480,0.37523452157599557,-0.051759834368536595,0.323858
2022-10-07_09:41:45.271412,0.37523452157599557,0.0,0.001623
2022-10-10_09:13:28.500943,0.4672897196261738,-0.1534526854219953,0.014181
2022-10-10_11:23:42.608198,0.379506641366234,0.05170630816959676,0.809447
2022-10-10_11:50:01.143053,0.37735849056603765,-0.051546391752577136,0.000601
2022-10-11_11:25:57.386864,0.37348272642390157,0.0,0.857206
2022-10-13_09:09:43.630129,0.3745318352059934,0.050709939148063654,0.00571
2022-10-13_14:59:14.007060,0.3809523809523707,0.0,0.265616
2022-10-14_07:53:01.114852,0.3731343283582156,0.0,0.00077
2022-10-17_07:00:00.235269,0.5212858384013863,0.35264483627204246,0.392323
2022-10-17_07:00:10.199065,0.3475238922675983,-0.15098137896325525,0.373712
2022-10-17_07:00:10.200676,0.60606060606061,-0.15098137896325525,0.372101
2022-10-17_07:01:27.597704,0.4310344827586299,0.1006036217303885,0.599157
2022-10-17_07:01:57.876522,0.4310344827586299,0.10055304172951196,0.787887
2022-10-17_07:03:57.896768,0.3454231433505983,-0.15143866733973166,0.696868
2022-10-17_07:11:09.067895,0.3350083752093891,-0.2004008016031955,0.279973
2022-10-17_07:11:49.581944,0.33444816053511683,0.20010005002502051,0.770293
2022-10-17_07:12:25.708122,0.3303055326176807,0.1994017946161497,0.102155
2022-10-18_07:08:04.981335,0.3117692907248726,-0.09573958831976537,0.756934
2022-10-18_07:12:59.703258,0.32102728731941976,0.19398642095054264,0.191091
2022-10-18_11:09:55.669229,0.31796502384737746,0.0,0.004573
2022-10-18_11:34:57.303399,0.4691164972634887,0.0,0.000976
2022-10-18_11:45:39.009805,0.3028009084027339,0.09564801530368428,0.064567
2022-10-18_13:13:05.877574,0.37735849056603765,-0.14499758337360724,0.34888
2022-10-18_13:13:08.447436,0.3776435045317328,-0.04833252779119501,0.000899
2022-10-18_14:05:18.469495,0.31201248049921304,-0.14548981571289588,0.975602
2022-10-18_14:19:40.495385,0.3891050583657574,-0.04873294346978696,0.208372
2022-10-18_14:21:15.660301,0.3076923076922977,0.0,0.026886
2022-10-18_14:35:02.547776,0.31821797931583795,0.14858841010401136,0.18176
2022-10-18_14:45:27.272552,0.392464678178972,-0.049455984174096024,0.032539
2022-10-18_14:55:01.304573,0.3940110323088941,-0.24703557312253377,0.131891
2022-10-19_07:00:19.119376,0.3162055335968361,0.14734774066798018,0.968104
2022-10-19_09:37:01.960681,0.30674846625766694,-0.04911591355598599,0.000256
2022-10-19_09:37:36.126191,0.30557677616500634,-0.04911591355598599,0.000353
2022-10-19_09:37:43.112848,0.3062787136294043,0.04911591355598599,0.691701
2022-10-19_09:39:00.218007,0.3062787136294043,0.04906771344455052,0.585542
2022-10-19_09:39:10.930793,0.4587155963302836,0.04906771344455052,0.872635
2022-10-19_09:39:28.368038,0.3062787136294043,0.0,0.266331
2022-10-19_11:22:10.868538,0.3172085646312439,0.0,0.34134
2022-10-19_11:57:42.409650,0.31695721077653616,0.0,0.403311
2022-10-19_14:06:35.172492,0.3231017770597644,-0.10050251256281673,0.204693
2022-10-20_07:16:51.090310,0.3159557661927437,-0.04957858205254517,0.534567
2022-10-20_11:28:00.304041,0.5568814638027053,0.09866798223976403,0.841125
2022-10-20_12:35:54.683325,0.40160642570281624,-0.049652432969216065,0.002143
2022-10-21_07:00:01.597195,0.3212851405622441,0.30090270812437314,0.440466
2022-10-21_09:48:36.340567,0.3782148260211837,0.04928536224741986,0.643225
2022-10-21_10:23:58.363585,0.6711409395973256,0.19646365422396617,0.367605
2022-10-21_10:25:48.304685,0.36900369003689537,0.14669926650365817,0.174724
2022-10-21_12:03:48.504562,0.6711409395973256,-0.2454590083456054,0.100341
2022-10-21_12:52:37.731570,0.4497751124437732,0.049455984174096024,0.007152
2022-10-21_14:59:03.883050,0.37735849056603765,0.09990009990010762,0.582351
2022-10-24_07:00:02.015037,0.5177514792899407,0.24789291026277027,0.094079
2022-10-24_07:00:03.813720,0.44280442804427445,-0.24789291026277027,0.295396
2022-10-24_07:00:04.757577,0.5908419497784312,0.29747149231531544,0.605336
2022-10-24_07:00:04.816962,0.5162241887905594,0.29747149231531544,0.545951
2022-10-24_07:01:28.225988,0.36873156342183133,-0.14851485148514865,0.23878
2022-10-24_07:05:36.640479,0.5219985085756829,-0.09915716410511255,0.006227
2022-10-24_08:27:37.216940,0.5417956656346812,0.0,0.240834
2022-10-24_08:34:40.739806,0.30864197530864335,0,0
2022-10-24_08:38:13.911409,0.3062787136294043,0,0
2022-10-24_08:38:39.051894,0.3044140030441511,0.0,0.725722
2022-10-24_08:38:47.183783,0.3805175038051667,0,0
2022-10-24_11:46:54.605803,0.3034901365705611,0.0,0.216389
2022-10-25_10:28:38.576652,1.388888888888884,0.3556910569105787,0.483327
2022-10-25_10:28:38.577487,0.5351681957186605,0.3556910569105787,0.482492
2022-10-25_10:28:39.611777,0.45801526717557106,0.2538071065989911,0.448202
2022-10-25_12:57:59.045619,0.3875968992248069,0.05136106831022946,0.005412
2022-10-25_14:16:19.603113,0.3974562798092274,0.0,0.001902
2022-10-25_14:34:38.664261,0.3984063745019917,0.0,0.615716
2022-10-25_14:34:43.396324,0.31796502384737746,0.0,0.00174
2022-10-25_14:59:08.327454,0.5586592178770999,0.0,0.000306
2022-10-26_08:44:00.250727,0.31847133757962887,0,0
2022-10-31_14:03:14.250136,0.3894080996884819,0.0,0.923795
2022-10-31_14:46:12.474625,0.512070226773953,-0.10293360782296368,0.042504
2022-10-31_14:46:51.131494,0.3673769287288797,-0.10309278350515427,0.756521
2022-10-31_14:51:31.335199,0.6661732050333047,0.1031459515214106,0.185016
2022-10-31_14:51:39.237359,0.44280442804427445,-0.051546391752577136,0.514675
2022-10-31_14:56:49.387698,0.4389173372348232,0.05146680391148184,0.315663
2022-10-31_14:57:23.271224,0.511322132943759,-0.05151983513653757,0.563454
2022-10-31_14:58:28.382916,0.36416605972322547,0.051546391752577136,0.915019
2022-10-31_14:59:28.198397,0.363372093023262,0.0514933058702427,0.502015
2022-10-31_14:59:35.782290,0.5843681519357213,0.0514933058702427,0.952583
2022-11-01_07:01:21.800457,0.37397157816005944,-0.20356234096692294,0.558673
2022-11-01_07:31:24.622369,0.3745318352059934,-0.10256410256410664,0.006248
2022-11-01_08:25:20.119067,0.3668378576669129,0.10147133434805777,0.753228
2022-11-02_10:01:31.519732,0.3571428571428559,0.0,0.876037
2022-11-02_14:55:46.596111,0.35842293906809264,-0.14851485148514865,0.296598
2022-11-03_07:00:01.860053,0.35842293906809264,0.14785608674223738,0.684854
2022-11-03_08:35:21.702405,1.3642564802182733,0.0,0.003347
2022-11-03_10:14:35.424048,0.3434065934065922,0.0,0.393661
2022-11-04_14:50:46.543481,0.4158004158004047,-0.04962779156327812,0.001631
2022-11-07_07:00:15.773088,0.40567951318457585,-0.14734774066798018,0.234995
2022-11-08_07:14:17.826564,0.3315649867374093,0.0952834683182413,0.624145
2022-11-08_14:55:15.134538,0.41180507892930596,0.09751340809360798,0.787155
2022-11-09_07:31:10.636259,0.47043010752687575,0.095011876484552,0.947386
2022-11-09_07:50:15.110907,0.46419098143235527,0.04743833017077925,0.089544
2022-11-09_07:50:31.911663,0.3291639236339794,0.0947418285172974,0.883446
2022-11-09_12:31:05.440453,0.3215434083601254,0.04587155963302614,0.933653
2022-11-09_13:19:54.468217,0.32509752925877766,0.0,0.256551
2022-11-10_12:01:50.552445,0.3364737550471064,0.09372071227742307,0.357533
2022-11-10_13:32:49.001566,0.33178500331785266,0.04614674665435192,0.450163
2022-11-10_14:55:21.871010,0.3295978905734964,0.09029345372459918,0.315748
2022-11-11_14:59:28.547059,0.6680026720106813,-0.22411474675032572,0.198708
2022-11-11_14:59:32.113988,1.001335113484636,-0.17921146953405742,0.092947
2022-11-14_07:00:16.888910,0.33444816053511683,-0.3989361702127603,0.608912
2022-11-14_07:04:22.447330,0.396563119629878,-0.08783487044357052,0.661175
2022-11-14_08:54:36.652463,0.32594524119948787,0.08684324793746256,0.426818
2022-11-15_07:01:21.644706,0.44987146529562594,0.12325390304026573,0.592732
2022-11-16_14:52:29.173368,0.4524886877828038,0.08136696501219731,0.069475
2022-11-16_14:55:07.512562,0.32446463335495945,-0.0408663669799747,0.000674
2022-11-17_09:01:13.247601,0.3285151116951379,-0.04017677782242046,0.001413
2022-11-17_14:00:11.897742,0.3865979381443285,-0.1530807500956799,0.554482
2022-11-17_14:59:08.560496,0.38885288399221896,0.03824091778201755,0.276548
2022-11-18_07:01:55.208158,0.449293966623876,-0.1521491061239999,0.421395
2022-11-18_07:01:55.208640,0.3205128205128194,-0.1521491061239999,0.420913
2022-11-21_08:12:41.674448,0.3095975232198178,0.07490636704119424,0.537312
2022-11-21_14:55:04.192946,0.44303797468354666,0.07575757575757347,0.104213
2022-11-22_07:21:02.613654,0.3121098626716501,0.14875418371140814,0.702347
2022-11-22_14:57:20.569462,0.36607687614398365,-0.242886884108251,0.547737
2022-11-24_11:19:48.358875,0.33802816901409294,0.0,0.617919
2022-11-25_07:00:14.061340,0.9846827133479286,1.041666666666674,0.539277
2022-11-25_07:01:28.099965,0.38525041276828986,-0.6302521008403339,0.400585
2022-11-25_08:31:54.980969,0.662617338487026,0.09014423076922906,0.076451
2022-11-25_11:23:27.296476,0.330760749724357,0.05948839976204212,0.73588
2022-11-25_13:30:30.821947,0.611450806003333,0.02996703626010344,0.008021
2022-11-25_14:17:27.040696,0.390625,-0.29922202274086374,0.153819
2022-11-25_14:55:41.328854,0.731570061902076,0.0,0.154237
2022-11-25_14:58:12.458624,0.8403361344537785,0.1477104874446189,0.035625
2022-11-28_12:02:40.028801,0.3970504821327214,-0.08795074758134458,0.404459
2022-11-28_14:54:07.315233,0.5241700640652214,-0.059683676514477035,0.007831
2022-11-29_12:59:43.448513,0.34482758620688614,0.11587485515642815,0.308719
2022-12-01_12:05:50.994173,0.42283298097252064,-0.050327126321092486,0.003089
2022-12-02_14:54:46.100668,0.37654653039267405,0.050415931434333316,0.959617
2022-12-02_14:56:37.253475,0.3227541689080127,-0.025233409033553755,0.303419
2022-12-02_14:58:23.807941,0.3232758620689724,-0.12651821862348367,0.508874
2022-12-05_07:11:33.596113,0.3177966101694851,-0.10002500625156951,0.570817
2022-12-06_07:00:02.455001,0.37473233404710093,0.26881720430107503,0.138933
2022-12-06_09:09:50.737461,0.4918032786885185,-0.1577287066246047,0.215082
2022-12-07_07:06:54.601214,0.3904071388733943,-0.31931878658861823,0.985836
2022-12-07_09:51:33.031445,0.3372681281618828,0.0267952840300012,0.003083
2022-12-07_13:19:37.486582,0.4602991944764101,0.10979961570134478,0.445128
2022-12-07_13:20:29.625928,0.34305317324185847,0.19110019110020193,0.946654
2022-12-07_14:53:36.985614,0.3937007874015741,-0.11052777010223114,0.443696
2022-12-07_14:58:22.457333,0.34071550255536653,0.0,0.6518
2022-12-08_07:45:33.954000,0.3993154592127679,0.0,0.655172
2022-12-08_07:46:03.320062,0.9090909090909038,-0.16357688113413094,0.304769
2022-12-08_08:04:17.735774,0.339558573853993,-0.13368983957218195,0.754036
2022-12-08_08:06:09.871951,0.3939223410241999,-0.07978723404256094,0.440928
2022-12-08_08:07:52.697196,0.33632286995515237,0.15974440894568342,0.192262
2022-12-08_08:14:52.717309,0.33651149747615516,0.37105751391466324,0.95649
2022-12-08_11:09:38.958523,0.3917179630665846,0.1050144394854291,0.470327
2022-12-08_11:09:45.318436,0.5033557046979942,0.05241090146750338,0.416699
2022-12-08_13:40:35.497871,0.4823151125401992,-0.3558718861210064,0.569866
2022-12-08_13:40:38.292261,0.32137118371720064,0.3304524656837726,0.376805
2022-12-08_13:41:20.496387,0.5302226935312904,-0.15216839969567353,0.122784
2022-12-08_13:41:29.434731,0.36997885835095,-0.10139416983523386,0.043141
2022-12-08_14:27:17.321273,0.4271222637479921,0,0
2022-12-08_14:30:52.999122,0.5268703898840821,0,0
2022-12-09_07:00:33.291283,0.42283298097252064,-1.4746313421644563,0.834685
2022-12-09_07:01:09.854978,0.3713527851458842,0.40000000000000036,0.130953
2022-12-09_07:01:42.618050,0.5876068376068355,-0.4750000000000032,0.084239
2022-12-09_07:01:47.438340,0.37413148049172396,-0.29917726252803867,0.920119
2022-12-09_07:01:48.510388,0.3205128205128194,-0.29917726252803867,0.848071
2022-12-09_07:01:50.356914,0.47974413646054703,-0.2243829468960401,0.164129
2022-12-09_07:02:08.830959,0.8021390374331583,-0.29999999999998916,0.280179
2022-12-09_07:02:38.291550,0.32102728731941976,0.09965122072745913,0.070214
2022-12-09_07:04:22.543440,0.3729355354288755,0.09935419771485154,0.927181
2022-12-09_07:05:47.233928,0.3206841261357507,-0.4513540621865486,0.815776
2022-12-09_07:05:48.124281,0.37433155080213165,-0.3259779338014024,0.422785
2022-12-09_07:06:34.014786,0.4891304347826031,-0.4788306451612989,0.833471
2022-12-09_07:07:13.741802,0.5497526113249052,-1.1889704022261638,0.755725
2022-12-09_07:10:07.446102,0.37735849056603765,0.2234359483614723,0.215224
2022-12-09_07:24:29.772250,0.31678986272438703,0.14492753623187582,0.487375
2022-12-09_08:52:38.679886,0.32644178454841466,0.0,0.946743
2022-12-09_09:06:37.353642,0.3276897870016393,-0.07494379215589042,0.171162
2022-12-09_10:40:20.397001,0.37735849056603765,0.29433406916850036,0.679508
2022-12-09_10:43:12.808361,0.3231017770597644,0.21988761299780446,0.042701
2022-12-09_11:03:25.362650,0.3236245954692629,-0.04903162539837691,0.53671
2022-12-09_12:49:30.024189,0.6437768240343367,0.0,0.362118
2022-12-09_13:50:32.350888,1.2419006479481576,0.048520135856389146,0.342966
2022-12-09_13:51:17.674067,1.1840688912809538,0.0,0.000974
2022-12-09_13:53:13.558801,0.32137118371720064,0.0,0.212959
2022-12-09_14:21:57.695877,0.32137118371720064,-0.07218479307025127,0.582929
2022-12-09_14:25:56.784537,0.32137118371720064,-0.07239382239381253,0.358458
2022-12-09_14:27:06.174130,0.5359056806002238,-0.04829751267809712,0.748843
2022-12-09_14:39:02.222347,0.47518479408659164,-0.09454029780193718,0.490159
2022-12-09_14:43:28.619069,0.4731861198738141,-0.09372071227742307,0.551791
2022-12-09_14:51:28.515421,0.37273695420660946,-0.04739336492891599,0.365257
2022-12-12_08:27:41.209455,0.30864197530864335,-0.13134851138354442,0.828658
2022-12-12_08:38:08.114549,0.35353535353535026,-0.17391304347826875,0.943239
2022-12-12_09:05:38.913813,0.6006006006006093,-0.043001505052675526,0.22095
2022-12-12_12:22:10.813978,0.4475385380407815,0.0,0.605471
2022-12-12_12:28:02.298890,0.30015007503751967,-0.0859106529209619,0.005318
2022-12-13_07:02:54.501172,0.30503304524656105,-0.08618832148243882,0.321028
2022-12-13_07:11:43.021733,0.41950707918196883,0.47961630695443347,0.827212
2022-12-13_07:11:47.427437,1.3619696176008445,0.28316270964932055,0.625592
2022-12-13_08:29:39.300993,0.41950707918196883,0.06616674018526947,0.614681
2022-12-13_08:31:00.414994,0.3146303093864766,-0.06622516556291647,0.476962
2022-12-13_09:15:01.798891,0.31397174254317317,-0.08762322015334334,0.070635
2022-12-13_10:01:43.904737,0.3640145605824152,-0.06483682731792673,0.856935
2022-12-13_10:25:53.386427,0.4155844155844246,0.0,0.057436
2022-12-13_11:00:12.619332,0.45203415369161615,0.18329938900203402,0.94682
2022-12-13_11:44:24.389514,0.30090270812437314,0.060520476094416686,0.445186
2022-12-13_12:23:28.053021,0.4561581348200727,0.06138735420504471,0.331357
2022-12-13_12:25:48.249744,0.3537139969681746,0.20454080589078494,0.122715
2022-12-13_12:54:07.923814,0.3047232097511454,0.08250825082507518,0.163839
2022-12-13_13:46:56.020026,0.3047232097511454,0.12210012210012167,0.234294
2022-12-13_14:33:06.840247,0.7216494845360799,-0.06138735420504471,0.404217
2022-12-14_08:14:13.448138,1.003167898627244,0.08316008316007206,0.444092
2022-12-14_09:20:26.480114,0.31347962382444194,0.16303240269004426,0.732528
2022-12-14_09:21:56.011576,0.3651538862806447,-0.3045066991473888,0.77036
2022-12-14_09:33:14.605397,0.31315240083507057,-0.040510431436091565,0.537463
2022-12-14_10:03:40.575028,0.47095761381474865,0.0,0.000792
2022-12-15_07:06:51.792690,0.3222341568206222,-0.12430080795524656,0.422795
2022-12-15_08:10:31.775991,0.31678986272438703,-0.10119409026512205,0.937864
2022-12-15_08:15:30.890734,0.37056643726840477,0.30413625304135383,0.846837
2022-12-15_11:41:13.470468,0.9852216748768461,-0.20964360587001352,0.239687
2022-12-15_11:41:46.649296,0.6670372429127269,0.44089859332354653,0.97802
2022-12-15_11:42:14.113677,0.9299781181619338,0.3529167531658661,0.083875
2022-12-15_11:43:31.559267,0.7637752318603308,-0.47916666666667496,0.380416
2022-12-15_11:44:31.718086,0.38398244651673963,-0.23065632208010278,0.14428
2022-12-15_11:47:16.913132,0.3829321663019636,-0.2742037544821718,0.806804
2022-12-15_11:56:48.472350,0.4888647474198704,0.1469661977745229,0.861111
2022-12-15_12:48:25.042767,0.5624296962879693,0,0
2022-12-15_14:13:07.321280,0.33277870216306127,-0.27896995708154293,0.967741
2022-12-15_14:13:44.195332,0.3296703296703285,0.10743446497636366,0.188662
2022-12-15_14:41:26.848308,0.49586776859504855,0.08565310492505418,0.955508
2022-12-16_07:09:29.442231,0.44150110375276164,0.06231823847111517,0.796275
2022-12-19_07:00:00.497037,0.4966887417218624,-0.6808335052609804,0.962493
2022-12-19_07:06:57.741218,0.49559471365638874,0.08305647840531893,0.986296
2022-12-19_07:15:22.387411,0.32626427406199365,-0.10328444536253922,0.15403
2022-12-19_07:43:37.992411,0.3284072249589487,0.04170141784820558,0.102735
2022-12-19_11:07:15.159790,0.3867403314917084,0.020811654526542434,0.651671
2022-12-20_09:27:36.055845,0.31746031746031633,-0.07633587786259888,0.988926
2022-12-20_09:34:31.381231,0.5296610169491567,0.038153376573824005,0.514885
2022-12-20_10:10:54.147572,0.36997885835095,0.0,0.085813
2022-12-20_14:03:22.709309,0.31746031746031633,0.09405568096312322,0.477735
2022-12-20_14:23:25.518453,0.3697834125726329,-0.018684603886387485,0.888297
2022-12-20_14:31:53.138360,0.37037037037037646,0.0,0.70924
2022-12-21_07:09:23.416246,0.3227541689080127,0.037432154220473635,0.84516
2022-12-21_07:10:19.323446,0.3767491926802924,-0.16885553470920023,0.288556
2022-12-21_07:11:23.677772,0.484131253362019,-0.3197893152746323,0.002003
2022-12-21_07:12:03.476040,0.5376344086021501,-0.01874765654292787,0.242337
2022-12-21_07:12:03.476334,0.4838709677419395,-0.01874765654292787,0.242043
2022-12-21_07:35:29.549319,0.32102728731941976,0.13089005235602524,0.828814
2022-12-21_08:10:22.030572,0.37573805689747886,0.01873009926953717,0.111531
2022-12-21_14:53:49.226303,0.4901960784313708,-0.17142857142857792,0.481433
2022-12-22_07:00:03.830225,0.547045951859948,0.6226415094339632,0.588717
2022-12-22_12:41:14.537431,0.37433155080213165,0.1610594130279086,0.670674
2022-12-23_07:15:19.661611,1.0905125408942284,-0.05388898868330383,0.249936
2022-12-23_08:34:07.791343,0.5390835579514919,-0.050744248985123974,0.668697
2022-12-26_07:00:12.513679,0.8583690987124415,-0.11902737629654325,0.784171
2022-12-26_07:00:13.988408,0.48102618920362605,0.18704301989458383,0.596181
2022-12-26_07:00:17.439902,0.32102728731941976,0.18704301989458383,0.144687
2022-12-26_07:00:19.020580,0.6399999999999961,-0.17003910899506813,0.277608
2022-12-26_07:13:53.807336,0.43057050592034685,-0.06794632240529896,0.798283
2022-12-26_08:10:33.784620,0.48102618920362605,0.0683060109289535,0.678041
2022-12-26_12:54:18.314066,0.3731343283582156,0.08300132802125937,0.033975
2022-12-27_07:00:01.385864,0.41950707918196883,-2.949234488315877,0.532472
2022-12-27_07:00:51.855924,0.3143006809848137,0.9426551453260101,0.245547
2022-12-27_07:08:17.180624,0.3054989816700715,0.16737674984783624,0.832116
2022-12-27_07:09:18.528610,0.3514056224899642,0.34827377347061983,0.132375
2022-12-27_07:19:43.360749,0.45894951555329744,-0.1864222463880738,0.155048
2022-12-27_07:20:45.696342,0.5615109749872449,0.10879701585329027,0.929564
2022-12-27_07:26:33.416616,0.30364372469635637,-0.25966091339544306,0.079406
2022-12-27_08:15:36.228266,0.31185031185030354,-0.20052444855775953,0.425467
2022-12-27_08:35:08.242533,0.36439354502864063,-0.04613255420575779,0.365204
2022-12-27_08:53:18.715196,0.5801687763713037,-0.09457755359394415,0.128939
2022-12-27_09:23:44.976930,0.31315240083507057,0.0,0.13536
2022-12-27_12:23:06.643435,0.41536863966771254,-0.03047386865762114,0.00034
2022-12-27_12:31:42.073840,0.3110419906687367,0.030409001064324315,0.150334
2022-12-27_13:18:52.229635,0.3112033195020736,0.015146925174192027,0.355742
2022-12-27_14:59:15.378157,0.36534446764091566,0.3016591251885359,0.749688
2022-12-28_07:11:26.875818,0.37194473963868546,-0.14999250037497358,0.098687
2022-12-28_07:52:40.707078,0.3273322422258529,0.3554119547657608,0.475141
2022-12-28_08:48:10.374789,0.5053340819764163,0.15062761506277056,0.105016
2022-12-29_07:00:03.904383,0.40160642570281624,-0.5253940455341555,0.608423
2022-12-29_07:01:08.289213,0.4046242774566444,-0.35417035594120794,0.779491
2022-12-29_07:09:04.399640,0.40721349621872793,-0.47255543438748937,0.075474
2022-12-29_07:43:57.352011,0.4703115814226999,-0.16528925619834212,0.534554
2022-12-29_09:57:09.819252,0.588235294117645,0.0708466170740385,0.262228
2022-12-29_10:11:43.677057,0.4039238315060478,0.13790725736941845,0.794834
2022-12-29_11:05:14.005772,0.4509582863585049,0.10128291694799785,0.509259
2022-12-30_08:20:08.966017,0.38525041276828986,-0.05346640527534863,0.99622
2022-12-30_08:52:40.431374,0.4439511653718142,0.07163323782235498,0.986241
2022-12-30_11:03:28.164950,1.0044642857142794,0.08735150244583156,0.880278
2023-01-02_07:01:37.954184,0.4514672686230181,-0.3103983445421621,0.044088
2023-01-02_07:03:15.297807,0.5084745762711895,-0.05190311418685756,0.877911
2023-01-03_14:43:40.134992,0.340136054421758,0.22095959595960224,0.447038
2023-01-04_12:58:11.772739,1.1124121779859442,0.04897959183673972,0.184197
2023-01-04_12:59:05.218703,0.5834305717619559,0.0,0.279264
2023-01-04_13:01:31.685151,1.1130638547158789,-0.04912395611593734,0.159802
2023-01-04_13:03:32.713420,0.760678759508493,0.09861932938854956,0.15719
2023-01-05_08:27:57.700105,0.30637254901961786,0.5352209944751385,0.935669
2023-01-05_08:30:54.486122,0.3037667071688954,0.2890664852916114,0.466996
2023-01-05_13:19:35.727001,0.3103662321539469,0.10357327809424888,0.372567
2023-01-06_07:12:53.420557,0.32446463335495945,-0.2695902228612601,0.975306
2023-01-06_07:59:12.837721,0.5312084993359889,0,0
2023-01-06_08:02:17.428997,0.39499670836076195,0.21969974368363232,0.880661
2023-01-06_08:50:13.809934,0.3824091778202643,-0.07159477358151811,0.319625
2023-01-06_08:52:00.599280,1.0107391029690493,-0.39194726527702617,0.62393
2023-01-06_09:22:59.198350,0.6293266205160464,-0.19738022609008254,0.105346
2023-01-06_09:23:27.503052,0.37664783427495685,-0.03575898444483361,0.259209
2023-01-06_09:24:48.210457,0.31347962382444194,0.08955758552748883,0.875826
2023-01-06_09:28:04.891075,0.3111387678904842,0.08904719501334757,0.227838
2023-01-06_11:22:56.463533,0.3729024238657619,0.05388898868330383,0.708194
2023-01-06_11:24:40.219019,0.37359900373599153,-0.14495379597754265,0.184982
2023-01-06_11:25:15.569560,0.9345794392523255,0.2540834845734974,0.172464
2023-01-06_11:25:27.211229,1.0585305105853093,-0.07250317201377143,0.000977
2023-01-06_11:25:54.967964,0.7453416149068248,-0.23444544634805276,0.545373
2023-01-06_11:26:26.692847,0.31055900621117516,-0.12610340479193294,0.006993
2023-01-06_11:27:00.928228,0.5576208178438735,-0.09026900162483198,0.000309
2023-01-06_11:27:47.437270,0.37105751391466324,0.1263766022747692,0.941199
2023-01-06_11:28:18.976860,0.30921459492887493,0.0721630885802016,0.454229
2023-01-06_13:31:43.608679,0.3056234718826323,0.1388647804200671,0.705824
2023-01-06_13:38:39.976059,0.3667481662591676,-0.06902502157031254,0.375523
2023-01-06_13:58:46.204807,0.3050640634533197,-0.152957171991841,0.686865
2023-01-09_07:06:31.862576,0.3012048192771122,-0.11908812521266299,0.404394
2023-01-09_10:58:45.261979,0.4050925925925819,-0.11902737629654325,0.141511
2023-01-09_11:00:09.559938,0.3490401396160525,-0.22157831941367334,0.000517
2023-01-09_11:00:58.499610,0.3506721215663422,-0.18842069201780998,0.003169
2023-01-09_11:01:17.389134,0.46484601975596007,0.1537410317731469,0.368413
2023-01-09_13:39:19.502538,0.5238649592549383,0.1481237656352885,0.791909
2023-01-09_14:27:07.504535,0.8433734939758963,-0.06769334912843927,0.403009
2023-01-09_14:29:16.136555,0.3024803387779773,0.11876484560569,0.595057
2023-01-10_07:12:34.494612,0.48929663608563434,-0.11902737629654325,0.103702
2023-01-10_07:35:25.135933,0.8064516129032251,0.25645409471704017,0.804649
2023-01-10_07:35:25.137269,0.92592592592593,0.25645409471704017,0.803313
2023-01-10_07:35:58.011606,0.49443757725586845,0.10261672652642773,0.607979
2023-01-10_09:36:15.269079,0.41346721795629815,0.08520790729380501,0.650961
2023-01-10_09:36:54.507361,0.4700352526439522,0.03404834865508022,0.321219
2023-01-10_11:26:57.767257,0.5865102639296182,0.034270047978068874,0.18734
2023-01-10_11:42:16.219557,0.34502587694076325,0.17003910899506813,0.410623
2023-01-10_11:43:18.901570,0.3468208092485492,-0.1189869114397446,0.550821
2023-01-10_11:43:25.573395,0.461627236006934,0.10197144799455327,0.586538
2023-01-10_12:16:42.884318,0.5199306759098743,-0.18764926646195335,0.075469
2023-01-10_12:22:01.863123,0.4618937644341736,0.10214504596526286,0.505055
2023-01-10_12:36:49.633359,0.39772727272726627,0.13483903590090218,0.866902
2023-01-10_12:37:00.595594,1.1871113623516116,0.20219039595619215,0.903853
2023-01-10_12:37:11.935564,0.3397508493771184,-0.18527876031666501,0.252777
2023-01-10_12:38:04.221912,0.3409090909090917,-0.2535925612848766,0.188749
2023-01-10_12:39:59.769635,0.5707762557077611,0.03372681281619272,0.993976
2023-01-10_12:53:31.212734,0.742009132420085,0.3357394661742452,0.456223
2023-01-10_13:03:20.845857,0.45274476513865736,0.1007556675062915,0.717596
2023-01-10_13:06:31.832608,0.3948110547095318,0.05034401745258599,0.219708
2023-01-10_13:09:29.373252,0.3374578177727683,-0.21878155503196606,0.632353
2023-01-10_13:10:13.899681,0.5614823133071267,0.10087424344318308,0.127375
2023-01-10_13:10:27.663969,0.39237668161435924,-0.05044560282494448,0.452341
2023-01-10_13:10:37.222399,0.3919372900335949,0.05044560282494448,0.697257
2023-01-10_13:16:25.668538,0.45274476513865736,-0.016852039096737492,0.843458
2023-01-10_14:10:54.074866,1.865889212827998,-0.0514315103720131,0.4903
2023-01-10_14:15:05.513089,0.4634994206257348,0.0,0.587228
2023-01-10_14:16:21.557649,1.333333333333342,-0.05131713992474474,0.442753
2023-01-10_14:16:36.216834,0.6936416184971206,0.06838775859121515,0.002787
2023-01-10_14:43:13.191674,0.6006006006006093,0,0
2023-01-10_14:46:45.751382,1.564380264741283,0,0
2023-01-10_14:49:01.728010,0.6006006006006093,0,0
2023-01-10_14:53:55.039364,0.3573555687909513,0,0
2023-01-11_07:23:35.934989,0.7250755287009136,0.1630434782608603,0.517002
2023-01-11_07:23:52.563902,0.42168674698794817,0.19866353621094124,0.54165
2023-01-11_07:23:53.876423,1.3805522208883536,0.19859180357464368,0.584201
2023-01-11_07:24:19.969022,1.2559808612440104,0.16187050359712796,0.48368
2023-01-11_07:32:03.121400,0.7831325301204783,0.23520897412701025,0.277804
2023-01-11_07:35:37.793480,0.42016806722688926,-0.14508523757708058,0.816763
2023-01-11_07:40:51.025422,0.3024803387779773,0.10942914462885867,0.489429
2023-01-11_07:44:13.398938,0.5421686746987842,-0.09110787172010859,0.687368
2023-01-11_07:48:08.626732,0.3560830860534159,0.09033423667570428,0.928148
2023-01-11_07:49:53.717821,0.4149377593360981,0.12612612612612484,0.185203
2023-01-11_08:24:51.812157,0.3571428571428559,-0.053956834532375986,0.730816
2023-01-11_08:26:41.683272,0.3571428571428559,0.05396654074474316,0.372189
2023-01-11_11:38:10.922187,0.5229517722254551,0.22070995034026986,0.47717
2023-01-11_11:42:39.768875,0.35231943628890594,0.2955301071296601,0.643861
2023-01-11_11:48:35.559884,1.1716461628588082,0.14662756598240456,0.120846
2023-01-11_11:48:36.587078,1.9836639439906545,-0.1282756093091475,0.093652
2023-01-11_12:30:26.832421,0.4602991944764101,0.12783053323592863,0.167464
2023-01-11_12:31:19.080194,0.34403669724769603,0.036423238025862226,0.019098
2023-01-11_13:24:47.859906,0.4074505238649495,0.09192866335723249,0.058143
2023-01-12_07:00:01.038450,1.0863005431502648,0.603204524033929,0.691572
2023-01-12_07:00:17.119466,1.0701545778834642,-0.3203316374599696,0.322512
2023-01-12_07:00:18.411471,2.6470588235294024,0.39585296889725896,0.558657
2023-01-12_07:00:20.252311,0.6864988558352492,0.39585296889725896,0.717817
2023-01-12_07:00:21.346363,0.8522727272727293,0.39585296889725896,0.623765
2023-01-12_07:00:35.889954,0.47477744807120636,0.244636808430565,0.349241
2023-01-12_07:03:06.304133,0.4139562389118945,-0.20696142991534217,0.914422
2023-01-12_07:30:08.764725,0.3502626970227629,0.03739016638624193,0.437484
2023-01-12_07:48:03.929368,0.40911747516072516,0.03716781267422142,0.654194
2023-01-12_09:44:30.052858,1.4934289127837452,-0.037320395596185385,0.000305
2023-01-12_10:01:17.346816,0.47562425683709275,-0.13150479053165576,0.004018
2023-01-12_10:17:54.247460,0.7965686274509887,0,0
2023-01-12_10:28:13.076679,0.31230480949406836,0,0
2023-01-12_10:35:34.218074,0.6289308176100628,-0.21886191802626964,0.040776
2023-01-12_10:37:42.608718,0.561797752808979,-0.15888778550148253,0.045208
2023-01-12_10:37:56.412597,1.3092269326683281,0.1587616590593477,0.981775
2023-01-12_10:44:11.172269,0.30637254901961786,-0.2536585365853661,0.900276
2023-01-12_10:51:13.905220,0.3058103975535076,-0.17377872176096432,0.543679
2023-01-12_10:53:35.753629,0.4283965728274275,-0.23094688221709792,0.802905
2023-01-12_11:36:05.179108,0.3676470588235281,-0.05723006486073601,0.422642
2023-01-12_12:35:40.878401,0.42067307692308376,-0.03780718336483524,0.61913
2023-01-12_14:33:43.592107,0.41346721795629815,-0.11074197120708451,0.405265
2023-01-12_14:33:53.169855,0.41224970553592755,0.07382798080473041,0.971416
2023-01-12_14:40:50.589029,0.4105571847507372,-0.16617429837517683,0.47349
2023-01-12_14:41:15.535071,0.41007615700059397,-0.09245562130177909,0.096624
2023-01-12_14:41:30.261364,0.5868544600938996,0.11102886750555818,0.310707
2023-01-12_14:42:34.714507,0.5278592375366653,0.07392348918868752,0.03763
2023-01-12_14:45:16.626640,0.35419126328217754,0.2606105733432562,0.530822
2023-01-12_14:48:27.905699,0.41346721795629815,-0.05587632706276491,0.321329
2023-01-13_07:13:17.718087,0.34662045060658286,0.07459903021260761,0.614158
2023-01-13_10:38:42.831283,1.5081206496519783,-0.07458512026849995,0.000847
2023-01-13_10:38:52.670976,1.2145748987854255,0.0,0.330432
2023-01-16_08:34:25.404089,0.4991680532445919,0.09026900162483198,0.189907
2023-01-16_08:34:25.404588,0.4991680532445919,0.09026900162483198,0.189408
2023-01-16_08:37:14.556657,0.7222222222222241,0.10849909584087492,0.244944
2023-01-16_08:37:21.994427,0.498614958448762,0.12642225031604948,0.124278
2023-01-16_08:37:29.775522,0.8844665561083431,-0.16251354279523955,0.046631
2023-01-16_08:37:42.244497,0.3300330033003229,0.018037518037528066,0.001635
2023-01-16_08:59:37.984106,0.3236245954692629,0.08727526618956816,0.122389
2023-01-16_10:57:02.282929,0.32537960954446277,0.08807468733484924,0.00873
2023-01-16_11:07:10.019125,0.37776578521315773,0.0527797325826862,0.043856
2023-01-16_12:27:55.029030,0.5907626208378147,0.07012622720896644,0.510184
2023-01-17_07:00:02.557736,0.41884816753927634,0.35044681969511604,0.499744
2023-01-17_07:02:09.214299,0.5768222338752071,0.07007708479327412,0.386514
2023-01-17_08:17:04.479066,0.32000000000000917,0.12400354295836191,0.469811
2023-01-17_08:49:23.622164,0.31864046733935947,0.05319148936169249,0.37272
2023-01-18_07:00:00.755340,0.32345013477088624,0.2504472271914082,0.35963
2023-01-18_08:34:08.312326,0.3138075313807498,0.051220761481984844,0.118215
2023-01-18_14:57:27.434826,0.3236245954692629,0.052910052910060124,0.672348
2023-01-19_07:00:02.563661,0.4287245444801746,0.3017394391196415,0.567261
2023-01-19_07:55:55.309111,0.3680336487907443,-0.06967427277477789,0.325069
2023-01-19_14:03:12.298966,0.42417815482502785,0.06883496816383339,0.660955
2023-01-19_14:14:21.110653,0.3143006809848137,0.13543253766716834,0.584301
2023-01-20_07:16:12.919569,0.3678402522333091,0.08520790729380501,0.339967
2023-01-20_07:17:05.984794,0.31496062992126816,0.08514986376022549,0.135524
2023-01-20_11:27:58.029692,0.30565461029037344,0.11680293675955244,0.878816
2023-01-20_12:00:53.634132,0.41109969167523186,0.05083022704168716,0.882647
2023-01-20_13:09:24.014460,0.35335689045936647,0.2691337258200255,0.886156
2023-01-20_13:47:17.729495,0.5673027333677139,0.1024240355069983,0.01805
2023-01-20_13:52:56.716418,0.5154639175257714,-0.08530967411704005,0.747953
2023-01-20_13:53:56.676131,0.5643919958953303,-0.10212765957446912,0.013989
2023-01-20_13:59:04.396310,0.6125574272588086,0.13550135501354532,0.632176
2023-01-20_14:31:27.806332,0.5130836326321164,0.10209290454312736,0.742086
2023-01-20_14:45:53.487261,0.3076923076922977,0.08514986376022549,0.47594
2023-01-23_07:01:11.949143,0.5502751375687787,0.15200135112312108,0.424795
2023-01-23_07:04:19.861011,0.352289884247603,0.16894745734077343,0.182192
2023-01-23_08:35:22.241192,0.3030303030302939,0.08355614973261094,0.37079
2023-01-23_14:13:04.658409,0.3505257886830204,-0.19662461084712923,0.50788
2023-01-23_14:20:50.669495,0.3024193548387011,0.11473528929684118,0.636541
2023-01-23_14:22:37.665096,0.35193564605329186,-0.09813542688910104,0.73037
2023-01-23_14:22:42.110306,0.3016591251885359,-0.14727540500736325,0.021259
2023-01-23_14:45:01.452092,0.35193564605329186,-0.16501650165017256,0.829059
2023-01-23_14:53:31.134958,0.4615384615384688,-0.10094212651412526,0.201429
2023-01-24_07:00:43.204734,0.35787321063394106,0.13333333333334085,0.880617
2023-01-24_07:53:50.789611,0.36900369003689537,-0.22237427300717538,0.444881
2023-01-24_08:42:11.018250,0.3659174072137894,0.16891891891892552,0.678681
2023-01-24_10:21:12.426169,0.3157894736842026,-0.10050251256281673,0.570402
2023-01-24_11:08:47.690763,0.36958817317844783,0.01666388935177565,0.00425
2023-01-24_12:40:03.157104,0.4232804232804144,0.06694560669455729,0.80085
2023-01-24_13:09:03.014223,0.36477331943720603,0.06567066163192248,0.987712
2023-01-25_08:30:13.871852,0.3016591251885359,-0.048828125,0.191777
2023-01-25_08:31:12.950460,0.35211267605634866,0.06514657980456473,0.398887
2023-01-25_09:58:43.759641,0.591715976331364,0.0,0.551169
2023-01-25_11:49:51.925321,0.3054989816700715,0,0
2023-01-26_07:23:31.957522,0.3883495145631022,0.13333333333334085,0.200311
2023-01-26_07:53:40.636535,0.3411306042885087,-0.10005002501249916,0.876292
2023-01-26_07:54:42.750057,0.3898635477582957,0.10026737967914201,0.602389
2023-01-26_09:32:09.904328,0.34602076124568004,-0.06680026720107257,0.828092
2023-01-26_09:36:56.245307,0.34516765285996787,-0.03334444814937498,0.401442
2023-01-26_14:59:53.662096,0.36250647332987107,0.11923011412025009,0.685503
2023-01-27_07:00:13.627136,0.46874999999999556,0.22503029253937434,0.343151
2023-01-27_07:16:26.642064,0.3575076608784533,-0.13800241504227095,0.998757
2023-01-27_07:17:20.207796,0.3575076608784533,0.12054417082831836,0.763216
2023-01-27_07:17:24.246521,0.3059663437021909,-0.1205234159779689,0.589722
2023-01-27_08:13:44.172665,0.31512605042016695,-0.12387188108300418,0.458741
2023-01-27_08:14:40.354779,0.31529164477142047,0.05306916681409035,0.657558
2023-01-27_08:17:17.896343,0.31529164477142047,-0.07067137809186885,0.202639
2023-01-27_08:27:52.854535,0.31397174254317317,-0.05277044854881119,0.005899
2023-01-27_10:05:45.488658,0.31662269129286713,0.0,0.008577
2023-01-27_12:50:38.044996,0.3300330033003229,-0.960271135379398,0.490199
2023-01-27_12:52:52.273737,0.5044843049327286,-0.14989694584972568,0.02648
2023-01-27_12:54:41.035441,0.3296703296703285,0.1667284179325712,0.941028
2023-01-27_12:55:04.150018,0.43859649122806044,0.22181146025876952,0.839587
2023-01-27_13:27:08.271132,0.43715846994536456,0.11041589988958211,0.858608
2023-01-27_14:14:00.535764,0.3816793893129722,0.1797914419273683,0.432725
2023-01-27_14:16:40.803758,0.3248511099079643,0.1784121320249854,0.817777
2023-01-27_14:28:26.426186,0.3802281368821214,0.035727045373357136,0.595942
2023-01-27_14:42:13.304296,0.3236245954692629,-0.10638297872340718,0.017479
2023-01-30_07:50:31.081485,0.33222591362125353,-0.03599064243295924,0.86837
2023-01-30_09:41:30.513707,0.33444816053511683,0.053744177714087904,0.473362
2023-01-30_10:53:09.898980,0.33333333333334103,0.05348546978070079,0.208638
2023-01-30_11:33:16.319658,0.729517396184054,0.03600360036004613,0.012513
2023-01-30_12:10:17.520325,0.38932146829810943,0.017879492222427906,0.348783
2023-01-30_13:30:42.459810,0.3316749585406287,-0.01777461784571166,0.149748
2023-01-30_14:47:25.033509,0.562746201463149,0.017784101013695874,0.340188
2023-01-31_08:52:49.861088,0.35190615835776207,0.055096418732780705,0.076278
2023-01-31_08:54:26.719341,0.5247813411078717,0,0
2023-02-01_07:21:51.520857,0.4156769596199483,-0.18034265103696878,0.000261
2023-02-01_07:21:58.727712,0.5941770647653,-0.12630819198844456,0.064741
2023-02-01_07:23:06.534617,0.7130124777183555,-0.03610108303249149,0.569207
2023-02-01_09:03:47.518934,0.5454545454545379,0.09115770282588365,0.89683
2023-02-01_10:08:19.107529,0.3671970624234966,0.0731662703493674,0.837729
2023-02-01_12:21:23.313503,0.5421686746987842,-0.15929203539823966,0.287247
2023-02-01_13:09:58.945249,0.47761194029851683,0.0701508242721749,0.506272
2023-02-01_13:10:10.594369,0.6532066508313505,0.33292447871036135,0.63466
2023-02-02_07:04:55.226807,0.31645569620253333,0.13008734435977498,0.87371
2023-02-02_07:23:53.117233,0.3783102143757988,0.07363770250368162,0.551041
2023-02-02_07:26:59.451969,0.6325110689437086,-0.11074197120708451,0.026575
2023-02-02_07:27:36.814641,0.8201892744479578,-0.1103752759381793,0.623189
2023-02-02_07:35:16.500503,0.4410838059231148,-0.05494505494505475,0.831668
2023-02-02_07:42:07.911682,0.31847133757962887,-0.07393715341958984,0.306183
2023-02-02_07:46:17.039150,0.831202046035795,-0.09285051067779992,0.572143
2023-02-02_07:53:37.515302,0.5138086062941527,0.14847809948033142,0.523908
2023-02-02_07:54:38.134637,0.383386581469658,-0.14768321949418795,0.904954
2023-02-02_07:59:24.653028,0.3190810465858229,0.018429782528572858,0.95027
2023-02-02_08:25:10.768711,0.4326328800988932,0.10869565217390686,0.99158
2023-02-02_08:26:07.815749,0.30883261272389717,0.2532103454512491,0.016392
2023-02-02_12:59:05.992139,1.342281879194629,-0.2074297567414618,0.287436
2023-02-02_12:59:11.360832,1.070950468540821,0.13190126248350253,0.141397
2023-02-02_12:59:24.166412,0.8064516129032251,-0.2259887005649608,0.438508
2023-02-02_12:59:34.817472,0.8742434431741719,-0.11307953260459858,0.0039
2023-02-02_12:59:36.465353,0.9389671361502261,0.11307953260459858,0.996463
2023-02-02_13:00:26.961959,0.40106951871656804,-0.07570022710068347,0.776746
2023-02-02_13:00:36.009387,0.40160642570281624,-0.09471490812653638,0.025311
2023-02-02_13:05:06.696366,0.9491525423728886,-0.11452567283831705,0.155882
2023-02-02_13:05:08.744760,0.6756756756756799,-0.21016431027893745,0.06702
2023-02-02_13:15:02.241903,0.34482758620688614,0,0
2023-02-02_13:17:36.358790,0.4126547455295837,0,0
2023-02-02_13:22:11.714132,0.5434782608695565,0,0
2023-02-02_13:37:24.677446,0.4778156996587013,0.057814607824235864,0.003662
2023-02-02_14:18:56.780084,0.4791238877481119,-0.0764525993883769,0.618525
2023-02-02_14:32:49.363057,0.33489618218351946,-0.3196690485144815,0.808581
2023-02-02_14:42:23.308939,0.46113306982871194,-0.03670398238209138,0.000358
2023-02-02_14:43:25.800506,0.3287310979618763,-0.11025358324145973,0.376693
2023-02-03_07:02:04.188207,0.8968609865470878,-0.45462493442909313,0.43288
2023-02-03_07:02:07.716049,0.8968609865470878,-0.5789473684210567,0.079355
2023-02-03_10:03:55.423955,0.33444816053511683,0,0
2023-02-03_10:12:22.131754,0.33670033670034627,0,0
2023-02-03_11:27:47.632793,0.33377837116155273,0.05802707930366857,0.488579
2023-02-03_11:40:24.547031,0.33222591362125353,0.03862495171880198,0.203239
2023-02-03_12:14:56.738652,0.33046926635822427,0.05778120184900537,0.326624
2023-02-03_12:51:00.288832,0.7838014369693003,0.038233607340854014,0.643376
2023-02-06_07:00:14.434446,0.32679738562091387,2.9667721518987333,0.341953
2023-02-06_07:00:23.561320,0.5270092226614009,4.0000000000000036,0.389256
2023-02-06_07:01:29.804259,0.6784260515603879,2.400000000000002,0.554357
2023-02-06_07:01:30.993402,0.8130081300812941,2.400000000000002,0.365214
2023-02-06_07:19:00.032134,0.7858546168958647,0.41291291291292165,0.976608
2023-02-06_07:19:00.046596,0.327653997378774,0.41291291291292165,0.962146
2023-02-06_07:19:00.229698,0.5878510777269863,0.41291291291292165,0.779044
2023-02-06_07:32:35.053939,0.327653997378774,0.0,0.153754
2023-02-06_09:06:06.826694,0.33333333333334103,0.0,0.866227
2023-02-06_11:21:17.410675,1.0309278350515427,0.0,0.697249
2023-02-06_11:26:07.369742,0.6896551724137945,0.039323633503740574,0.21906
2023-02-06_11:48:25.018253,0.5517241379310311,0.01984520738240736,0.686327
2023-02-06_12:21:45.333736,0.4149377593360981,0.0,0.617331
2023-02-06_13:22:18.480862,0.34746351633079264,0.0,0.399865
2023-02-06_13:37:55.305161,0.4132231404958775,0.0400962309542896,0.624804
2023-02-06_13:44:06.851902,0.47978067169294203,0.0,0.297444
2023-02-06_13:45:21.404453,0.340136054421758,0.0,0.197669
2023-02-06_13:45:28.822654,0.40816326530612734,0,0
2023-02-06_13:45:42.746976,0.6756756756756799,0.0801442596674029,0.459126
2023-02-06_13:47:08.483794,1.016949152542379,0.0,0.285389
2023-02-06_13:49:11.327144,0.4045853000674393,0.0,0.678091
2023-02-06_14:01:23.717552,0.4084411164057222,-0.040128410914919144,0.691804
2023-02-06_14:02:58.876276,0.6761325219743153,0.02004008016032177,0.227491
2023-02-06_14:03:03.251633,0.6040268456375841,0.0,0.992324
2023-02-06_14:19:52.587128,0.33467202141901353,-0.019402405898327757,0.445659
2023-02-06_14:34:29.303365,0.6008010680907949,0.0,0.923518
2023-02-06_14:34:39.989719,1.458885941644561,-0.01953125000000444,0.415785
2023-02-06_14:35:04.605996,0.7838014369693003,0.0,0.5593
2023-02-06_14:45:38.064506,0.33222591362125353,-0.03831417624520217,0.04224
2023-02-06_14:45:47.549175,0.660066006600668,0.019157088122612187,0.79298
2023-02-06_14:59:58.336007,1.926910299003315,0.0,0.136293
2023-02-06_14:59:59.495052,1.04302477183833,0,0
2023-02-07_07:00:01.582124,0.3300330033003229,-0.47528517110266844,0.694915
2023-02-07_07:00:01.611710,0.5284015852047519,-0.47528517110266844,0.665329
2023-02-07_07:00:07.886515,0.5256241787122251,-0.20916524054002128,0.200793
2023-02-07_07:06:55.851315,0.3300330033003229,0.05791505791505891,0.629232
2023-02-07_07:07:04.873986,0.7246376811594235,0.09639483323693465,0.481978
2023-02-07_09:52:47.928487,0.4181184668989646,0.03877471888329431,0.408785
2023-02-07_10:39:06.882811,0.35137034434293835,-0.13858641853099485,0.947431
2023-02-07_10:41:25.198203,0.42313117066290484,-0.25783419278064823,0.167398
2023-02-07_10:41:29.105932,0.4929577464788837,0.25778306563553066,0.443094
2023-02-07_10:41:32.667901,0.4929577464788837,0.13864131511189814,0.920338
2023-02-07_10:41:45.044780,0.35137034434293835,0.059382422802856105,0.487316
2023-02-07_10:41:48.685996,0.42194092827003704,0.17818253811126006,0.932226
2023-02-07_10:41:52.670002,0.35137034434293835,-0.09899029895070743,0.551027
2023-02-07_10:41:56.623676,0.35137034434293835,0.13861386138613874,0.773623
2023-02-07_11:21:37.104016,0.42949176807445255,0.059476605868358234,0.058861
2023-02-07_11:26:08.977356,0.3576537911301969,-0.18000000000000238,0.502832
2023-02-08_07:00:00.485539,2.8963414634146423,-0.9957325746799528,0.664301
2023-02-08_07:00:03.929500,3.443223443223453,0.6072874493927127,0.849423
2023-02-08_07:03:00.421169,0.3037205770690887,-0.9898904802021935,0.124368
2023-02-08_07:03:04.500519,0.3039513677811634,0.9898904802021935,0.38493
2023-02-08_07:04:03.974599,0.3816793893129722,0,0
2023-02-08_07:04:52.073742,0.6106870229007688,0,0
2023-02-08_07:05:28.292232,0.4552352048558417,0,0
2023-02-08_07:08:24.738643,0.3822629969419067,0,0
2023-02-08_07:08:25.240674,0.3053435114503733,0,0
2023-02-15_07:00:13.310705,3.1294452347083945,-1.980198019801982,0.070807
2023-02-15_07:00:28.856870,0.694444444444442,-1.400670743736443,0.511725
2023-02-15_07:00:41.669905,0.34482758620688614,-1.3007489160425711,0.610443
2023-02-15_07:00:51.316963,0.7638888888888973,0.8464566929133888,0.304746
2023-02-15_07:01:10.261598,0.694444444444442,0.5870841487279899,0.778547
2023-02-15_07:02:14.298136,0.6267409470751995,0.5273437500000089,0.689479
2023-02-15_07:07:30.368352,0.6983240223463749,0.15686274509802978,0.528335
2023-02-15_07:09:49.594525,0.34602076124568004,0.07757951900697613,0.691923
2023-02-15_07:13:52.449465,0.34482758620688614,0.11496455259627503,0.911994
2023-02-15_07:19:22.265544,0.40788579197823527,0.2465389721221234,0.143925
2023-02-15_07:20:53.359594,0.3385240352064889,0.3034901365705611,0.538011
2023-02-15_07:21:53.678965,0.5326231691078487,0.39533132530120696,0.60386
2023-02-15_07:23:24.043828,0.46419098143235527,0.15080113100849335,0.167921
2023-02-15_07:25:38.871461,0.39814200398142763,0.15023474178403884,0.678532
2023-02-15_07:41:04.541537,0.4005340453938633,0.07479431563202077,0.791042
2023-02-15_07:43:59.258427,0.5968169761273234,-0.03736222678871748,0.589112
2023-02-15_07:50:41.427474,0.3306878306878369,-0.03712641544459938,0.702222
2023-02-16_07:00:01.318347,1.2461059190031154,-1.0260869565217323,0.378829
2023-02-16_07:00:02.774391,0.8684863523573227,-1.9122807017543764,0.001771
2023-02-16_07:00:18.048477,0.7532956685499137,-1.7543859649122862,0.027652
2023-02-16_07:00:20.812833,0.43613707165108817,1.7017543859649154,0.746491
2023-02-16_07:00:58.393820,0.4313000616142926,-0.9788498514245791,0.472245
2023-02-16_07:02:28.672991,0.30674846625766694,-0.2942194530979547,0.486481
2023-02-16_07:03:44.357162,0.30864197530864335,-0.3300330033003229,0.668591
2023-02-16_07:06:23.608595,0.3126954346466482,0.17513134851139256,0.839113
2023-02-16_07:06:59.121216,0.37878787878788955,1.7297297297297343,0.693528
2023-02-16_07:07:01.001389,0.3150598613736566,1.0892857142857038,0.414059
2023-02-16_07:07:04.890784,0.3783102143757988,-1.1615439599714117,0.524664
2023-02-16_07:07:06.045993,0.3783102143757988,-1.1615439599714117,0.021881
2023-02-16_07:07:09.122633,0.31565656565657463,-0.8035714285714368,0.288544
2023-02-16_07:07:09.122836,0.31525851197982124,-0.8035714285714368,0.288341
2023-02-16_07:09:37.176065,0.31847133757962887,0.43064776601471344,0.546895
2023-02-16_07:10:25.610083,0.3816793893129722,0,0
2023-02-16_07:12:23.423290,0.3207184092366866,0,0
2023-02-16_07:13:16.148782,0.5124919923126248,0,0
2023-02-16_07:13:26.569179,1.0178117048346147,0,0
2023-02-16_07:13:31.994955,0.6975269499048808,0,0
2023-02-16_07:13:48.214841,0.5063291139240533,0,0
2023-02-16_08:00:02.698277,0.8269720101781175,-0.5421033610408355,0.383432
2023-02-16_08:42:17.452371,1.2582781456953684,-0.37278657968313755,0.985311
2023-02-16_08:44:25.646975,0.3939592908732692,-0.12955765315565415,0.922049
2023-02-16_09:37:35.202066,0.5298013245033095,0.0741289844329085,0.006224
2023-02-16_12:17:15.427876,0.5204944697462688,-0.03679852805886785,0.499768
2023-02-16_13:00:38.960905,0.38461538461538325,0.05499541704858668,0.924496
2023-02-16_13:00:53.432008,0.31948881789136685,0.1281816517121337,0.146001
2023-02-16_14:59:55.079780,0.33090668431501324,0.2865876958349167,0.988023
2023-02-16_14:59:56.690731,0.5277044854881341,0.19087612139720989,0.377072
2023-02-17_07:19:03.603972,0.33090668431501324,-0.9353078721745955,0.216373
2023-02-17_07:19:03.609123,0.46113306982871194,-0.9353078721745955,0.211222
2023-02-17_07:35:40.709458,0.3957783641160839,0.23201856148491462,0.709521
2023-02-17_07:37:38.950476,0.39525691699604515,-0.15503875968991832,0.324743
2023-02-17_07:43:33.525271,0.31867431485022024,-0.29695619896066283,0.346726
2023-02-17_08:14:42.609827,0.32467532467532756,0.07564296520423675,0.795902
2023-02-17_08:15:01.609765,0.38860103626943143,0.1512859304084735,0.812286
2023-02-17_08:22:04.990697,0.5211726384364734,-0.07547169811321641,0.355391
2023-02-17_08:45:36.236633,0.3875968992248069,0.07434944237918462,0.248577
2023-02-17_08:55:43.951229,0.3162555344718543,-0.219780219780219,0.313375
2023-02-17_09:35:51.187047,0.31347962382444194,-0.07309941520468044,0.163736
2023-02-17_12:11:30.442474,0.3232062055591456,0.0,0.60694
2023-02-17_12:18:22.038022,1.2812299807815508,0.22692889561271024,0.723695
2023-02-17_12:18:53.565823,0.6414368184733732,0.0,0.092934
2023-02-17_14:59:58.077991,0.4548408057180042,0.0,0.054814
2023-02-20_14:14:49.642375,0.32981530343008103,-0.1536098310291889,0.300954
2023-02-20_14:57:35.273279,0.3313452617627499,0.15349194167306734,0.544256
2023-02-21_07:00:01.222306,0.9144350097975096,0.6019563581640242,0.45245
2023-02-21_07:00:01.848485,0.5177993527508029,0.6019563581640242,0.826271
2023-02-21_07:00:04.890593,0.5829015544041471,-0.5263157894736858,0.784163
2023-02-21_07:05:09.713856,0.3868471953578423,-0.22321428571427937,0.086758
2023-02-21_07:05:24.349609,0.3198976327575265,-0.22338049143708627,0.054218
2023-02-21_07:41:07.342321,0.38510911424902705,-0.07530120481926694,0.069799
2023-02-21_08:43:12.019978,0.31847133757962887,0.07570022710068347,0.821014
2023-02-21_11:56:30.322682,0.4507405022537103,0.07633587786259888,0.388501
2023-02-21_11:57:11.757567,1.21716848174247,0.15255530129671957,0.402609
2023-02-21_11:58:06.381158,0.7001909611712209,-0.07621951219511924,0.585593
2023-02-22_07:00:08.392563,0.33046926635822427,0.3132341425215346,0.445826
2023-02-22_09:47:36.232048,1.3131976362442455,0.0779423226812126,0.884698
2023-02-22_13:42:23.130247,0.3240440699935121,0,0
2023-02-22_14:09:34.956370,0.9132420091324311,-0.15600624024960652,0.7881
2023-02-22_14:19:13.082415,0.9803921568627416,-0.07800312012480326,0.213038
2023-02-23_10:22:46.784888,0.44642857142858094,-0.07745933384972759,0.351362
2023-02-23_12:13:22.686344,0.3799873337555493,0.07776049766718973,0.48304
2023-02-23_14:44:00.532387,0.38289725590299195,0.07757951900697613,0.602955
2023-02-24_07:40:29.745976,0.31347962382444194,0.15337423312884457,0.102816
2023-02-24_07:44:18.179042,0.3119151590767366,0.07651109410864443,0.686718
2023-02-24_07:46:19.098203,0.43343653250773606,-0.15255530129671957,0.882778
2023-02-28_07:00:04.883768,0.31347962382444194,-0.16012810248198228,0.186937
2023-02-28_07:00:42.579010,0.8104738154613544,-0.16000000000000458,0.065464
2023-02-28_08:16:29.967651,0.8755472170106415,-0.08012820512821595,0.284798
2023-03-01_07:15:34.823993,0.9003215434083556,-0.08368200836819106,0.040798
2023-03-03_07:00:41.882198,0.6036217303822866,0.36596523330283404,0.361162
2023-03-03_07:01:21.004270,0.9296148738379806,0.2732240437158362,0.568947
2023-03-03_07:16:03.751389,0.6618133686300487,-0.09082652134422275,0.399404
2023-03-03_10:18:50.620914,0.40160642570281624,0.0,0.402728
2023-03-06_10:27:35.552952,0.591715976331364,-0.09514747859182826,0.307594
2023-03-07_08:35:56.697599,0.3182686187142014,-0.09532888465204614,0.043838
2023-03-07_12:34:48.133572,1.3392857142857206,-0.09606147934677622,0.576857
2023-03-08_07:00:01.468233,0.3908794788273662,-0.19607843137254832,0.056543
2023-03-08_07:16:35.195218,1.1688311688311748,0.1966568338249708,0.069304
2023-03-08_13:28:57.308981,0.3992015968063978,0.05060728744938903,0.785116
2023-03-09_07:00:16.222069,0.3278688524590123,-0.254323499491349,0.77544
2023-03-09_10:56:33.979494,0.31948881789136685,0.09578544061301653,0.922426
2023-03-09_11:54:07.359510,0.322997416020665,0.0,0.778981
2023-03-10_07:27:47.499804,0.5287508261731633,-0.1966568338249708,0.055689
2023-03-10_10:10:01.810711,0.3313452617627499,0,0
2023-03-10_10:11:08.403419,0.7289595758780631,0.09813542688910104,0.368468
2023-03-10_10:13:34.468130,0.5291005291005346,0.09813542688910104,0.669908
2023-03-10_13:14:27.222395,0.3236245954692629,-0.19193857965451588,0.137659
2023-03-13_08:47:01.790248,0.32467532467532756,-0.09496676163343043,0.403085
2023-03-13_08:47:19.575570,0.6493506493506551,0.0,0.133969
2023-03-13_10:00:16.418642,0.6497725795971521,0.0,0.681304
2023-03-13_10:39:14.656646,0.3898635477582957,0.0948766603415585,0.937791
2023-03-13_13:56:53.737578,0.5221932114882533,-0.09469696969697239,0.539935
2023-03-13_13:56:55.518945,0.5859375,0.0,0.173162
2023-03-13_14:02:27.382680,0.32467532467532756,-0.09337068160597539,0.105047
2023-03-13_14:09:13.117810,0.3856041131105492,-0.1853568118628468,0.106359
2023-03-13_14:25:16.564362,0.3863490019317517,0.09225092250921829,0.671274
2023-03-14_07:21:16.301365,0.7899934167215239,-0.18814675446847673,0.845035
2023-03-14_07:21:18.988591,0.7879185817465606,0.18814675446847673,0.235599
2023-03-14_08:04:19.121492,0.3278688524590123,0.09276437847867136,0.282927
2023-03-14_10:34:58.961299,0.3326679973386648,0,0
2023-03-15_09:26:43.537290,0.34867503486750717,0.19685039370078705,0.023343
2023-03-15_10:47:27.839641,2.746478873239444,0.19685039370078705,0.460807
2023-03-15_12:50:50.734582,0.4213483146067398,0.0,0.044701
2023-03-15_14:35:13.987235,1.4799154334038,0.0990099009900991,0.632779
2023-03-16_07:00:03.200644,0.5610098176718203,-0.19550342130987275,0.165216
2023-03-16_07:00:16.886675,0.42164441321153046,0.29354207436398383,0.50321
2023-03-16_08:24:37.623891,1.8973998594518537,-0.19436345966958868,0.063947
2023-03-17_14:35:15.374860,0.9957325746799528,0.0,0.769234
2023-03-17_14:35:16.812778,0.6373937677053743,0.0,0.331316
2023-03-17_14:43:32.006383,0.35511363636364646,0.09680542110357404,0.507817
2023-03-20_08:01:14.163755,1.5569709837225831,-0.19193857965451588,0.836323
2023-03-20_08:13:34.029023,0.3503854239663706,0.0948766603415585,0.106288
2023-03-20_08:24:15.983787,0.3481894150417775,-0.37348272642390157,0.935245
2023-03-20_08:44:03.645585,0.5412719891745521,-0.18050541516245744,0.212246
2023-03-20_08:54:48.067784,0.3989361702127603,-0.3574620196604039,0.690623
2023-03-20_08:57:49.034174,0.33178500331785266,-0.17873100983021306,0.05636
2023-03-20_08:57:52.051629,0.7313829787233939,-0.17873100983021306,0.45208
2023-03-20_13:08:58.552793,1.5416958654519863,0.09276437847867136,0.232541
2023-03-20_14:49:00.174698,0.7919366450684029,0.19212295869357465,0.946277
2023-03-21_07:29:56.191543,2.9306647605432445,0.1877934272300541,0.753114
2023-03-21_10:03:42.108497,1.0301692420897623,-0.2938295788442735,0.28142
2023-03-22_07:33:58.805606,0.4411764705882337,-0.09823182711199419,0.801512
2023-03-22_08:22:24.818023,1.3980868285504044,-0.19762845849802257,0.108933
2023-03-23_08:59:58.561798,1.5306122448979664,-0.09652509652509078,0.15237
2023-03-23_12:41:12.605944,1.5272727272727327,-0.09652509652509078,0.556083
2023-03-24_09:02:58.785199,0.4285714285714226,0.09310986964619072,0.406341
2023-03-24_14:55:03.719767,0.4243281471004279,-0.18034265103696878,0.205778
2023-03-27_08:28:25.420570,0.42887776983560055,0.09049773755656076,0.773805
2023-03-27_08:37:08.560937,0.35790980672869566,-0.09041591320071429,0.306807
2023-03-28_13:44:04.164681,0.38080731150038627,0,0
2023-03-28_13:44:16.546440,0.7604562737642651,0,0
2023-03-28_14:02:56.689305,2.803030303030307,-0.09652509652509078,0.366779
2023-03-29_07:04:50.049650,1.337529504327306,0.19762845849802257,0.166289
2023-03-29_07:05:49.550942,0.390930414386248,-0.09891196834816984,0.143512
2023-03-29_07:12:31.521199,0.940438871473348,0.2955665024630516,0.714629
2023-03-29_07:13:34.332549,0.31397174254317317,-0.09871668311944859,0.593957
2023-03-29_08:55:35.644279,0.3205128205128194,0.09980039920158834,0.797962
2023-03-29_13:19:56.798942,2.7689873417721556,0.7804878048780495,0.021665
2023-03-29_13:19:56.800037,5.633802816901401,0.7804878048780495,0.02057
2023-03-29_13:21:08.557391,0.472069236821393,0.19493177387914784,0.648073
2023-03-29_13:21:08.712628,0.472069236821393,0.29239766081872176,0.913983
2023-03-29_13:21:09.025917,0.6299212598425141,0.29239766081872176,0.600694
2023-03-29_13:21:12.160445,0.4716981132075526,0.2921129503407949,0.639215
2023-03-29_13:21:25.989740,0.31225604996096834,-0.1945525291828787,0.422426
2023-03-29_13:39:16.230159,0.31347962382444194,0.09823182711199419,0.304423
2023-03-30_08:51:17.166257,0.45941807044409533,-0.0954198473282375,0.035625
2023-03-30_08:57:34.405624,0.5327245053272422,0.0,0.001151
2023-03-30_10:51:34.665794,0.8245877061469287,0.0,0.195696
2023-03-30_12:03:20.303454,0.3717472118959009,0.0,0.705106
2023-03-31_08:38:36.261870,0.38461538461538325,-0.1890359168241984,0.281686
2023-03-31_09:45:12.866296,0.5173688100517326,-0.09372071227742307,0.157487
2023-03-31_09:45:22.279690,0.3676470588235281,0.0,0.063186
2023-03-31_09:48:05.684535,0.36900369003689537,0.0,0.133799
2023-03-31_10:55:37.449732,0.900225056264059,-0.0936329588014928,0.859477
2023-03-31_11:25:37.113571,0.37037037037037646,-0.0932835820895539,0.466125
2023-03-31_12:35:55.404975,0.3717472118959009,-0.18501387604070718,0.004022
2023-03-31_14:19:44.550505,0.46367851622874934,0.0,0.731033
2023-03-31_14:38:13.370866,0.46047582501917983,0.0,0.96265
2023-03-31_14:45:07.898228,0.3039513677811634,0.18399264029438367,0.126691
2023-03-31_14:45:20.118545,2.6615969581748944,-0.4616805170821747,0.225487
2023-03-31_14:45:20.120901,2.6615969581748944,-0.4616805170821747,0.223131
2023-03-31_14:45:23.232437,1.928783382789323,-0.9285051067780881,0.633143
2023-03-31_14:45:23.233308,0.8005822416302655,-0.9285051067780881,0.632272
2023-03-31_14:45:23.237773,2.6470588235294024,-0.9285051067780881,0.627807
2023-03-31_14:45:25.662255,4.892512972572272,-0.9285051067780881,0.103297
2023-03-31_14:45:25.662879,1.978798586572439,-0.9285051067780881,0.102673
2023-03-31_14:45:26.707534,0.696378830083555,-0.7421150278293043,0.291492
2023-03-31_14:45:28.897321,7.42942050520059,0.6493506493506551,0.408645
2023-03-31_14:46:14.426380,0.6603081438004477,-0.1848428835489857,0.076865
2023-03-31_14:47:20.118796,0.5212211466865124,0.2780352177942591,0.601945
2023-03-31_14:50:51.209915,0.5259203606311047,0.0,0.225136
2023-04-03_07:00:36.561861,0.4477611940298498,0.5514705882353033,0.666601
2023-04-03_07:29:35.646560,0.30143180105501877,0.0,0.400492
2023-04-03_07:31:08.206601,1.8018018018018056,0.093545369504211,0.539379
2023-04-03_10:18:08.668143,0.30464584920031346,0.0948766603415585,0.332203
2023-04-03_10:46:09.598874,0.30511060259343914,0,0
2023-04-03_11:59:44.153896,0.4552352048558417,0.0,0.884957
2023-04-03_13:49:09.165890,0.3034901365705611,-0.09389671361501595,0.80074
2023-04-03_13:57:09.865097,0.3034901365705611,0.09389671361501595,0.135132
2023-04-03_14:54:05.509215,0.30511060259343914,0.18832391713747842,0.595624
2023-04-04_07:00:00.271433,0.3028009084027339,0.6566604127579811,0.126161
2023-04-04_08:29:05.421621,0.6818181818181834,0.0,0.033404
2023-04-05_11:21:25.456026,0.8106116433308719,0.09216589861751334,0.544371
2023-04-05_11:36:32.939548,0.8100147275404979,0.0,0.393019
2023-04-05_11:38:23.924964,0.44215180545319477,0.09225092250921829,0.923638
2023-04-06_08:07:18.252522,0.3676470588235281,-0.09302325581395099,0.691753
2023-04-06_08:11:19.008878,0.5124450951683679,0.0,0.001615
2023-04-06_08:11:56.561749,0.36496350364962904,0.09259259259259967,0.298126
2023-04-06_12:26:06.869950,0.37202380952381375,0.0,0.03314
2023-04-07_09:57:29.723845,0.35868005738881603,0.0,0.888601
2023-04-07_11:29:48.352492,0.4319654427645814,0.0,0.587402
2023-04-07_11:30:00.361992,0.3597122302158251,0.0,0.34223
2023-04-07_11:30:03.005360,0.3597122302158251,0.0,0.628752
2023-04-07_14:44:19.471779,0.425230333097093,-0.09225092250921829,0.000369
2023-04-10_07:14:02.331961,0.8174386920980936,0.17825311942958333,0.062546
2023-04-10_07:16:11.723450,0.5442176870748217,0.17746228926354135,0.363395
2023-04-10_07:16:52.413134,0.47489823609225823,-0.1776198934280604,0.110197
2023-04-10_07:17:09.658944,0.47425474254743083,0.17746228926354135,0.45545
2023-04-10_07:17:27.500287,0.6784260515603879,-0.1777777777777878,0.01496
2023-04-10_07:17:34.020846,0.6085192697768749,-0.0888888888888939,0.002434
2023-04-10_07:31:43.716336,0.3415300546448119,-0.0889679715302405,0.044896
2023-04-10_11:56:37.211908,0.5551700208188848,0.0,0.260572
2023-04-10_14:59:59.511932,0.34843205574912606,-0.09041591320071429,0.15093
2023-04-11_14:59:25.404392,0.4184100418409997,0.08968609865471766,0.664054
2023-04-12_08:50:33.848168,0.3434065934065922,0.0,0.332467
2023-04-12_10:53:57.727114,0.4098360655737654,-0.08849557522123686,0.924524
2023-04-12_13:07:12.107065,0.34602076124568004,0,0
2023-04-13_12:21:54.428271,0.6779661016949046,-0.08787346221441616,0.768994
2023-04-13_13:31:46.420846,0.47489823609225823,-0.08710801393727596,0.139229
2023-04-17_07:00:00.566313,0.4551365409622976,0.7819287576020795,0.107643
2023-04-17_07:00:01.848064,0.5844155844155763,0.694444444444442,0.825892
2023-04-17_07:00:02.693713,0.7802340702210753,-0.6071118820468291,0.007919
2023-04-17_07:00:03.434664,0.45395590142671693,0.95403295750216,0.636695
2023-04-17_07:00:06.017510,0.38860103626943143,0.9515570934256035,0.099053
2023-04-17_07:00:08.543654,0.3236245954692629,-0.8643042350907626,0.572909
2023-04-17_07:00:45.830461,0.31969309462915874,0.34334763948498104,0.788656
2023-04-17_07:00:59.308515,0.383386581469658,-0.2577319587628857,0.577739
2023-04-17_07:04:32.737448,0.3225806451612856,0.25684931506848585,0.409891
2023-04-17_07:12:11.640764,0.37688442211054607,0.3314001657000798,0.286319
2023-04-17_07:12:17.630083,0.3138731952291307,0.16542597187758634,0.494613
2023-04-17_07:12:22.345184,0.37664783427495685,0.16528925619834212,0.387469
2023-04-17_07:12:49.917514,0.31367628607277265,-0.5813953488372103,0.452887
2023-04-18_07:00:00.348939,0.4784688995215225,-0.940438871473348,0.28161
2023-04-18_07:00:00.915906,0.4778972520907976,0.6269592476489061,0.831207
2023-04-18_07:00:03.859242,0.5309734513274433,-0.7058823529411784,0.002678
2023-04-18_07:00:13.120737,0.4708652148322612,0.3891050583657574,0.537786
2023-04-18_07:01:11.928925,0.34924330616996624,0.3072196620583778,0.854912
2023-04-18_07:01:22.784725,0.4632310364794501,0.1532567049808531,0.477683
2023-04-18_07:01:27.011720,0.7531865585167941,0.22988505747125743,0.111032
2023-04-18_07:01:29.173406,0.46216060080879195,-0.22988505747125743,0.087381
2023-04-18_07:01:31.017334,0.5757052389176787,0.30651340996168397,0.61559
2023-04-18_07:01:59.489283,0.4605641911341385,0.22900763358779663,0.318635
2023-04-18_07:02:14.871554,0.46136101499423265,-0.15232292460014563,0.188928
2023-04-18_07:02:56.131847,0.3478260869565153,0.2272727272727204,0.529603
2023-04-18_07:04:37.786372,0.3500583430571691,-0.22831050228311334,0.411729
2023-04-18_07:05:19.921381,0.35190615835776207,-0.6939090208172738,0.030607
2023-04-18_07:05:34.060462,0.4127358490566113,-0.540540540540535,0.063509
2023-04-18_07:09:00.338935,0.3562945368170922,0.15491866769945517,0.051625
2023-04-18_07:19:52.037812,0.35087719298245723,-0.23183925811436357,0.300241
2023-04-18_07:24:40.635397,0.4634994206257348,0.15313935681469104,0.47789
2023-04-18_07:24:42.947209,0.4050925925925819,0.15313935681469104,0.166078
2023-04-18_08:06:56.068092,0.5973715651135025,0.15637216575450363,0.034969
2023-04-18_08:18:38.891158,0.3539823008849474,-0.15564202334630295,0.020635
2023-04-18_08:26:13.662750,0.5284791544333478,0.3117692907248726,0.211515
2023-04-18_08:55:54.024228,0.5297233666862855,-0.07776049766718973,0.146364
2023-04-18_09:23:49.390224,0.4700352526439522,0.07782101167315147,0.172217
2023-04-18_09:47:58.355610,0.8308605341246222,0.15822784810126667,0.04578
2023-04-18_10:14:20.428104,0.5920663114268754,-0.07974481658692412,0.147479
2023-04-18_10:38:52.860412,0.3043213633597164,0.24429967426708998,0.055016
2023-04-18_10:39:24.121457,0.3030303030302939,0.16220600162206722,0.297372
2023-04-18_10:40:29.012833,0.3012048192771122,-0.08103727714747766,0.000292
2023-04-18_10:41:06.677441,0.3616636528029016,0.08110300081103361,0.57432
2023-04-18_11:09:25.674744,0.5474452554744547,0,0
2023-04-18_11:25:20.322652,0.30030030030030463,0.16366612111293755,0.702023
2023-04-18_11:25:53.504488,0.4764740917212684,-0.2450980392156854,0.716921
2023-04-18_11:26:56.330916,0.35377358490567,0.2448979591836764,0.84559
2023-04-18_11:28:23.695175,0.8279124778237668,0.2450980392156854,0.074208
2023-04-18_11:34:44.608865,0.6512729425695696,0.16299918500406463,0.287507
2023-04-18_11:34:51.341125,0.41420118343196144,0.16286644951140072,0.039226
2023-04-18_11:35:06.410260,0.4139562389118945,-0.08136696501219731,0.156091
2023-04-18_11:57:12.585988,0.7660577489687626,0.08077544426494665,0.830285
2023-04-18_11:57:31.021938,1.0619469026548645,-0.08077544426494665,0.58059
2023-04-18_11:58:15.628954,1.0588235294117565,0.1612903225806539,0.088427
2023-04-18_11:58:27.828702,0.9982384028185631,-0.08051529790660261,0.848952
2023-04-18_11:59:20.812126,1.474056603773577,-0.08051529790660261,0.151811
2023-04-18_12:48:27.408622,0.30211480362538623,0.0,0.601257
2023-04-18_13:31:05.775350,0.3037667071688954,0.0822368421052655,0.052978
2023-04-18_13:52:39.992874,0.5451241671714069,0.0,0.732142
2023-04-19_07:00:02.334786,0.6455777921239525,0.42194092827003704,0.868225
2023-04-19_07:01:01.711324,0.6540222367560578,0.4237288135593209,0.371311
2023-04-19_07:06:06.334448,0.5810200129115595,0.2527379949452291,0.842591
2023-04-19_07:33:05.783276,0.327225130890052,-0.08547008547008517,0.029697
2023-04-19_07:36:52.473041,0.32467532467532756,-0.0853970964987294,0.209304
2023-04-19_07:38:33.088355,0.4548408057180042,0.1712328767123239,0.256397
2023-04-19_07:38:39.218669,0.38885288399221896,0.17108639863130382,0.877441
2023-04-19_07:39:30.104991,0.32488628979856493,-0.08554319931566301,0.290904
2023-04-19_07:40:45.018206,0.4507405022537103,0.17035775127767216,0.716631
2023-04-19_07:45:41.720966,0.3215434083601254,0.1700680272108901,0.3015
2023-04-19_07:47:06.194444,0.6365372374283806,-0.0843170320404818,0.408219
2023-04-19_07:50:05.034485,0.38046924540267035,-0.16750418760469454,0.359908
2023-04-19_07:50:30.778027,0.3166561114629429,-0.16764459346185756,0.769011
2023-04-19_07:50:48.514743,0.3807106598984866,-0.25210084033613356,0.900794
2023-04-19_07:50:49.074745,1.2658227848101333,-0.25210084033613356,0.340792
2023-04-19_07:51:20.929545,0.3809523809523707,-0.2525252525252597,0.893333
2023-04-19_07:51:58.624647,0.31786395422759295,-0.08417508417508657,0.061675
2023-04-19_08:16:19.032910,0.32637075718016106,0.16963528413909135,0.632714
2023-04-19_08:30:13.322692,0.3236245954692629,0.0841042893187538,0.003495
2023-04-19_08:37:02.840514,0.3931847968545288,-0.08481764206955678,0.794967
2023-04-19_10:42:07.115348,0.39190071848465013,0.0,0.835704
2023-04-19_10:42:13.292697,0.32594524119948787,0.0,0.439004
2023-04-19_10:53:42.036207,0.5204944697462688,0.1707941929974366,0.703607
2023-04-19_10:57:21.132508,0.45543266102796576,0.08525149190110604,0.643895
2023-04-19_11:04:00.957891,0.4507405022537103,0.0,0.123433
2023-04-19_11:14:50.460974,0.5758157389635254,0.1697792869269854,0.706288
2023-04-19_11:21:38.417915,1.4867485455720697,0.17021276595745594,0.020437
2023-04-19_11:21:38.420489,0.31867431485022024,0.17021276595745594,0.017863
2023-04-19_11:22:38.802941,0.7702182284980763,-0.0849617672047609,0.506166
2023-04-19_11:24:42.757884,0.38461538461538325,0.0849617672047609,0.495506
2023-04-19_11:24:51.616343,0.31948881789136685,0.1699235344095218,0.591743
2023-04-19_11:26:01.334617,0.3821656050955413,-0.08467400508043177,0.000738
2023-04-19_11:28:43.110118,0.5692599620493288,0.16906170752324368,0.079512
2023-04-19_11:34:00.475883,0.5569306930693019,0.08368200836819106,0.621025
2023-04-19_11:41:18.610136,0.3717472118959009,-0.08361204013378476,0.401448
2023-04-19_11:43:26.879207,0.37105751391466324,0.0,0.177557
2023-04-19_11:51:00.492896,0.6191950464396356,0.08403361344537785,0.375957
2023-04-19_11:51:16.295166,0.3705991352686899,0.08396305625524292,0.133904
2023-04-19_11:51:43.097141,0.4313000616142926,0.16792611251048584,0.567596
2023-04-19_11:52:00.863023,0.30750307503075724,-0.0838926174496546,0.219584
2023-04-19_11:54:17.026466,0.36832412523020164,-0.08368200836819106,0.478863
2023-04-19_11:54:57.214885,0.3058103975535076,0.1670843776107045,0.958935
2023-04-19_11:55:31.083813,0.3039513677811634,0.16625103906899863,0.830423
2023-04-19_11:57:29.024834,0.4234724742891771,0.24896265560165887,0.3703
2023-04-19_11:57:30.395416,0.5438066465256908,0.16583747927032544,0.999718
2023-04-19_11:57:33.475476,0.3618817852834688,0.1657000828500399,0.96339
2023-04-19_12:00:55.634602,0.4833836858006091,0.2483443708609201,0.829535
2023-04-19_12:04:58.119827,0.48192771084336616,0.24752475247524774,0.608765
2023-04-19_12:06:17.880717,0.30048076923077094,0.16515276630884035,0.318731
2023-04-19_12:09:57.992189,0.36122817579771205,0.08278145695364003,0.490258
2023-04-19_12:10:18.065358,0.3597122302158251,0.2481389578163684,0.460052
2023-04-19_12:32:41.188643,0.5959475566150285,0.16353229762877675,0.874856
2023-04-19_12:34:22.487644,0.41691483025609877,-0.08176614881438837,0.847375
2023-04-19_12:49:42.549749,0.4857316332726125,0.1657000828500399,0.009264
2023-04-19_12:50:58.628135,0.363416111447612,0.08285004142503105,0.597934
2023-04-19_12:55:49.296583,0.3030303030302939,0.08291873963515162,0.002937
2023-04-19_13:05:29.943568,0.42092603728201006,0.16488046166529546,0.056762
2023-04-19_13:31:36.372790,0.738916256157629,0.08354218880535225,0.547626
2023-04-19_13:32:14.925399,0.42971147943524635,0.0,0.523616
2023-04-19_13:32:32.842991,0.42892156862746056,0.08354218880535225,0.443698
2023-04-19_13:38:48.507390,0.3731343283582156,0.1680672268907557,0.136266
2023-04-19_13:56:26.365676,0.31017369727046606,-0.0841042893187538,0.542787
2023-04-19_14:12:09.210212,0.3109452736318463,0.1686340640809414,0.336152
2023-04-19_14:24:29.513355,0.4310344827586299,-0.16736401673640433,0.487154
2023-04-19_14:29:48.465330,0.31172069825435855,-0.0843170320404818,0.250956
2023-04-19_14:33:13.053347,0.31347962382444194,0.08445945945945166,0.737375
2023-04-19_14:36:16.350738,0.5102040816326481,0.1697792869269854,0.852319
2023-04-19_14:50:12.181014,0.5056890012642201,-0.08510638297871687,0.069421
2023-04-20_07:05:21.760447,0.7476635514018781,0.08576329331047017,0.430673
2023-04-20_07:11:01.333483,0.3039513677811634,-0.08481764206955678,0.262053
2023-04-20_07:19:48.033341,0.7439553626782391,0.17167381974247942,0.962951
2023-04-20_07:29:57.976212,0.31172069825435855,-0.17241379310344307,0.123364
2023-04-20_08:50:09.284958,0.3724394785847407,0.08688097306690512,0.496515
2023-04-20_09:28:15.061529,0.439422473320783,-0.4397537379067673,0.053984
2023-04-24_07:00:01.961901,0.30618493570115923,0.5240174672489051,0.496753
2023-04-24_07:00:06.983539,0.30618493570115923,-0.26109660574411553,0.090318
2023-04-24_07:16:28.340119,0.7500000000000062,-0.17436791630340842,0.020209
2023-04-24_07:17:09.393610,0.43804755944931717,0.17406440382941035,0.048928
2023-04-24_07:27:04.318101,0.31328320802004317,-0.08718395815170421,0.47508
2023-04-24_08:39:45.598612,0.3809523809523707,0.0,0.439589
2023-04-24_14:13:28.462037,0.3166561114629429,0.0,0.000346
2023-04-24_14:13:40.704884,0.3783102143757988,0.18034265103696878,0.117039
2023-04-24_14:26:45.762101,0.31055900621117516,0.0901713255184955,0.868415
2023-04-24_14:28:34.509418,0.6253908692933186,0.18018018018017834,0.748208
2023-04-24_14:29:24.736446,0.43397396156230617,0.17969451931716396,0.47119
2023-04-24_14:36:13.018450,0.3043213633597164,0.17953321364452268,0.735452
2023-04-25_07:04:10.669297,0.42475728155340065,0.09033423667570428,0.334028
2023-04-25_07:33:07.270511,0.48105832832230355,-0.09066183136898776,0.133381
2023-04-25_08:35:56.428330,0.363416111447612,0.0,0.399448
2023-04-25_12:07:11.068229,0.4323656578134605,0.09124087591241281,0.067093
2023-04-25_13:13:24.069130,0.31347962382444194,0.09165902841430373,0.016018
2023-04-25_14:36:58.372182,0.3215434083601254,0.09433962264151496,0.70927
2023-04-26_08:35:59.366563,0.4691689008042843,0.0,0.653979
2023-04-26_08:36:53.268181,0.40187541862022336,0.09765625,0.192852
2023-04-26_09:02:01.046441,0.40677966101694274,0.09756097560975618,0.102878
2023-04-26_10:13:39.476094,0.5555555555555536,0.19550342130987275,0.264437
2023-04-26_10:57:59.244280,0.41039671682625567,0.0,0.000221
2023-04-26_10:58:16.252053,0.687757909215958,0.0,0.002068
2023-04-26_10:58:22.654417,0.4791238877481119,0.09727626459143934,0.525899
2023-04-26_11:21:34.542876,0.4129387474191226,-0.09756097560975618,0.930978
2023-04-26_11:27:55.390978,0.34965034965035446,0,0
2023-04-26_11:50:41.275758,0.5681818181818121,-0.09842519685039353,0.625478
2023-04-26_12:06:36.985416,0.35335689045936647,-0.09813542688910104,0.717506
2023-04-26_12:06:56.048405,0.35211267605634866,-0.09803921568627416,0.951979
2023-04-26_14:06:50.503821,0.4264392324093924,0.0,0.001819
2023-04-26_14:23:21.999445,0.42735042735042583,0,0
2023-04-26_14:24:22.923874,0.3541076487252104,0,0
2023-04-26_14:25:11.277674,0.7082152974504208,0,0
2023-04-27_07:00:04.659857,0.3599712023038215,-0.29761904761904656,0.058974
2023-04-27_07:46:25.061493,0.6564551422319376,-0.15007503751875984,0.016161
2023-04-27_07:50:48.171951,0.36523009495983416,0.0,0.006373
2023-04-27_09:36:21.081211,0.366300366300365,0.0,0.229426
2023-04-28_07:00:08.433113,0.44809559372667174,-0.1519756838905817,0.042861
2023-04-28_07:00:40.095851,0.6746626686656709,-0.10178117048345037,0.55894
2023-04-28_07:00:58.367303,0.3005259203606281,-0.10172939979653517,0.122994
2023-04-28_07:01:36.025889,0.5251312828207011,-0.10214504596526286,0.003879
2023-04-28_07:09:22.874868,0.3005259203606281,-0.05102040816327147,0.160712
2023-04-28_09:06:29.167897,0.4665629860031162,-0.05202913631634498,0.663863
2023-04-28_10:56:16.624927,0.31347962382444194,-0.05265929436546468,0.720203
2023-04-28_14:21:49.134850,0.47961630695443347,0,0
2023-05-02_07:00:00.243291,0.5537974683544222,0.6781429316640608,0.382087
2023-05-02_07:00:06.924039,0.3891050583657574,0.36496350364962904,0.886563
2023-05-02_07:02:47.216906,0.31847133757962887,0.10537407797681642,0.262896
2023-05-02_07:13:45.292478,0.5645161290322553,0.05353319057814776,0.995824
2023-05-02_07:25:55.546316,0.40322580645162365,0.05347593582887278,0.645509
2023-05-02_07:45:19.136044,0.4889975550122161,-0.053648068669520654,0.257221
2023-05-03_09:07:14.144859,1.4285714285714235,-0.062034739454097654,0.311809
2023-05-03_09:23:58.195403,1.0406811731314969,0.06146281499692652,0.411063
2023-05-03_11:28:37.306640,0.37523452157599557,0.06079027355623268,0.712259
2023-05-03_11:33:36.345600,0.374181478016844,-0.060753341433783525,0.280115
2023-05-03_11:46:51.797523,0.37002775208141436,-0.12091898428052694,0.043772
2023-05-03_11:59:27.857434,0.37523452157599557,0.12202562538132788,0.714921
2023-05-03_14:19:01.985026,0.3717472118959009,0.3015681544028981,0.088582
2023-05-04_07:00:52.217944,0.37383177570093906,-0.5514705882353033,0.821681
2023-05-04_07:54:15.556584,0.4516711833784992,0.0,0.000342
2023-05-04_10:03:33.517464,0.6172839506172867,0.11554015020218689,0.282272
2023-05-04_10:04:06.944802,0.5277044854881341,0.11554015020218689,0.014749
2023-05-04_10:09:37.166979,0.3511852502194879,-0.057703404500863975,0.63408
2023-05-04_10:22:01.927860,0.35211267605634866,-0.057770075101104545,0.914043
2023-05-04_10:23:32.025220,0.3518029903254227,-0.057703404500863975,0.079191
2023-05-04_11:03:53.276332,0.7194244604316502,-0.059101654846327456,0.000528
2023-05-04_14:09:37.299770,0.6334841628959254,0.05931198102016033,0.428447
2023-05-05_11:07:06.258389,0.36730945821854544,-0.0604960677555999,0.000297
2023-05-05_11:23:39.415916,0.709849157054121,0.17846519928614857,0.977348
2023-05-05_11:23:56.170886,0.3539823008849474,-0.05945303210463937,0.130737
2023-05-05_11:24:00.679329,0.35366931918656697,-0.05945303210463937,0.000182
2023-05-05_11:27:05.102846,0.3478260869565153,-0.1179245283018826,0.000232
2023-05-05_11:29:44.214724,0.603448275862073,-0.23474178403755097,0.112847
2023-05-05_11:32:00.494387,0.5150214592274605,-0.23529411764706687,0.271694
2023-05-05_11:36:43.559617,0.3454231433505983,0.23640661938533203,0.032659
2023-05-05_11:37:26.604665,0.3454231433505983,0.11820330969267712,0.149441
2023-05-05_11:52:33.670133,0.34843205574912606,0.11933174224343368,0.008466
2023-05-05_11:57:14.840679,0.4366812227074135,0.11954572624028881,0.159622
2023-05-05_11:58:50.076375,0.35087719298245723,0.05970149253731183,0.461239
2023-05-05_12:05:35.310457,0.3493449781659441,0.059880239520948564,0.005633
2023-05-05_12:14:04.968733,0.7017543859649145,-0.060060060060052045,0.00083
2023-05-05_12:14:06.880670,0.3502626970227629,0,0
2023-05-05_14:39:47.336054,0.36832412523020164,-0.06165228113439447,0.232565
2023-05-08_10:17:15.631893,0.73260073260073,0.0,0.246292
2023-05-08_10:21:41.778478,0.3656307129798808,0.0,0.229117
2023-05-08_10:23:55.680971,0.6357856494096259,0.0,0.045722
2023-05-08_10:24:22.345211,0.6346328195829587,0.0,0.267375
2023-05-08_10:26:22.773943,0.3603603603603567,-0.06195786864930941,0.226339
2023-05-08_10:58:13.328083,0.36231884057971175,0.0,0.83571
2023-05-08_14:03:08.109636,0.444049733570151,-0.12048192771083599,0.023722
2023-05-09_07:37:04.095122,0.43859649122806044,0.11785503830288313,0.853832
2023-05-09_08:10:10.483471,0.4405286343612369,0.1776198934280604,0.516631
2023-05-09_09:33:54.791107,0.3527336860670305,0.059171597633134176,0.92348
2023-05-09_13:41:30.535163,0.363636363636366,-0.06116207951070152,0.465115
2023-05-09_13:52:30.558573,0.36330608537693543,-0.060864272671934394,0.10666
2023-05-10_07:10:45.648229,0.7266121707538709,-0.06105006105006083,0.329233
2023-05-10_07:10:49.884576,0.8166969147005432,0.0,0.67742
2023-05-10_08:31:10.286907,0.36199095022624306,-0.06064281382656134,0.138857
2023-05-11_07:13:43.287069,0.5449591280654031,0.0,0.160604
2023-05-11_08:25:15.560135,0.4436557231588312,0.05952380952380931,0.799176
2023-05-11_08:52:02.073572,0.5357142857142838,0.0,0.750714
2023-05-11_08:54:04.463958,0.4456327985739694,-0.05980861244019309,0.698646
2023-05-11_09:13:03.944438,0.4456327985739694,-0.05970149253731183,0.835085
2023-05-11_09:22:05.477519,0.3574620196604039,0.0,0.865568
2023-05-11_09:28:38.729536,0.535236396074934,0.0,0.948564
2023-05-11_09:30:52.849661,0.3555555555555534,0.059737156511352474,0.657397
2023-05-11_11:47:34.618440,0.3511852502194879,0.0589622641509413,0.154365
2023-05-11_13:23:42.858680,0.34071550255536653,0.05711022272987254,0.910379
2023-05-11_14:08:14.548529,0.3490401396160525,0.0,0.239368
2023-05-12_07:13:47.597685,0.3502626970227629,-0.17605633802817433,0.090062
2023-05-12_07:43:53.961961,0.35211267605634866,-0.05865102639295294,0.451793
2023-05-12_08:06:33.675788,0.4405286343612369,0.05878894767783471,0.147075
2023-05-12_11:31:41.287362,0.8108108108108025,0.05970149253731183,0.596549
2023-05-12_12:21:25.276900,0.44762757385854446,0.0,0.105934
2023-05-12_14:57:35.394215,0.36068530207393756,0.1186943620178127,0.048177
2023-05-12_14:59:56.013031,0.8078994614003632,-0.05927682276229973,0.864635
2023-05-15_07:30:06.116913,0.4405286343612369,2.447552447552437,0.796201
2023-05-15_07:30:16.413339,1.0544815465729274,0.6358381502890254,0.584391
2023-05-15_07:30:25.860387,0.7023705004389758,0.8655510675129818,0.714612
2023-05-15_07:32:04.042797,0.4145936981757803,-0.3342618384401197,0.396866
2023-05-15_07:32:14.573119,0.33444816053511683,0.2788622420524245,0.016882
2023-05-15_07:39:34.252424,0.34482758620688614,0.11357183418512218,0.416686
2023-05-15_08:56:23.418755,0.3341687552213868,0.1651073197578512,0.622871
2023-05-15_08:59:08.138114,0.33222591362125353,0.10982976386599841,0.235393
2023-05-15_09:02:16.402293,0.33057851239668423,0.0,0.067889
2023-05-15_09:03:25.350154,0.4115226337448652,-0.11001100110010764,0.778496
2023-05-15_09:07:05.052861,0.3276003276003303,-0.10958904109588108,0.182205
2023-05-15_09:07:13.065864,0.40849673202614234,0.16438356164383272,0.933983
2023-05-15_09:08:23.520040,0.6573541495480617,-0.05488474204171645,0.399329
2023-05-15_09:17:49.654331,0.3319502074688785,0.11013215859030367,0.552347
2023-05-15_09:33:49.138541,0.4184100418409997,0.0,0.582128
2023-05-15_11:32:49.636686,0.761421319796951,0.11111111111110628,0.010357
2023-05-15_11:33:41.667041,0.8410428931875602,0,0
2023-05-15_12:52:54.400851,0.34482758620688614,-0.056401579244225175,0.324641
2023-05-15_12:54:52.309605,0.5208333333333259,-0.11305822498586249,0.872261
2023-05-15_13:41:02.574284,0.3475238922675983,0.05685048322909836,0.004079
2023-05-16_07:22:52.314020,0.34305317324185847,-0.11061946902655162,0.440464
2023-05-16_07:39:32.688987,0.43177892918826455,-0.11055831951354289,0.126642
2023-05-16_12:59:10.809808,0.5181347150259086,-0.1098901098901095,0.243037
2023-05-16_12:59:50.093406,0.4310344827586299,-0.1098901098901095,0.535375
2023-05-16_13:05:31.748208,0.3436426116838476,0.16402405686166688,0.668977
2023-05-16_13:30:04.926929,0.3469210754553309,0.0,0.25097
2023-05-16_14:02:51.139611,0.6861063464836947,-0.16339869281045694,0.150574
2023-05-16_14:03:28.485111,0.34305317324185847,-0.10905125408942062,0.227033
2023-05-16_14:07:13.413421,0.34188034188034067,-0.21680216802169028,0.479222
2023-05-16_14:08:13.023570,0.34188034188034067,-0.21715526601520097,0.50447
2023-05-16_14:45:59.085154,0.3341687552213868,0.3196590303676139,0.413408
2023-05-16_14:46:00.973255,0.33222591362125353,-0.47999999999999154,0.103883
2023-05-16_14:46:06.693908,0.33305578684430515,0.21299254526092604,0.865894
2023-05-16_14:46:12.787796,0.33222591362125353,-0.10649627263046302,0.038433
2023-05-16_14:47:59.317295,0.4159733777038266,-0.21208907741250282,0.180889
2023-05-16_14:48:11.578304,0.41631973355538143,0.2653927813163426,0.012959
2023-05-16_14:48:21.842823,0.33333333333334103,-0.2123142250530785,0.323937
2023-05-17_07:00:03.990440,0.33755274261604296,-0.5263157894736858,0.742442
2023-05-17_07:00:40.141189,0.34129692832765013,-0.15864621893177944,0.535124
2023-05-17_07:31:08.443057,0.426621160409546,-0.10626992561104665,0.274526
2023-05-17_07:31:30.867627,0.4258943781942026,0.10621348911312722,0.637867
2023-05-17_08:38:23.364605,0.5747126436781658,-0.05159958720331037,0.000686
2023-05-17_08:42:38.389788,0.6530612244898037,-0.1023017902813228,0.861951
2023-05-17_12:07:02.327717,0.3278688524590123,-0.05125576627371675,0.214857
2023-05-18_07:00:02.160666,0.3303055326176807,-0.15487867836860847,0.107789
2023-05-18_07:36:15.525770,0.328947368421062,0.10277492291881352,0.048494
2023-05-18_10:59:45.085459,0.3355704697986628,-0.16034206306787535,0.279717
2023-05-22_10:35:06.039405,0.4159733777038266,0.15748031496063408,0.345434
2023-05-22_10:38:13.899258,0.41528239202657247,0.0,0.111222
2023-05-22_10:42:20.129200,0.33333333333334103,0.05254860746191081,0.339913
2023-05-22_10:42:38.546999,0.4149377593360981,-0.20997375328084544,0.273282
2023-05-22_11:51:05.442386,0.4922067268252617,-0.10482180293500676,0.069583
2023-05-22_13:51:53.341100,0.7358953393295176,0.20920502092049986,0.185521
2023-05-22_14:22:20.480652,0.4115226337448652,0.2077922077922123,0.244656
2023-05-22_14:44:54.725483,0.5681818181818121,0.1029866117404632,0.287061
2023-05-24_07:00:01.794856,0.3389830508474523,0.3717472118959009,0.864051
2023-05-24_07:09:13.113752,0.5818786367414841,0.10432968179447943,0.846696
2023-05-24_07:09:27.867946,0.3316749585406287,0.052110474205324664,0.52611
2023-05-24_07:12:19.709012,0.33277870216306127,0.1569037656903749,0.499769
2023-05-24_07:52:14.269876,0.3352891869237151,0.052882072977267214,0.314859
2023-05-24_12:32:43.317195,0.5794701986755024,-0.05238344683080598,0.103869
2023-05-24_13:16:53.864862,0.3292181069958877,0.0,0.505877
2023-05-24_14:59:23.052260,0.3308519437551727,-0.05274261603376296,0.467144
2023-05-26_09:58:07.869513,0.3252032520325132,-0.05178663904712444,0.505925
2023-05-26_14:50:15.870122,0.4765687053216894,-0.050658561296867965,0.001181
2023-05-26_14:50:45.351360,0.3984063745019917,-0.050658561296867965,0.926965
2023-05-26_14:58:30.443912,0.4019292604501512,-0.20273694880892368,0.835664
2023-05-26_14:59:20.283060,0.6399999999999961,0.15220700152207556,0.244272
2023-05-26_14:59:34.078653,0.4773269689737569,0.050709939148063654,0.936233
2023-05-26_14:59:55.942905,0.47543581616482644,-0.20304568527917954,0.107464
2023-05-29_07:01:31.482988,1.214882308276377,-0.28985507246377384,0.039829
2023-05-29_07:02:02.898414,0.30651340996168397,0.2904162633107443,0.965635
2023-05-29_07:02:27.169819,0.3843197540353671,0.29069767441860517,0.418637
2023-05-29_07:04:25.129701,0.38461538461538325,0.3910068426197455,0.351191
2023-05-29_07:13:21.763282,0.3103180760279267,0.09775171065493637,0.721824
2023-05-29_14:56:31.765979,0.30935808197989356,0.09661835748793202,0.443085
2023-05-30_07:02:07.622977,0.3088803088802994,0.2881844380403509,0.217809
2023-05-30_07:15:04.409626,0.38610038610038533,-0.0956937799043045,0.047471
2023-05-30_07:17:01.317265,0.5426356589147252,-0.19193857965451588,0.000982
2023-05-30_07:42:20.439804,0.37878787878788955,0.2808988764045006,0.49539
2023-05-30_07:46:28.947607,0.3759398496240518,-0.09233610341643494,0.390833
2023-05-31_07:09:10.429501,0.37257824143070994,0.0914076782449813,0.268447
2023-05-31_07:09:12.398203,0.5196733481811489,-0.0914076782449813,0.178913
2023-05-31_07:32:13.693876,0.36900369003689537,-0.09057971014492239,0.124744
2023-05-31_11:14:48.358710,0.5196733481811489,-0.1779359430605032,0.688136
2023-05-31_11:31:35.752725,0.35790980672869566,0.0,0.266815
2023-05-31_11:35:59.709470,0.3571428571428559,0.0,0.413006
