timestamp,YKBNK.E_price_change,ISCTR.E_entry_price,..seconds_later,ISCTR.E_exit_price,return
2022-01-03_07:19:25.000000,0.5830903790087438,7240,5,7240,0.0
2022-01-03_07:27:35.000000,0.588235294117645,7210,5,7210,0.0
2022-01-03_07:27:36.000000,0.588235294117645,7210,5,7210,0.0
2022-01-03_07:27:37.000000,0.588235294117645,7210,5,7210,0.0
2022-01-03_07:27:38.000000,0.588235294117645,7210,5,7210,0.0
2022-01-04_09:34:19.000000,0.5730659025787954,7450,5,7450,0.0
2022-01-04_12:55:30.000000,0.5865102639296182,7270,5,7260,-0.13755158184318717
2022-01-05_14:53:17.000000,0.5747126436781658,7450,5,7450,0.0
2022-01-05_14:56:57.000000,0.5714285714285783,7450,5,7440,-0.13422818791946067
2022-01-06_09:08:11.000000,0.56657223796035,7480,5,7480,0.0
2022-01-06_13:11:41.000000,0.5714285714285783,7440,5,7440,0.0
2022-01-06_14:32:12.000000,0.5747126436781658,7400,5,7400,0.0
2022-01-07_07:00:00.000000,0.5698005698005604,7410,0.173718,7440,0.4048582995951344
2022-01-07_07:55:15.000000,0.5681818181818121,7450,5,7450,0.0
2022-01-07_07:56:37.000000,0.56657223796035,7460,5,7450,-0.13404825737265424
2022-01-07_11:25:13.000000,0.5555555555555536,7630,5,7620,-0.1310615989515096
2022-01-07_11:34:33.000000,0.5586592178770999,7580,5,7570,-0.13192612137202797
2022-01-07_11:37:13.000000,0.5586592178770999,7570,5,7570,0.0
2022-01-07_11:37:19.000000,0.5586592178770999,7580,5,7580,0.0
2022-01-07_11:39:02.000000,0.5586592178770999,7590,5,7590,0.0
2022-01-07_12:12:22.000000,0.557103064066844,7580,5,7580,0.0
2022-01-07_12:31:34.000000,0.561797752808979,7560,5,7570,0.1322751322751392
2022-01-10_07:00:00.000000,0.5319148936170137,7740,0.203105,7880,1.8087855297157729
2022-01-10_07:00:04.000000,0.5305039787798504,7900,5,7900,0.0
2022-01-10_07:00:05.000000,0.5305039787798504,7900,5,7920,0.25316455696202667
2022-01-10_07:00:08.000000,0.5305039787798504,7900,5,7920,0.25316455696202667
2022-01-10_07:00:17.000000,0.5305039787798504,7910,5,7900,-0.12642225031606058
2022-01-10_10:39:23.000000,0.5333333333333412,7910,5,7910,0.0
2022-01-10_14:25:04.000000,0.5390835579514919,7870,5,7870,0.0
2022-01-10_14:44:52.000000,0.5390835579514919,7880,5,7880,0.0
2022-01-11_07:10:55.000000,0.5434782608695565,7760,5,7750,-0.12886597938144284
2022-01-11_13:01:01.000000,0.5305039787798504,7900,5,7900,0.0
2022-01-12_08:24:38.000000,0.5235602094240788,7880,5,7880,0.0
2022-01-12_08:30:58.000000,0.5249343832020914,7870,5,7870,0.0
2022-01-13_07:05:43.000000,0.5141388174807249,7920,5,7920,0.0
2022-01-13_07:09:12.000000,0.5181347150259086,7900,5,7900,0.0
2022-01-13_08:52:50.000000,0.5208333333333259,7910,5,7900,-0.12642225031606058
2022-01-14_14:50:40.000000,0.5194805194805197,7960,5,7960,0.0
2022-01-17_07:00:05.000000,0.5012531328320913,8130,5,8140,0.12300123001229846
2022-01-17_07:00:26.000000,0.5037783375314797,8130,5,8140,0.12300123001229846
2022-01-18_14:15:27.000000,0.5025125628140614,8150,0.750957,8180,0.36809815950920033
2022-01-18_14:15:36.000000,0.5012531328320913,8190,0.45261,8220,0.366300366300365
2022-01-18_14:22:00.000000,0.7633587786259444,8120,5,8140,0.24630541871921707
2022-01-18_14:22:05.000000,0.5063291139240533,8140,5,8150,0.12285012285011554
2022-01-18_14:22:09.000000,0.5063291139240533,8160,0.792884,8130,-0.3676470588235281
2022-01-18_14:23:20.000000,0.5089058524172962,8100,5,8090,-0.12345679012345512
2022-01-18_14:25:37.000000,0.7772020725388629,8080,0.476937,8050,-0.3712871287128716
2022-01-18_14:25:40.000000,3.100775193798455,8040,0.732298,8070,0.3731343283582156
2022-01-18_14:25:41.000000,0.7575757575757569,8140,0.8657,8110,-0.3685503685503688
2022-01-18_14:25:42.000000,0.75949367088608,8120,0.399861,8090,-0.3694581280788145
2022-01-18_14:25:43.000000,0.5063291139240533,8110,0.015595,8080,-0.36991368680641123
2022-01-18_14:25:45.000000,0.5089058524172962,8090,0.25669,8060,-0.3708281829419069
2022-01-18_14:25:49.000000,0.5115089514066584,8080,0.521556,8050,-0.3712871287128716
2022-01-18_14:25:50.000000,0.5115089514066584,8060,5,8070,0.12406947890819531
2022-01-18_14:25:52.000000,0.5115089514066584,8070,0.26501,8040,-0.371747211895912
2022-01-18_14:25:56.000000,2.8871391076115582,8060,0.284027,8030,-0.3722084367245637
2022-01-19_07:00:00.000000,1.0389610389610393,7810,0.134147,7900,1.1523687580025532
2022-01-19_07:00:01.000000,0.5167958656330685,7940,0.351743,7910,-0.37783375314861534
2022-01-19_07:00:02.000000,0.5141388174807249,7920,0.740119,7950,0.37878787878788955
2022-01-19_07:00:03.000000,0.773195876288657,7940,0.522967,7910,-0.37783375314861534
2022-01-19_07:00:04.000000,0.773195876288657,7940,0.667963,7970,0.37783375314861534
2022-01-19_07:00:05.000000,0.773195876288657,7950,0.119931,7920,-0.37735849056603765
2022-01-19_07:00:06.000000,0.5154639175257714,7960,0.359002,7990,0.37688442211054607
2022-01-19_07:00:07.000000,0.5154639175257714,7980,0.242553,7950,-0.3759398496240629
2022-01-19_07:00:08.000000,0.5154639175257714,7970,0.705279,7940,-0.37641154328732496
2022-01-19_07:00:10.000000,0.5154639175257714,7940,0.016686,7970,0.37783375314861534
2022-01-19_07:00:43.000000,0.512820512820511,7990,5,7990,0.0
2022-01-19_07:00:57.000000,0.512820512820511,7980,0.461514,8010,0.3759398496240518
2022-01-19_07:05:01.000000,0.5154639175257714,7950,5,7940,-0.12578616352201255
2022-01-19_08:00:22.000000,0.5102040816326481,7940,5,7940,0.0
2022-01-19_09:10:43.000000,0.5050505050504972,8020,5,8020,0.0
2022-01-19_10:59:00.000000,0.5089058524172962,7950,5,7960,0.12578616352201255
2022-01-19_11:00:55.000000,0.5102040816326481,7940,0.778291,7970,0.37783375314861534
2022-01-19_11:07:04.000000,0.5102040816326481,7920,5,7910,-0.12626262626262985
2022-01-20_11:46:57.000000,0.746268656716409,8280,0.739163,8310,0.36231884057971175
2022-01-20_11:52:23.000000,0.7518796992481258,8180,0.394779,8210,0.3667481662591676
2022-01-20_11:55:54.000000,0.5012531328320913,8170,0.735411,8200,0.3671970624234966
2022-01-20_11:55:56.000000,0.5012531328320913,8160,0.731994,8190,0.3676470588235281
2022-01-20_11:56:21.000000,0.5012531328320913,8190,5,8210,0.24420024420024333
2022-01-20_12:00:05.000000,0.5050505050504972,8090,0.825843,8060,-0.3708281829419069
2022-01-20_12:00:14.000000,0.5037783375314797,8060,0.377739,8090,0.3722084367245637
2022-01-20_12:00:16.000000,0.5012531328320913,8100,0.547926,8130,0.37037037037037646
2022-01-20_12:00:17.000000,0.7518796992481258,8140,0.981623,8110,-0.3685503685503688
2022-01-20_12:00:18.000000,0.5037783375314797,8080,0.523289,8110,0.3712871287128605
2022-01-20_12:00:20.000000,0.5050505050504972,8070,0.51254,8100,0.3717472118959009
2022-01-20_12:01:32.000000,0.5012531328320913,8140,5,8130,-0.12285012285012664
2022-01-20_14:16:03.000000,0.5025125628140614,8110,0.658544,8140,0.36991368680641123
2022-01-20_14:28:42.000000,0.5025125628140614,8150,0.243299,8120,-0.36809815950920033
2022-01-20_14:28:51.000000,0.5050505050504972,8110,5,8090,-0.2466091245376112
2022-01-20_14:29:00.000000,0.7575757575757569,8080,0.494005,8110,0.3712871287128605
2022-01-20_14:29:58.000000,0.5063291139240533,8070,5,8060,-0.12391573729864103
2022-01-20_14:30:06.000000,0.50761421319796,8060,5,8060,0.0
2022-01-20_14:30:12.000000,0.5050505050504972,8070,5,8080,0.12391573729864103
2022-01-20_14:30:35.000000,0.50761421319796,8060,0.911575,8090,0.3722084367245637
2022-01-20_14:31:35.000000,0.50761421319796,8090,5,8110,0.24721878862794533
2022-01-20_14:31:42.000000,0.5063291139240533,8110,5,8110,0.0
2022-01-20_14:31:47.000000,0.5063291139240533,8110,5,8100,-0.12330456226880004
2022-01-20_14:44:32.000000,0.5025125628140614,8130,5,8130,0.0
2022-01-21_07:00:05.000000,0.5025125628140614,8120,5,8140,0.24630541871921707
2022-01-24_10:42:42.000000,0.5050505050504972,8180,5,8170,-0.12224938875305957
2022-01-24_10:46:01.000000,0.5089058524172962,8110,5,8110,0.0
2022-01-24_10:48:51.000000,0.5102040816326481,8100,5,8110,0.12345679012346622
2022-01-24_11:00:53.000000,0.5089058524172962,8020,5,8020,0.0
2022-01-24_11:14:59.000000,0.5050505050504972,8080,5,8070,-0.12376237623762387
2022-01-24_12:42:02.000000,0.512820512820511,8000,5,7980,-0.24999999999999467
2022-01-24_12:50:45.000000,0.5154639175257714,7970,5,7970,0.0
2022-01-24_13:10:03.000000,0.5154639175257714,7960,5,7970,0.12562814070351536
2022-01-24_13:12:40.000000,0.5154639175257714,7960,5,7960,0.0
2022-01-24_13:17:37.000000,0.512820512820511,7980,5,7990,0.12531328320801727
2022-01-24_13:18:30.000000,0.512820512820511,7980,5,7980,0.0
2022-01-24_13:18:31.000000,0.512820512820511,7980,5,7980,0.0
2022-01-24_13:18:32.000000,0.512820512820511,7980,5,7980,0.0
2022-01-24_13:18:33.000000,0.512820512820511,7980,5,7980,0.0
2022-01-24_13:18:35.000000,0.512820512820511,7980,5,7980,0.0
2022-01-24_13:18:44.000000,0.512820512820511,7980,5,7970,-0.12531328320801727
2022-01-24_13:28:09.000000,0.5154639175257714,7980,5,7980,0.0
2022-01-24_13:31:13.000000,0.5141388174807249,7970,5,7970,0.0
2022-01-24_13:43:08.000000,0.5167958656330685,7920,5,7920,0.0
2022-01-24_13:44:56.000000,0.5141388174807249,7960,5,7970,0.12562814070351536
2022-01-24_13:55:11.000000,0.5115089514066584,7990,5,7990,0.0
2022-01-24_14:25:57.000000,0.5141388174807249,7990,5,7970,-0.25031289111389077
2022-01-24_14:46:47.000000,0.5208333333333259,7890,5,7880,-0.12674271229404788
2022-01-25_07:00:05.000000,0.5141388174807249,7960,5,7950,-0.12562814070351536
2022-01-25_07:08:31.000000,0.5208333333333259,7900,5,7900,0.0
2022-01-25_07:10:11.000000,0.5154639175257714,7930,5,7940,0.12610340479193294
2022-01-25_07:12:25.000000,0.5141388174807249,7950,5,7950,0.0
2022-01-25_07:29:52.000000,0.5154639175257714,7910,5,7900,-0.12642225031606058
2022-01-25_08:10:47.000000,0.512820512820511,7910,5,7920,0.12642225031604948
2022-01-26_07:00:01.000000,0.5050505050504972,8120,5,8120,0.0
2022-01-26_09:54:35.000000,0.5037783375314797,8110,5,8110,0.0
2022-01-27_07:00:00.000000,0.5194805194805197,8080,0.133976,7900,-2.2277227722772297
2022-01-27_07:00:01.000000,0.5194805194805197,7890,0.245636,7920,0.3802281368821214
2022-01-27_09:57:05.000000,0.50761421319796,8090,5,8090,0.0
2022-01-28_14:53:32.000000,0.5012531328320913,8130,5,8130,0.0
2022-02-07_07:07:25.000000,0.5025125628140614,8130,5,8130,0.0
2022-02-07_07:26:06.000000,0.5063291139240533,8060,5,8060,0.0
2022-02-07_11:02:15.000000,0.50761421319796,7930,5,7930,0.0
2022-02-07_13:10:01.000000,0.5012531328320913,8130,5,8130,0.0
2022-02-07_13:34:35.000000,0.5037783375314797,8120,5,8120,0.0
2022-02-14_07:00:00.000000,0.7518796992481258,8810,0.203273,8710,-1.1350737797956922
2022-02-14_07:00:03.000000,0.5012531328320913,8700,5,8700,0.0
2022-02-14_07:00:04.000000,0.5012531328320913,8700,5,8700,0.0
2022-02-22_07:00:00.000000,0.5037783375314797,8530,0.139703,8390,-1.6412661195779554
2022-02-22_07:00:18.000000,0.5037783375314797,8350,5,8340,-0.11976047904191933
2022-02-22_14:58:55.000000,0.5025125628140614,8520,5,8520,0.0
2022-02-23_13:14:12.000000,0.5089058524172962,8410,5,8400,-0.11890606420927874
2022-02-24_07:30:00.000000,0.8426966292134797,7800,0.169115,7770,-0.38461538461538325
2022-02-24_07:32:26.000000,0.5494505494505475,7840,5,7860,0.25510204081633514
2022-02-24_07:33:18.000000,0.5420054200542035,7900,0.902735,7940,0.5063291139240533
2022-02-24_07:33:19.000000,0.5420054200542035,7900,0.902735,7940,0.5063291139240533
2022-02-24_07:33:37.000000,0.5434782608695565,7910,5,7890,-0.25284450063211006
2022-02-24_07:33:57.000000,0.8196721311475308,7870,0.621324,7840,-0.3811944091486663
2022-02-24_07:34:31.000000,0.8287292817679592,7790,0.740641,7820,0.38510911424902705
2022-02-24_07:37:24.000000,1.3513513513513598,7960,5,7940,-0.2512562814070307
2022-02-24_07:38:37.000000,0.5434782608695565,7910,5,7890,-0.25284450063211006
2022-02-24_07:41:03.000000,0.8219178082191858,7890,5,7880,-0.12674271229404788
2022-02-24_07:50:42.000000,0.5434782608695565,7930,5,7930,0.0
2022-02-24_08:27:06.000000,0.5420054200542035,7910,5,7910,0.0
2022-02-24_08:29:07.000000,0.5449591280654031,7870,5,7870,0.0
2022-02-24_08:52:23.000000,0.5509641873278293,7810,5,7800,-0.1280409731113985
2022-02-24_10:15:31.000000,0.56657223796035,7710,5,7710,0.0
2022-02-24_10:22:02.000000,0.5649717514124353,7690,5,7690,0.0
2022-02-24_10:28:21.000000,0.5649717514124353,7680,5,7680,0.0
2022-02-25_07:00:00.000000,1.1235955056179803,7610,0.135295,7690,1.0512483574244502
2022-02-25_07:00:01.000000,0.8403361344537785,7690,0.193352,7660,-0.39011703511053764
2022-02-25_07:00:02.000000,0.8379888268156499,7690,0.169343,7650,-0.5201560468140465
2022-02-25_07:00:05.000000,0.5586592178770999,7700,0.476533,7670,-0.3896103896103842
2022-02-25_07:00:10.000000,0.5586592178770999,7680,0.074057,7710,0.390625
2022-02-25_07:00:27.000000,0.5586592178770999,7690,5,7690,0.0
2022-02-25_07:16:25.000000,0.561797752808979,7680,5,7680,0.0
2022-02-25_11:36:45.000000,0.5479452054794498,7800,5,7810,0.12820512820512775
2022-02-25_11:47:26.000000,0.5524861878453136,7810,5,7810,0.0
2022-02-25_12:26:57.000000,0.5464480874316946,7880,5,7870,-0.12690355329949554
2022-02-25_12:28:48.000000,0.5464480874316946,7890,5,7880,-0.12674271229404788
2022-02-25_13:27:24.000000,0.5434782608695565,7940,5,7940,0.0
2022-02-25_13:48:34.000000,0.5449591280654031,7960,5,7960,0.0
2022-02-28_07:00:01.000000,0.5602240896358524,8150,0.006811,8190,0.4907975460122671
2022-02-28_07:00:04.000000,0.5602240896358524,8190,0.226881,8130,-0.73260073260073
2022-02-28_07:03:19.000000,0.5602240896358524,8080,5,8070,-0.12376237623762387
2022-02-28_11:54:12.000000,0.5602240896358524,7940,5,7930,-0.12594458438287548
2022-02-28_14:30:40.000000,0.56657223796035,7900,5,7900,0.0
2022-02-28_14:39:19.000000,0.5649717514124353,7930,5,7930,0.0
2022-02-28_14:45:47.000000,0.561797752808979,7940,5,7950,0.12594458438286438
2022-02-28_14:49:28.000000,0.5586592178770999,7970,5,7970,0.0
2022-03-01_08:12:32.000000,0.5390835579514919,8170,5,8170,0.0
2022-03-01_08:28:47.000000,0.5347593582887722,8250,5,8260,0.12121212121212199
2022-03-01_08:29:58.000000,0.5333333333333412,8280,5,8270,-0.12077294685990392
2022-03-01_09:19:20.000000,0.5333333333333412,8300,5,8300,0.0
2022-03-01_10:10:16.000000,0.5449591280654031,8200,5,8200,0.0
2022-03-01_11:41:34.000000,0.5479452054794498,8200,5,8200,0.0
2022-03-01_13:55:58.000000,0.5464480874316946,8140,5,8140,0.0
2022-03-01_14:36:55.000000,0.5464480874316946,8150,5,8160,0.12269938650306678
2022-03-02_10:51:29.000000,0.5420054200542035,8170,5,8160,-0.1223990208078285
2022-03-03_14:33:30.000000,0.5494505494505475,8160,5,8170,0.1225490196078427
2022-03-04_08:11:51.000000,0.5494505494505475,8100,5,8100,0.0
2022-03-04_11:43:26.000000,0.5509641873278293,8020,5,8030,0.12468827930174342
2022-03-04_14:45:50.000000,0.5509641873278293,7990,5,7990,0.0
2022-03-07_09:50:11.000000,0.5586592178770999,7840,5,7840,0.0
2022-03-07_14:15:33.000000,0.5509641873278293,7870,5,7870,0.0
2022-03-07_14:29:44.000000,0.5494505494505475,7890,5,7890,0.0
2022-03-07_14:54:45.000000,0.5494505494505475,7860,5,7860,0.0
2022-03-08_07:43:48.000000,0.5494505494505475,7790,5,7790,0.0
2022-03-08_09:46:29.000000,0.5449591280654031,7940,5,7940,0.0
2022-03-08_14:40:21.000000,0.5524861878453136,7860,5,7870,0.12722646310432406
2022-03-09_08:10:52.000000,0.5479452054794498,7970,5,7970,0.0
2022-03-09_14:22:53.000000,0.5376344086021501,8140,5,8150,0.12285012285011554
2022-03-10_07:00:55.000000,0.5333333333333412,8200,5,8200,0.0
2022-03-10_08:29:23.000000,0.536193029490617,8120,5,8120,0.0
2022-03-10_12:55:45.000000,0.5464480874316946,8060,5,8060,0.0
2022-03-10_14:04:24.000000,0.5420054200542035,8090,5,8090,0.0
2022-03-10_14:04:34.000000,0.5420054200542035,8090,5,8090,0.0
2022-03-11_07:00:01.000000,0.5434782608695565,8130,5,8120,-0.12300123001229846
2022-03-15_11:15:53.000000,0.5221932114882533,8470,5,8470,0.0
2022-03-16_12:51:16.000000,0.5249343832020914,8450,5,8450,0.0
2022-03-16_13:05:07.000000,0.5291005291005346,8430,5,8430,0.0
2022-03-21_07:47:43.000000,0.5037783375314797,8740,5,8740,0.0
2022-03-21_12:41:15.000000,0.5025125628140614,8730,5,8730,0.0
2022-03-24_10:31:12.000000,0.5089058524172962,8840,0.627398,8810,-0.33936651583710287
2022-03-24_10:31:14.000000,0.5102040816326481,8820,0.408441,8790,-0.3401360544217691
2022-03-24_10:31:15.000000,0.5102040816326481,8830,0.167012,8800,-0.3397508493771184
2022-03-24_10:31:22.000000,0.5089058524172962,8840,0.806365,8870,0.33936651583710287
2022-03-24_10:41:42.000000,0.5102040816326481,8800,5,8800,0.0
2022-03-24_14:46:02.000000,0.5102040816326481,8730,5,8730,0.0
2022-03-28_14:44:02.000000,0.5154639175257714,8550,5,8550,0.0
2022-03-29_12:36:08.000000,0.50761421319796,8460,5,8470,0.11820330969267712
2022-03-29_13:24:52.000000,0.5050505050504972,8510,5,8510,0.0
2022-03-29_13:28:17.000000,0.5050505050504972,8490,5,8480,-0.11778563015312216
2022-03-29_13:49:50.000000,0.5050505050504972,8480,5,8480,0.0
2022-04-11_07:00:00.000000,0.6289308176100628,10110,0.171877,10190,0.7912957467853587
2022-04-11_07:00:01.000000,0.6289308176100628,10250,5,10240,-0.09756097560975618
2022-04-11_07:00:02.000000,0.6276150627614996,10250,5,10240,-0.09756097560975618
2022-04-11_07:00:03.000000,0.6289308176100628,10230,5,10240,0.09775171065493637
2022-04-11_07:01:15.000000,0.6198347107438051,10350,5,10360,0.09661835748793202
2022-04-11_07:01:16.000000,5.084745762711873,10360,5,10360,0.0
2022-04-11_07:01:17.000000,2.0618556701030855,10380,0.297305,10340,-0.3853564547206201
2022-04-11_07:01:18.000000,1.6460905349794164,10360,5,10360,0.0
2022-04-11_07:01:24.000000,1.2320328542094527,10350,5,10350,0.0
2022-04-11_07:02:33.000000,0.612244897959191,10370,5,10360,-0.0964320154291265
2022-04-12_07:00:00.000000,0.809716599190291,10680,0.161891,10600,-0.7490636704119868
2022-04-12_07:43:32.000000,0.6147540983606481,10580,5,10570,-0.0945179584120992
2022-04-12_14:45:14.000000,0.5813953488372103,10770,5,10760,-0.09285051067781103
2022-04-13_07:00:00.000000,0.7782101167315147,10760,0.156659,10810,0.4646840148698983
2022-04-13_13:25:43.000000,0.6000000000000005,10500,5,10500,0.0
2022-04-18_07:00:00.000000,0.5802707930367523,10800,5,10790,-0.09259259259258856
2022-04-18_07:35:43.000000,0.5870841487279899,10720,5,10710,-0.0932835820895539
2022-04-19_12:07:13.000000,0.9541984732824416,10820,0.841653,10860,0.3696857670979714
2022-04-19_12:59:24.000000,0.7707129094412402,10780,5,10760,-0.18552875695733162
2022-04-19_13:13:10.000000,0.5847953216374213,10630,0.492426,10670,0.37629350893697566
2022-04-25_07:04:59.000000,1.1881188118811892,10550,5,10560,0.09478672985780978
2022-04-25_07:05:00.000000,1.383399209486158,10530,5,10560,0.2849002849002913
2022-06-08_14:32:47.000000,0.6396588486140775,10640,5,10640,0.0
2022-06-08_14:50:20.000000,2.8888888888888964,10520,5,10510,-0.09505703422053591
2022-06-08_14:50:24.000000,0.879120879120876,10520,5,10500,-0.1901140684410607
2022-06-08_14:54:11.000000,0.6550218340611424,10410,5,10410,0.0
2022-06-08_14:56:47.000000,0.6622516556291425,10380,5,10380,0.0
2022-06-09_07:00:02.000000,0.6535947712418277,10430,5,10440,0.09587727708533222
2022-06-10_07:00:02.000000,0.659340659340657,10360,0.836075,10400,0.38610038610038533
2022-06-10_07:00:12.000000,0.6578947368421018,10420,5,10430,0.09596928982724684
2022-06-10_07:00:14.000000,0.659340659340657,10440,5,10430,-0.09578544061302763
2022-06-10_07:10:12.000000,0.6369426751592355,10930,0.297701,10970,0.36596523330283404
2022-06-10_14:03:05.000000,0.6451612903225712,10690,5,10690,0.0
2022-06-15_07:00:03.000000,0.647948164146861,4820,5,4820,0.0
2022-06-27_07:00:02.000000,0.8733624454148492,4560,0.749215,4540,-0.43859649122807154
2022-06-27_07:00:04.000000,0.6521739130434856,4560,0.09606,4580,0.43859649122806044
2022-06-30_07:00:03.000000,0.7025761124121788,4330,5,4320,-0.2309468822170868
2022-06-30_07:00:05.000000,0.7025761124121788,4330,5,4330,0.0
2022-06-30_07:00:07.000000,0.7025761124121788,4320,5,4320,0.0
2022-07-27_07:00:43.000000,0.6302521008403339,5220,5,5220,0.0
2022-08-11_07:00:00.000000,0.5494505494505475,6050,0.139771,6110,0.9917355371900749
2022-08-16_12:32:01.000000,0.9505703422053147,5930,5,5930,0.0
2022-08-18_07:00:01.000000,0.6711409395973256,6840,5,6830,-0.14619883040936088
2022-08-18_07:00:02.000000,0.5033557046979942,6830,5,6810,-0.2928257686676372
2022-08-18_07:00:03.000000,0.5033557046979942,6840,0.994577,6810,-0.43859649122807154
2022-08-18_07:00:06.000000,0.5033557046979942,6830,5,6820,-0.14641288433382416
2022-08-18_07:00:09.000000,0.5033557046979942,6840,0.658823,6810,-0.43859649122807154
2022-08-18_11:02:24.000000,0.5163511187607606,6850,0.353261,6880,0.43795620437956373
2022-08-18_11:02:30.000000,0.5181347150259086,6860,0.817438,6830,-0.4373177842565634
2022-08-18_11:03:59.000000,0.512820512820511,6730,5,6750,0.2971768202080227
2022-08-18_11:09:18.000000,0.5084745762711895,6890,5,6890,0.0
2022-08-18_11:13:38.000000,0.5067567567567544,6930,5,6920,-0.14430014430014682
2022-08-18_11:30:23.000000,0.521739130434784,6650,0.026881,6630,-0.3007518796992459
2022-08-19_07:04:05.000000,0.519031141868509,6910,5,6910,0.0
2022-08-22_07:00:00.000000,0.5347593582887722,7010,0.145127,6970,-0.5706134094151216
2022-08-22_07:00:01.000000,0.5347593582887722,6950,5,6970,0.2877697841726645
2022-08-22_07:02:18.000000,0.5395683453237377,6910,5,6910,0.0
2022-08-22_07:12:58.000000,0.5319148936170137,6980,0.980257,7010,0.42979942693410766
2022-08-26_07:02:15.000000,0.599700149925031,7970,5,7980,0.12547051442910462
2022-08-26_07:03:24.000000,0.5970149253731405,7980,5,7980,0.0
2022-08-26_07:49:38.000000,0.588235294117645,8060,5,8050,-0.1240694789081842
2022-08-26_13:14:59.000000,0.5797101449275255,7980,5,7980,0.0
2022-08-26_13:39:23.000000,0.7082152974504208,8030,5,8030,0.0
2022-08-26_13:46:51.000000,0.5594405594405494,8050,5,8050,0.0
2022-08-26_14:34:28.000000,0.5681818181818121,7790,5,7790,0.0
2022-08-26_14:34:35.000000,0.9957325746799528,7800,5,7810,0.12820512820512775
2022-08-26_14:35:00.000000,0.5706134094151105,7820,0.127031,7790,-0.38363171355498826
2022-08-26_14:35:06.000000,0.5730659025787954,7780,5,7780,0.0
2022-08-26_14:35:08.000000,0.5730659025787954,7790,0.079789,7760,-0.38510911424903815
2022-08-26_14:35:13.000000,1.1577424023154759,7760,0.037064,7730,-0.3865979381443285
2022-08-26_14:35:42.000000,1.026392961876832,7620,0.308968,7590,-0.3937007874015741
2022-08-26_14:36:11.000000,0.7331378299120228,7530,5,7530,0.0
2022-08-26_14:36:12.000000,0.5856515373352744,7530,5,7530,0.0
2022-08-26_14:36:26.000000,0.5839416058394109,7530,5,7530,0.0
2022-08-26_14:36:46.000000,0.8823529411764675,7530,5,7530,0.0
2022-08-26_14:37:10.000000,0.7374631268436627,7530,5,7530,0.0
2022-08-26_14:37:27.000000,0.7331378299120228,7530,5,7530,0.0
2022-08-26_14:37:38.000000,0.5865102639296182,7530,5,7530,0.0
2022-08-26_14:37:48.000000,0.7331378299120228,7530,5,7530,0.0
2022-08-26_14:37:58.000000,0.5865102639296182,7530,5,7530,0.0
2022-08-26_14:38:08.000000,0.5839416058394109,7530,5,7530,0.0
2022-08-26_14:39:12.000000,0.5780346820809301,7530,5,7530,0.0
2022-08-26_14:39:13.000000,0.5772005772005873,7530,5,7530,0.0
2022-08-26_14:39:15.000000,0.5780346820809301,7530,5,7530,0.0
2022-08-26_14:39:44.000000,0.7267441860465018,7530,5,7530,0.0
2022-08-26_14:39:48.000000,0.7267441860465018,7530,5,7530,0.0
2022-08-26_14:39:59.000000,0.7299270072992803,7530,5,7530,0.0
2022-08-26_14:40:08.000000,0.7342143906020615,7530,5,7530,0.0
2022-08-26_14:40:19.000000,0.8797653958944274,7530,5,7530,0.0
2022-08-26_14:40:28.000000,0.5865102639296182,7530,5,7530,0.0
2022-08-26_14:40:50.000000,0.589101620029453,7530,5,7530,0.0
2022-08-26_14:41:03.000000,0.588235294117645,7530,5,7530,0.0
2022-08-26_14:41:07.000000,1.3313609467455523,7530,5,7530,0.0
2022-08-26_14:41:10.000000,1.3313609467455523,7530,5,7530,0.0
2022-08-26_14:41:13.000000,1.1869436201780381,7530,5,7530,0.0
2022-08-26_14:41:14.000000,1.3412816691505292,7530,5,7530,0.0
2022-08-26_14:41:17.000000,1.1940298507462588,7530,5,7530,0.0
2022-08-26_14:41:18.000000,0.746268656716409,7530,5,7530,0.0
2022-08-26_14:41:19.000000,0.5970149253731405,7530,5,7530,0.0
2022-08-26_14:41:20.000000,0.5970149253731405,7530,5,7530,0.0
2022-08-26_14:41:38.000000,0.746268656716409,7530,5,7530,0.0
2022-08-26_14:41:40.000000,0.7485029940119681,7530,5,7530,0.0
2022-08-26_14:42:20.000000,0.7429420505200568,7530,5,7530,0.0
2022-08-26_14:42:25.000000,0.5952380952380931,7530,5,7530,0.0
2022-08-26_14:42:28.000000,0.8955223880596996,7530,5,7530,0.0
2022-08-26_14:42:31.000000,0.5970149253731405,7530,5,7530,0.0
2022-08-26_14:43:23.000000,0.8955223880596996,7530,5,7530,0.0
2022-08-26_14:45:08.000000,0.588235294117645,7530,5,7530,0.0
2022-08-26_14:47:40.000000,0.723589001447178,7530,5,7530,0.0
2022-08-26_14:49:10.000000,0.5830903790087438,7530,5,7530,0.0
2022-08-26_14:51:22.000000,0.5763688760807018,7770,5,7770,0.0
2022-08-26_14:55:33.000000,0.5689900426742556,7910,5,7890,-0.25284450063211006
2022-08-26_14:56:26.000000,0.7142857142857117,7870,5,7880,0.12706480304955914
2022-08-26_14:56:29.000000,0.5706134094151105,7870,5,7880,0.12706480304955914
2022-08-26_14:58:03.000000,0.5722460658083017,7820,5,7830,0.12787723785165905
2022-08-26_14:58:04.000000,0.7163323782235054,7830,5,7830,0.0
2022-08-26_14:58:07.000000,0.5722460658083017,7830,5,7810,-0.25542784163473664
2022-08-26_14:58:43.000000,0.7194244604316502,7780,5,7780,0.0
2022-08-29_07:00:04.000000,0.5681818181818121,7790,5,7800,0.12836970474967568
2022-08-29_08:08:13.000000,0.7352941176470562,7670,5,7650,-0.2607561929595881
2022-08-29_08:08:33.000000,0.7352941176470562,7650,5,7640,-0.13071895424836555
2022-08-31_14:06:59.000000,0.5706134094151105,7960,5,7950,-0.12562814070351536
2022-09-01_13:05:19.000000,0.5263157894736858,8270,5,8250,-0.241837968561065
2022-09-02_07:00:03.000000,0.7792207792207684,8210,0.016008,8180,-0.3654080389768555
2022-09-02_07:00:04.000000,0.5167958656330685,8200,0.301855,8170,-0.3658536585365857
2022-09-02_07:00:05.000000,0.5167958656330685,8190,0.588448,8220,0.366300366300365
2022-09-02_07:00:06.000000,0.5154639175257714,8210,5,8230,0.24360535931791105
2022-09-02_07:00:07.000000,0.5154639175257714,8190,0.023019,8220,0.366300366300365
2022-09-02_07:00:08.000000,0.5154639175257714,8210,5,8230,0.24360535931791105
2022-09-02_07:00:09.000000,0.6451612903225712,8230,0.079249,8200,-0.36452004860266785
2022-09-02_07:00:10.000000,0.5161290322580614,8230,0.079249,8200,-0.36452004860266785
2022-09-02_07:00:22.000000,0.5174644243208348,8200,5,8200,0.0
2022-09-02_07:12:20.000000,0.540540540540535,8070,5,8070,0.0
2022-09-02_13:26:00.000000,0.5050505050504972,8670,5,8650,-0.23068050749711633
2022-09-02_13:35:55.000000,0.5167958656330685,8630,5,8630,0.0
2022-09-05_07:00:01.000000,0.6353240152477735,9020,0.63369,9050,0.3325942350332678
2022-09-05_07:00:02.000000,0.50761421319796,9020,0.63369,9050,0.3325942350332678
2022-09-05_07:00:08.000000,0.5069708491761693,9060,0.057989,9030,-0.3311258278145712
2022-09-05_08:13:46.000000,0.5012531328320913,9110,0.948134,9080,-0.3293084522502765
2022-09-05_12:16:18.000000,0.6234413965087171,9440,5,9420,-0.21186440677966045
2022-09-05_12:16:59.000000,0.5006257822277815,9420,5,9400,-0.2123142250530785
2022-09-05_12:41:56.000000,0.7290400972053357,9510,5,9510,0.0
2022-09-06_07:00:03.000000,0.60606060606061,9910,0.502519,9950,0.4036326942482349
2022-09-06_08:16:59.000000,0.6289308176100628,9700,0.012874,9670,-0.3092783505154628
2022-09-06_08:17:01.000000,0.7518796992481258,9700,0.60426,9670,-0.3092783505154628
2022-09-06_08:17:03.000000,0.6273525721455453,9680,5,9690,0.10330578512396382
2022-09-06_08:17:37.000000,0.6369426751592355,9640,0.951824,9610,-0.3112033195020736
2022-09-06_08:17:38.000000,0.5095541401273884,9630,0.656059,9660,0.31152647975076775
2022-09-06_08:17:39.000000,0.5095541401273884,9630,0.656059,9660,0.31152647975076775
2022-09-06_08:17:46.000000,0.5102040816326481,9650,0.471579,9620,-0.31088082901554737
2022-09-06_08:34:49.000000,0.7416563658838138,10040,5,10050,0.09960159362549792
2022-09-06_12:25:00.000000,1.1249999999999982,10110,5,10110,0.0
2022-09-06_12:25:11.000000,0.7500000000000062,10110,5,10120,0.09891196834816984
2022-09-06_14:58:19.000000,1.0922330097087318,10390,5,10380,-0.09624639076034613
2022-09-06_14:58:20.000000,0.728155339805836,10400,5,10400,0.0
2022-09-06_14:58:24.000000,0.6067961165048485,10380,0.268895,10420,0.3853564547206201
2022-09-06_14:58:28.000000,0.6067961165048485,10400,0.967376,10360,-0.38461538461538325
2022-09-06_14:58:43.000000,0.6045949214026569,10350,0.030355,10390,0.38647342995168366
2022-09-06_14:58:44.000000,0.6045949214026569,10400,0.36434,10360,-0.38461538461538325
2022-09-07_07:00:35.000000,0.6112469437652868,10450,0.365073,10370,-0.7655502392344471
2022-09-07_07:00:44.000000,0.6134969325153339,10210,0.101973,10160,-0.48971596474045587
2022-09-07_07:01:05.000000,0.6165228113440113,10070,5,10070,0.0
2022-09-07_07:01:15.000000,0.7416563658838138,10070,5,10070,0.0
2022-09-07_07:01:36.000000,0.7481296758104827,10070,5,10070,0.0
2022-09-07_07:01:56.000000,0.991325898389106,10070,5,10070,0.0
2022-09-07_08:05:15.000000,0.6265664160401085,10360,0.76295,10320,-0.38610038610038533
2022-09-07_08:05:16.000000,0.5025125628140614,10340,5,10330,-0.09671179883945502
2022-09-07_14:33:35.000000,0.5089058524172962,10200,0.450777,10240,0.39215686274509665
2022-09-09_07:00:01.000000,0.5924170616113722,11470,0.044457,11420,-0.43591979075849885
2022-09-09_07:00:12.000000,0.5924170616113722,11430,0.25029,11380,-0.43744531933508357
2022-09-09_07:00:13.000000,0.5924170616113722,11430,0.729091,11390,-0.34995625546806464
2022-09-12_07:00:00.000000,0.8421052631578885,12440,0.166374,13330,7.154340836012851
2022-09-12_07:00:02.000000,0.5230125523012497,13370,0.255187,13320,-0.37397157816005944
2022-09-12_07:00:04.000000,0.9394572025052117,13370,0.922437,13320,-0.37397157816005944
2022-09-12_07:00:05.000000,0.7299270072992803,13390,0.03586,13440,0.37341299477222645
2022-09-12_07:00:07.000000,0.6256517205422307,13360,0.031913,13410,0.37425149700598404
2022-09-12_07:00:08.000000,0.8350730688935215,13450,0.072702,13400,-0.371747211895912
2022-09-12_07:00:09.000000,1.0438413361169019,13460,0.158759,13410,-0.3714710252600284
2022-09-12_07:00:10.000000,0.7284079084287187,13390,0.329853,13440,0.37341299477222645
2022-09-12_07:00:11.000000,0.520291363163361,13390,0.942253,13340,-0.37341299477221535
2022-09-12_07:00:12.000000,0.520291363163361,13410,0.624949,13360,-0.37285607755406236
2022-09-12_07:00:13.000000,0.6237006237006293,13400,0.102354,13350,-0.3731343283582045
2022-09-12_07:00:14.000000,0.7284079084287187,13420,0.360396,13370,-0.37257824143069884
2022-09-12_07:00:15.000000,0.6230529595015577,13340,0.745266,13400,0.4497751124437732
2022-09-12_07:00:16.000000,0.8333333333333304,13440,0.136489,13350,-0.6696428571428603
2022-09-12_07:00:17.000000,0.6256517205422307,13350,0.05795,13440,0.6741573033707926
2022-09-12_07:00:34.000000,0.5208333333333259,13410,5,13420,0.07457121551082135
2022-09-12_07:00:36.000000,0.5208333333333259,13400,5,13390,-0.07462686567164534
2022-09-12_07:01:19.000000,0.6237006237006293,13310,0.078863,13350,0.3005259203606281
2022-09-12_07:01:35.000000,0.5192107995846351,13400,5,13410,0.07462686567163423
2022-09-12_07:09:12.000000,0.6250000000000089,13220,0.312649,13180,-0.302571860816947
2022-09-12_07:10:05.000000,0.5279831045406524,12940,0.334324,12900,-0.3091190108191699
2022-09-12_07:12:57.000000,0.5291005291005346,13140,5,13140,0.0
2022-09-12_07:14:26.000000,0.5285412262156397,13060,0.804058,13020,-0.3062787136294043
2022-09-12_07:15:34.000000,0.5319148936170137,12990,0.929817,12950,-0.3079291762894565
2022-09-12_07:15:36.000000,0.5330490405117239,12960,0.520556,12920,-0.30864197530864335
2022-09-12_07:15:44.000000,0.6451612903225712,12950,0.671613,12910,-0.3088803088803105
2022-09-12_07:16:04.000000,0.5370569280343629,12870,0.941763,12830,-0.3108003108003077
2022-09-12_07:16:14.000000,0.650054171180936,12710,0.439184,12750,0.31471282454760274
2022-09-12_07:16:20.000000,0.7608695652173925,12710,0.033441,12670,-0.31471282454760274
2022-09-12_07:16:39.000000,0.5446623093681824,12660,5,12660,0.0
2022-09-12_07:17:18.000000,0.6493506493506551,12660,5,12660,0.0
2022-09-13_07:00:01.000000,0.61412487205732,12560,0.721037,12600,0.31847133757962887
2022-09-13_07:00:02.000000,0.6134969325153339,12590,0.792002,12630,0.3177124702144596
2022-09-13_07:00:07.000000,0.5102040816326481,12610,5,12610,0.0
2022-09-13_07:00:10.000000,0.5102040816326481,12600,0.120474,12640,0.31746031746031633
2022-09-13_07:00:15.000000,0.5102040816326481,12630,0.967901,12590,-0.31670625494854
2022-09-13_07:00:18.000000,0.5102040816326481,12610,5,12620,0.07930214115781098
2022-09-13_07:04:28.000000,0.6134969325153339,12470,5,12480,0.0801924619085792
2022-09-13_07:13:05.000000,0.5102040816326481,12360,5,12360,0.0
2022-09-13_07:15:42.000000,0.5030181086519203,12390,5,12390,0.0
2022-09-13_07:18:19.000000,0.5923000987166915,12480,5,12480,0.0
2022-09-13_08:33:26.000000,0.50761421319796,12350,5,12350,0.0
2022-09-13_09:32:12.000000,0.5112474437627856,12130,5,12130,0.0
2022-09-13_09:36:37.000000,0.525762355415349,12030,5,12010,-0.16625103906899863
2022-09-13_09:37:46.000000,0.5302226935312904,11970,5,11970,0.0
2022-09-13_09:38:24.000000,0.7423117709437932,11970,5,11970,0.0
2022-09-13_09:39:44.000000,0.5181347150259086,11970,5,11970,0.0
2022-09-13_09:39:45.000000,0.520291363163361,11970,5,11970,0.0
2022-09-13_09:39:46.000000,0.6250000000000089,11970,5,11970,0.0
2022-09-13_09:39:47.000000,0.5224660397074254,11970,5,11970,0.0
2022-09-13_09:39:49.000000,0.6289308176100628,11970,5,11970,0.0
2022-09-13_09:39:50.000000,0.8421052631578885,11970,5,11970,0.0
2022-09-13_09:40:10.000000,0.5302226935312904,11970,5,11970,0.0
2022-09-13_09:40:11.000000,0.5291005291005346,11970,5,11970,0.0
2022-09-13_09:40:42.000000,0.5268703898840821,11970,5,11970,0.0
2022-09-13_09:42:46.000000,0.5313496280552554,11970,5,11970,0.0
2022-09-13_09:44:00.000000,0.7407407407407307,11970,5,11970,0.0
2022-09-13_09:47:58.000000,0.5291005291005346,11970,5,11970,0.0
2022-09-13_09:48:22.000000,0.5285412262156397,11970,5,11970,0.0
2022-09-13_10:00:13.000000,0.5263157894736858,12060,5,12070,0.08291873963515162
2022-09-13_10:21:01.000000,0.5399568034557323,11780,5,11770,-0.0848896434634927
2022-09-13_10:22:39.000000,0.5482456140350811,11690,5,11690,0.0
2022-09-13_10:22:55.000000,0.6622516556291425,11680,5,11660,-0.1712328767123239
2022-09-13_10:22:56.000000,0.8849557522123908,11670,5,11670,0.0
2022-09-13_10:23:13.000000,0.5580357142857206,11620,5,11630,0.0860585197934638
2022-09-13_10:23:31.000000,0.5586592178770999,11590,0.01833,11550,-0.345125107851596
2022-09-13_10:23:45.000000,0.5586592178770999,11570,0.521141,11610,0.34572169403630504
2022-09-13_10:23:57.000000,1.0000000000000009,11580,5,11580,0.0
2022-09-13_10:24:06.000000,0.5530973451327359,11580,5,11550,-0.2590673575129543
2022-09-13_10:24:12.000000,0.6644518272425293,11570,5,11560,-0.08643042350907626
2022-09-13_10:27:26.000000,0.5370569280343629,11680,5,11660,-0.1712328767123239
2022-09-13_10:27:39.000000,0.9708737864077666,11690,5,11700,0.08554319931566301
2022-09-13_10:28:36.000000,0.5347593582887722,11740,5,11750,0.08517887563883608
2022-09-13_11:21:51.000000,0.5170630816959676,12080,5,12110,0.2483443708609201
2022-09-13_12:32:17.000000,0.7423117709437932,12010,5,12000,-0.08326394671107629
2022-09-13_12:34:08.000000,0.967741935483879,11960,5,11960,0.0
2022-09-13_12:34:27.000000,0.6403415154749181,12020,5,12000,-0.16638935108153063
2022-09-13_13:00:41.000000,0.5464480874316946,11900,5,11900,0.0
2022-09-13_13:01:57.000000,0.6622516556291425,11840,5,11830,-0.08445945945946276
2022-09-13_13:02:10.000000,0.8869179600886845,11820,5,11820,0.0
2022-09-13_13:02:24.000000,0.6659267480577213,11810,5,11800,-0.08467400508044287
2022-09-13_13:02:32.000000,0.5549389567147678,11790,5,11780,-0.08481764206954567
2022-09-13_13:02:43.000000,0.6666666666666599,11820,5,11800,-0.16920473773265332
2022-09-13_13:05:10.000000,0.756756756756749,11840,5,11830,-0.08445945945946276
2022-09-13_13:23:50.000000,0.5530973451327359,11620,5,11640,0.1721170395869276
2022-09-13_14:17:56.000000,0.6629834254143541,11540,5,11550,0.08665511265164572
2022-09-13_14:34:15.000000,0.6741573033707926,11500,5,11500,0.0
2022-09-14_07:00:00.000000,1.674641148325362,11300,0.125469,10630,-5.929203539823014
2022-09-14_07:00:01.000000,1.674641148325362,10630,0.016649,10670,0.37629350893697566
2022-09-14_07:00:02.000000,1.4354066985645897,10540,0.008846,10590,0.4743833017077703
2022-09-14_07:00:03.000000,1.0765550239234534,10600,0.004519,10510,-0.8490566037735903
2022-09-14_07:00:04.000000,0.9603841536614643,10580,0.04635,10620,0.3780718336483968
2022-09-14_07:00:05.000000,0.9638554216867545,10620,0.025906,10550,-0.6591337099811634
2022-09-14_07:00:06.000000,0.9638554216867545,10550,0.148109,10600,0.4739336492890933
2022-09-14_07:00:07.000000,0.9638554216867545,10610,0.016897,10570,-0.37700282752121117
2022-09-14_07:00:08.000000,0.9638554216867545,10600,0.030841,10550,-0.4716981132075526
2022-09-14_07:00:09.000000,0.9638554216867545,10550,0.123231,10510,-0.37914691943128354
2022-09-14_07:00:10.000000,0.8454106280193274,10500,0.085341,10550,0.4761904761904745
2022-09-14_07:00:11.000000,0.6038647342995196,10500,0.095369,10550,0.4761904761904745
2022-09-14_07:00:13.000000,0.8454106280193274,10500,0.13977,10550,0.4761904761904745
2022-09-14_07:00:15.000000,0.7246376811594235,10500,0.107082,10600,0.952380952380949
2022-09-14_07:00:28.000000,0.7246376811594235,10560,0.199109,10520,-0.37878787878787845
2022-09-14_07:00:29.000000,0.6038647342995196,10580,0.702336,10540,-0.3780718336483968
2022-09-14_07:00:52.000000,0.60606060606061,10570,5,10550,-0.18921475875117721
2022-09-14_07:01:04.000000,0.6097560975609762,10540,0.238462,10500,-0.3795066413662229
2022-09-14_07:01:05.000000,1.3530135301353052,10540,0.238462,10500,-0.3795066413662229
2022-09-14_07:01:07.000000,0.7371007371007376,10510,0.771595,10470,-0.38058991436726863
2022-09-14_07:01:11.000000,0.6105006105006083,10490,5,10490,0.0
2022-09-14_07:01:15.000000,0.9840098400984099,10490,0.899101,10450,-0.38131553860819567
2022-09-14_07:01:16.000000,0.6150061500614923,10490,0.899101,10450,-0.38131553860819567
2022-09-14_07:01:22.000000,0.6157635467980205,10450,5,10440,-0.0956937799043045
2022-09-14_07:01:25.000000,0.6157635467980205,10450,5,10430,-0.191387559808609
2022-09-14_07:01:28.000000,0.7425742574257432,10440,5,10420,-0.19157088122605526
2022-09-14_07:01:29.000000,1.1180124223602483,10430,5,10430,0.0
2022-09-14_07:01:31.000000,1.8796992481203034,10420,5,10430,0.09596928982724684
2022-09-14_07:18:31.000000,1.5056461731492998,10480,5,10500,0.1908396946564972
2022-09-14_07:18:32.000000,1.1249999999999982,10500,5,10500,0.0
2022-09-14_07:18:41.000000,0.6203473945409321,10510,5,10520,0.09514747859182826
2022-09-14_07:19:05.000000,0.6134969325153339,10610,5,10620,0.09425070688029447
2022-09-14_07:19:12.000000,0.6127450980392135,10610,5,10610,0.0
2022-09-14_07:19:20.000000,1.097560975609757,10620,5,10650,0.28248587570620654
2022-09-14_07:19:23.000000,0.8505467800729027,10640,5,10620,-0.1879699248120259
2022-09-14_07:19:42.000000,0.7343941248469932,10660,0.430929,10620,-0.37523452157598447
2022-09-14_07:19:48.000000,0.7398273736128225,10560,0.103325,10600,0.37878787878788955
2022-09-14_07:19:49.000000,0.7407407407407307,10560,0.103325,10600,0.37878787878788955
2022-09-14_07:20:02.000000,0.6119951040391758,10590,5,10580,-0.09442870632672129
2022-09-14_07:20:06.000000,0.8620689655172376,10580,0.239437,10540,-0.3780718336483968
2022-09-14_07:21:01.000000,0.6188118811881083,10470,0.170923,10430,-0.382043935052534
2022-09-14_07:21:02.000000,0.6203473945409321,10470,0.170923,10430,-0.382043935052534
2022-09-14_07:21:04.000000,0.6203473945409321,10450,5,10420,-0.2870813397129135
2022-09-14_07:21:10.000000,0.7444168734491274,10450,5,10430,-0.191387559808609
2022-09-14_07:21:18.000000,0.6195786864931829,10460,5,10460,0.0
2022-09-14_07:21:21.000000,0.6203473945409321,10450,5,10460,0.0956937799043045
2022-09-14_07:21:23.000000,0.6203473945409321,10460,5,10450,-0.09560229445506607
2022-09-14_07:21:24.000000,0.6203473945409321,10450,5,10460,0.0956937799043045
2022-09-14_07:21:39.000000,0.7444168734491274,10470,0.739581,10510,0.3820439350525229
2022-09-14_07:21:47.000000,0.6203473945409321,10500,5,10510,0.09523809523810378
2022-09-14_07:22:00.000000,0.8728179551122262,10500,5,10480,-0.19047619047618536
2022-09-14_07:22:02.000000,1.1235955056179803,10510,0.68032,10470,-0.38058991436726863
2022-09-14_07:22:04.000000,1.1249999999999982,10500,5,10470,-0.28571428571428914
2022-09-14_07:22:07.000000,1.0000000000000009,10500,5,10500,0.0
2022-09-14_07:22:09.000000,0.6250000000000089,10470,5,10500,0.2865329512893977
2022-09-14_07:22:10.000000,0.6250000000000089,10490,5,10500,0.09532888465204614
2022-09-14_07:22:11.000000,0.6250000000000089,10500,5,10480,-0.19047619047618536
2022-09-14_07:22:12.000000,0.6250000000000089,10500,5,10480,-0.19047619047618536
2022-09-14_07:22:13.000000,0.6250000000000089,10500,5,10500,0.0
2022-09-14_07:24:26.000000,0.7371007371007376,10580,0.28191,10540,-0.3780718336483968
2022-09-14_07:46:33.000000,0.5089058524172962,10310,5,10300,-0.09699321047527132
2022-09-14_10:44:59.000000,0.6345177664974555,10170,5,10170,0.0
2022-09-14_10:45:04.000000,0.5063291139240533,10170,5,10170,0.0
2022-09-14_10:45:14.000000,0.6353240152477735,10170,5,10170,0.0
2022-09-14_10:45:16.000000,0.50761421319796,10170,5,10170,0.0
2022-09-14_10:45:17.000000,0.6353240152477735,10170,5,10170,0.0
2022-09-14_10:55:40.000000,0.5089058524172962,10170,5,10170,0.0
2022-09-14_11:05:40.000000,0.5031446540880502,10170,5,10170,0.0
2022-09-14_11:11:42.000000,0.5089058524172962,10170,5,10170,0.0
2022-09-15_07:00:00.000000,1.5564202334630295,10170,0.171228,9810,-3.539823008849563
2022-09-15_07:00:01.000000,1.5564202334630295,9830,0.002419,9890,0.6103763987792554
2022-09-15_07:00:02.000000,1.1673151750972721,9830,0.123827,9870,0.4069175991861629
2022-09-15_07:00:03.000000,0.9079118028534339,9810,0.125591,9850,0.4077471967380175
2022-09-15_07:00:04.000000,0.9055627425614388,9800,0.30727,9830,0.3061224489795844
2022-09-15_07:00:05.000000,0.9055627425614388,9810,0.933538,9840,0.3058103975535076
2022-09-15_07:00:06.000000,1.2936610608020649,9810,0.933538,9840,0.3058103975535076
2022-09-15_07:00:07.000000,1.2936610608020649,9820,0.713958,9790,-0.3054989816700604
2022-09-15_07:00:08.000000,0.7761966364812523,9820,0.713958,9790,-0.3054989816700604
2022-09-15_07:00:09.000000,0.6451612903225712,9810,0.181677,9840,0.3058103975535076
2022-09-15_07:00:10.000000,0.6451612903225712,9790,0.490498,9760,-0.3064351378958108
2022-09-15_07:00:11.000000,0.903225806451613,9790,0.490498,9760,-0.3064351378958108
2022-09-15_07:00:12.000000,1.1627906976744207,9800,0.490498,9770,-0.3061224489795955
2022-09-15_07:00:13.000000,0.7751937984496138,9780,0.065537,9710,-0.7157464212678932
2022-09-15_07:00:14.000000,0.7751937984496138,9780,0.053865,9740,-0.4089979550102263
2022-09-15_07:00:15.000000,0.6451612903225712,9780,0.238697,9710,-0.7157464212678932
2022-09-15_07:00:16.000000,0.7741935483871032,9790,0.365713,9750,-0.40858018386108474
2022-09-15_07:00:17.000000,0.5148005148005064,9770,0.127192,9720,-0.5117707267144334
2022-09-15_07:00:20.000000,0.7741935483871032,9790,0.709639,9760,-0.3064351378958108
2022-09-15_07:00:21.000000,0.903225806451613,9790,0.709639,9760,-0.3064351378958108
2022-09-15_07:00:35.000000,0.6377551020408267,9790,0.267621,9820,0.3064351378958108
2022-09-15_07:00:36.000000,0.5102040816326481,9830,0.519065,9860,0.3051881993896277
2022-09-15_07:00:41.000000,0.5089058524172962,9860,0.499389,9830,-0.30425963488843744
2022-09-15_07:00:50.000000,0.5102040816326481,9890,0.040163,9860,-0.30333670374115274
2022-09-15_07:02:07.000000,0.6418485237484006,9830,5,9830,0.0
2022-09-15_07:02:18.000000,0.5141388174807249,9860,5,9880,0.20283975659229903
2022-09-15_07:02:46.000000,0.5069708491761693,10030,5,10060,0.29910269192423566
2022-09-15_07:32:04.000000,0.5188067444876765,10000,5,9990,-0.10000000000000009
2022-09-15_07:32:07.000000,0.5208333333333259,10000,5,9990,-0.10000000000000009
2022-09-15_07:39:48.000000,0.5181347150259086,10070,5,10060,-0.09930486593843213
2022-09-15_07:50:00.000000,0.5333333333333412,9700,0.619491,9730,0.3092783505154628
2022-09-15_08:26:46.000000,1.112656467315709,9260,5,9260,0.0
2022-09-15_11:42:19.000000,0.7012622720897532,9160,5,9160,0.0
2022-09-16_07:00:00.000000,1.0339734121122657,9160,0.144266,8580,-6.33187772925764
2022-09-16_07:00:01.000000,1.4814814814814836,8530,0.465411,8500,-0.3516998827667095
2022-09-16_07:00:02.000000,0.8928571428571397,8500,0.00671,8530,0.3529411764705781
2022-09-16_07:00:03.000000,1.7857142857142794,8540,0.290628,8510,-0.3512880562060894
2022-09-16_07:00:05.000000,1.0401188707280795,8540,0.03665,8510,-0.3512880562060894
2022-09-16_07:00:08.000000,0.746268656716409,8400,0.02907,8500,1.1904761904761862
2022-09-16_07:00:09.000000,0.746268656716409,8510,0.376702,8540,0.3525264394829586
2022-09-16_07:00:10.000000,0.5961251862891315,8510,0.221917,8480,-0.3525264394829586
2022-09-16_07:00:11.000000,0.5961251862891315,8500,0.179637,8310,-2.2352941176470575
2022-09-16_07:00:12.000000,0.5961251862891315,8550,0.13934,8420,-1.520467836257311
2022-09-16_07:00:22.000000,0.746268656716409,8400,0.132725,8340,-0.7142857142857117
2022-09-16_07:00:25.000000,0.8982035928143617,8400,0.122022,8450,0.5952380952380931
2022-09-16_07:00:55.000000,0.605143721633894,8390,0.918941,8360,-0.35756853396901045
2022-09-16_07:03:47.000000,0.589101620029453,8460,5,8480,0.23640661938533203
2022-09-16_07:15:08.000000,0.5839416058394109,8510,5,8500,-0.1175088131609825
2022-09-16_07:21:04.000000,0.588235294117645,8460,5,8470,0.11820330969267712
2022-09-16_07:26:42.000000,0.5763688760807018,8660,5,8670,0.11547344110853786
2022-09-16_07:27:38.000000,0.5698005698005604,8700,5,8710,0.11494252873562871
2022-09-16_07:27:53.000000,0.56657223796035,8720,5,8730,0.11467889908256534
2022-09-16_07:28:19.000000,0.7052186177715081,8720,0.626786,8690,-0.34403669724770714
2022-09-16_07:28:31.000000,1.5514809590973178,8670,5,8670,0.0
2022-09-16_07:28:38.000000,0.5649717514124353,8650,0.956972,8680,0.3468208092485492
2022-09-16_07:29:25.000000,0.5673758865248235,8690,5,8670,-0.23014959723820505
2022-09-16_07:34:53.000000,0.5706134094151105,8660,5,8650,-0.11547344110854896
2022-09-16_07:36:57.000000,0.7032348804500765,8800,5,8800,0.0
2022-09-16_07:37:08.000000,0.7012622720897532,8800,0.079174,8830,0.3409090909090917
2022-09-16_07:49:28.000000,0.5673758865248235,8990,0.338701,8960,-0.33370411568409697
2022-09-16_07:50:32.000000,0.5747126436781658,8790,0.284646,8760,-0.34129692832765013
2022-09-16_08:06:17.000000,0.7102272727272707,8800,5,8800,0.0
2022-09-16_12:16:05.000000,0.5586592178770999,8610,5,8630,0.23228803716608404
2022-09-19_07:00:02.000000,0.5449591280654031,8600,0.045893,8650,0.5813953488372103
2022-09-19_08:42:50.000000,0.557103064066844,8530,5,8540,0.11723329425556983
2022-09-19_14:06:18.000000,1.9089574155653377,7890,5,7890,0.0
2022-09-19_14:06:25.000000,0.5865102639296182,7890,5,7890,0.0
2022-09-19_14:06:47.000000,0.5830903790087438,7890,5,7890,0.0
2022-09-19_14:06:53.000000,0.8823529411764675,7890,5,7890,0.0
2022-09-20_07:00:00.000000,1.0000000000000009,7890,0.212023,8050,2.0278833967046994
2022-09-20_07:00:02.000000,0.5689900426742556,8070,0.533848,8100,0.3717472118959009
2022-09-20_07:00:03.000000,0.8547008547008517,8100,0.994058,8130,0.37037037037037646
2022-09-20_07:00:04.000000,0.7112375533428139,8100,0.994058,8130,0.37037037037037646
2022-09-20_07:00:05.000000,0.7112375533428139,8100,0.994058,8130,0.37037037037037646
2022-09-20_07:00:06.000000,0.5681818181818121,8100,0.994058,8130,0.37037037037037646
2022-09-20_07:00:08.000000,0.5681818181818121,8100,0.900494,8130,0.37037037037037646
2022-09-20_07:00:10.000000,0.5681818181818121,8130,0.189704,8080,-0.6150061500615034
2022-09-20_07:00:11.000000,0.7102272727272707,8080,0.349322,8110,0.3712871287128605
2022-09-20_07:00:15.000000,0.5681818181818121,8090,0.141213,8060,-0.3708281829419069
2022-09-20_07:00:16.000000,0.8534850640113723,8090,0.141213,8060,-0.3708281829419069
2022-09-20_07:00:17.000000,0.8534850640113723,8090,0.293101,8060,-0.3708281829419069
2022-09-20_07:01:37.000000,0.5610098176718203,8030,5,8050,0.24906600249066102
2022-09-20_07:03:00.000000,1.1363636363636465,8040,0.040884,8010,-0.3731343283582045
2022-09-20_07:05:23.000000,0.8645533141210304,8020,5,8020,0.0
2022-09-20_08:59:53.000000,0.5856515373352744,7820,0.712494,7790,-0.38363171355498826
2022-09-20_08:59:58.000000,0.5822416302765587,7820,0.891365,7790,-0.38363171355498826
2022-09-20_09:00:28.000000,0.7309941520467822,7830,0.780326,7800,-0.3831417624521105
2022-09-20_09:00:53.000000,0.5830903790087438,7810,5,7820,0.1280409731113874
2022-09-20_09:01:28.000000,1.0218978102189746,7860,5,7870,0.12722646310432406
2022-09-20_09:01:31.000000,0.5822416302765587,7850,5,7860,0.1273885350318471
2022-09-20_09:01:43.000000,0.7299270072992803,7860,5,7850,-0.12722646310432406
2022-09-20_09:02:16.000000,0.5847953216374213,7860,5,7850,-0.12722646310432406
2022-09-20_09:03:21.000000,0.5839416058394109,7870,5,7870,0.0
2022-09-20_09:05:30.000000,0.5943536404160454,7730,5,7740,0.1293661060802087
2022-09-20_09:06:20.000000,0.7429420505200568,7670,5,7660,-0.13037809647978849
2022-09-21_07:00:15.000000,0.5633802816901401,8220,5,8220,0.0
2022-09-21_07:00:35.000000,0.7012622720897532,8220,5,8220,0.0
2022-09-21_07:16:11.000000,0.7022471910112404,8230,5,8230,0.0
2022-09-26_14:27:40.000000,0.5822416302765587,7680,5,7670,-0.13020833333333703
2022-09-29_14:19:48.000000,0.8784773060029227,7360,5,7350,-0.13586956521739468
2022-10-03_14:10:13.000000,0.5201560468140354,8210,5,8210,0.0
2022-10-04_07:00:00.000000,0.8695652173912993,8270,0.175248,8540,3.2648125755743607
2022-10-04_07:00:01.000000,0.7425742574257432,8550,0.22587,8520,-0.35087719298245723
2022-10-04_07:00:02.000000,0.867410161090465,8530,0.433655,8500,-0.3516998827667095
2022-10-04_07:00:04.000000,0.6172839506172867,8550,0.403385,8520,-0.35087719298245723
2022-10-04_07:00:05.000000,0.6180469715698411,8540,0.116907,8500,-0.4683840749414525
2022-10-04_07:00:06.000000,0.6172839506172867,8530,0.262919,8500,-0.3516998827667095
2022-10-04_07:00:07.000000,0.6172839506172867,8540,0.420463,8510,-0.3512880562060894
2022-10-04_07:00:10.000000,0.6172839506172867,8550,0.480075,8520,-0.35087719298245723
2022-10-04_07:00:11.000000,0.6172839506172867,8550,0.023427,8510,-0.4678362573099393
2022-10-04_07:00:12.000000,0.6172839506172867,8530,0.986324,8500,-0.3516998827667095
2022-10-04_07:00:14.000000,0.6172839506172867,8530,0.903945,8500,-0.3516998827667095
2022-10-04_07:00:15.000000,0.6172839506172867,8540,0.903945,8510,-0.3512880562060894
2022-10-04_07:00:27.000000,0.8706467661691475,8510,5,8520,0.1175088131609936
2022-10-04_07:05:16.000000,0.5006257822277815,8470,0.504039,8440,-0.35419126328217754
2022-10-04_07:06:37.000000,0.5063291139240533,8360,0.014118,8390,0.3588516746411585
2022-10-04_08:03:42.000000,0.8728179551122262,8540,5,8530,-0.11709601873536313
2022-10-04_08:42:23.000000,0.6289308176100628,8360,5,8360,0.0
2022-10-06_07:00:01.000000,0.6265664160401085,8270,0.734188,8240,-0.36275695284159193
2022-10-06_07:00:02.000000,0.5012531328320913,8260,5,8250,-0.1210653753026647
2022-10-07_12:30:20.000000,0.7453416149068248,8300,5,8300,0.0
2022-10-17_07:00:05.000000,0.5592841163311046,8670,0.843634,8700,0.34602076124568004
2022-10-17_07:00:08.000000,0.5599104143336975,8680,0.429709,8650,-0.3456221198156695
2022-10-17_08:53:16.000000,0.6217616580310947,9340,5,9340,0.0
2022-10-17_08:53:21.000000,0.5181347150259086,9340,5,9350,0.10706638115631772
2022-10-18_07:00:00.000000,0.5830903790087438,9390,0.133465,9940,5.857294994675177
2022-10-18_07:00:01.000000,0.7774538386783325,9940,0.309726,9910,-0.3018108651911433
2022-10-18_07:00:02.000000,0.5813953488372103,9940,0.086497,9890,-0.5030181086519092
2022-10-18_07:00:03.000000,0.6776379477250627,9940,0.578816,9910,-0.3018108651911433
2022-10-18_07:00:04.000000,0.6776379477250627,9930,0.201141,9960,0.30211480362538623
2022-10-18_07:00:05.000000,0.5808325266214887,9940,0.81042,9910,-0.3018108651911433
2022-10-18_07:00:08.000000,0.5802707930367523,9920,0.503307,9950,0.3024193548387011
2022-10-18_07:00:09.000000,0.6776379477250627,9930,0.182461,9900,-0.30211480362537513
2022-10-18_07:00:11.000000,0.6776379477250627,9950,0.382966,9910,-0.4020100502512558
2022-10-18_07:00:13.000000,0.5797101449275255,9950,0.054746,9920,-0.3015075376884391
2022-10-18_07:00:14.000000,0.6776379477250627,9960,0.687003,9930,-0.3012048192771122
2022-10-18_07:00:15.000000,0.6776379477250627,9950,0.327681,9980,0.3015075376884502
2022-10-18_07:00:16.000000,0.5802707930367523,9940,0.017055,9980,0.4024144869215318
2022-10-18_07:00:18.000000,0.5797101449275255,9980,0.004031,9950,-0.30060120240480437
2022-10-18_07:00:24.000000,0.7736943907156624,9970,0.217628,10000,0.30090270812437314
2022-10-18_07:00:25.000000,0.6776379477250627,9970,0.217628,10000,0.30090270812437314
2022-10-18_07:00:26.000000,0.5802707930367523,10020,0.116157,9980,-0.39920159680638667
2022-10-18_07:00:31.000000,0.5808325266214887,9970,0.142891,10010,0.4012036108324901
2022-10-18_12:52:18.000000,0.5208333333333259,9490,5,9490,0.0
2022-10-18_13:36:52.000000,0.9493670886076,9470,0.087922,9440,-0.31678986272439813
2022-10-18_14:20:05.000000,0.5330490405117239,9470,5,9460,-0.10559662090813271
2022-10-18_14:38:04.000000,0.5382131324004336,9330,5,9340,0.1071811361200492
2022-10-19_11:40:09.000000,0.5138746145940454,10050,5,10060,0.09950248756218638
2022-10-20_07:00:00.000000,0.7246376811594235,10100,0.161874,10060,-0.3960396039603964
2022-10-20_07:00:02.000000,0.5181347150259086,9930,0.217809,9980,0.5035246727089548
2022-10-20_07:00:10.000000,0.520291363163361,9950,0.10064,9920,-0.3015075376884391
2022-10-20_07:00:24.000000,0.520291363163361,9950,0.324957,9920,-0.3015075376884391
2022-10-20_07:00:27.000000,0.6256517205422307,9970,0.15852,9930,-0.4012036108325012
2022-10-20_07:00:28.000000,0.6263048016701411,9930,0.022148,9970,0.40281973816715944
2022-10-20_07:00:29.000000,0.6263048016701411,9970,0.8422,9930,-0.4012036108325012
2022-10-24_07:00:00.000000,0.7314524555903867,9830,0.14732,9920,0.9155645981688609
2022-10-27_07:00:00.000000,0.5263157894736858,9740,0.138967,9790,0.5133470225872738
2022-10-28_08:42:05.000000,1.0033444816053505,9100,5,9090,-0.1098901098901095
2022-10-31_09:00:06.000000,0.5580357142857206,9060,5,9070,0.1103752759381793
2022-11-02_14:34:10.000000,0.5599104143336975,9040,5,9030,-0.11061946902655162
2022-11-07_07:00:00.000000,0.5307855626327074,8950,0.155401,9060,1.229050279329602
2022-11-16_07:00:00.000000,1.0289990645462987,9730,0.24461,9790,0.6166495375128367
2022-11-16_07:00:01.000000,0.7469654528478031,9790,0.580893,9760,-0.3064351378958108
2022-11-16_07:00:02.000000,0.6523765144454741,9780,5,9770,-0.10224948875255935
2022-11-16_07:00:03.000000,0.746268656716409,9760,0.084285,9790,0.30737704918033515
2022-11-16_07:00:05.000000,0.5586592178770999,9780,5,9790,0.10224948875254825
2022-11-16_07:00:12.000000,0.5597014925373234,9730,0.74101,9760,0.30832476875641834
2022-11-16_07:00:19.000000,0.5597014925373234,9730,0.204886,9700,-0.30832476875641834
2022-11-16_07:00:25.000000,0.5597014925373234,9760,0.884487,9720,-0.4098360655737654
2022-11-16_07:00:30.000000,0.5602240896358524,9750,0.364341,9720,-0.3076923076923088
2022-11-16_07:00:31.000000,0.6566604127579811,9740,0.054882,9710,-0.30800821355235763
2022-11-16_14:55:14.000000,0.8264462809917328,10040,0.999051,10000,-0.3984063745019917
2022-11-16_14:55:16.000000,0.7386888273314796,10010,5,9990,-0.19980019980020414
2022-11-16_14:55:17.000000,0.7407407407407307,10010,5,9980,-0.29970029970030065
2022-11-16_14:55:20.000000,0.7407407407407307,9990,5,9990,0.0
2022-11-16_14:55:21.000000,0.5555555555555536,9990,5,9980,-0.10010010010009784
2022-11-16_14:55:22.000000,0.9302325581395321,9980,5,9970,-0.10020040080159776
2022-11-16_14:55:23.000000,0.8364312267657992,9970,5,9960,-0.10030090270812808
2022-11-16_14:55:24.000000,0.6469500924214389,9970,5,9950,-0.20060180541624506
2022-11-16_14:55:25.000000,0.7400555041628065,9990,0.350645,9960,-0.30030030030030463
2022-11-16_14:55:28.000000,1.6651248843663202,9960,0.530881,9990,0.3012048192771122
2022-11-16_14:55:29.000000,1.1029411764705843,9950,0.059009,9980,0.3015075376884502
2022-11-16_14:55:30.000000,1.0110294117646967,9990,5,9970,-0.2002002002001957
2022-11-16_14:55:31.000000,0.8279668813247376,9980,5,9980,0.0
2022-11-16_14:55:32.000000,1.0138248847926246,9980,5,9990,0.10020040080160886
2022-11-16_14:55:34.000000,0.8294930875575979,9970,5,9990,0.20060180541625616
2022-11-16_14:55:35.000000,0.6445672191528473,9970,5,9980,0.10030090270811698
2022-11-16_14:55:36.000000,0.7359705611775569,9980,5,9980,0.0
2022-11-16_14:55:37.000000,0.8264462809917328,9990,0.274135,9960,-0.30030030030030463
2022-11-16_14:55:38.000000,0.8264462809917328,9970,5,9980,0.10030090270811698
2022-11-16_14:55:39.000000,0.6422018348623881,9990,5,9970,-0.2002002002001957
2022-11-16_14:55:40.000000,1.0091743119265972,9980,5,9980,0.0
2022-11-16_14:55:44.000000,0.6386861313868675,9970,5,9980,0.10030090270811698
2022-11-16_14:56:45.000000,0.5434782608695565,9970,5,9970,0.0
2022-11-17_07:00:01.000000,0.6392694063926951,9950,0.555066,9980,0.3015075376884502
2022-11-17_07:00:23.000000,0.5484460694698434,9970,5,9970,0.0
2022-11-17_07:00:24.000000,0.5484460694698434,9970,5,9960,-0.10030090270812808
2022-11-17_07:00:25.000000,0.6404391582799596,9980,5,9960,-0.2004008016032066
2022-11-17_07:04:17.000000,0.8189262966332933,9920,5,9920,0.0
2022-11-17_07:13:51.000000,0.5602240896358524,9730,0.453018,9700,-0.30832476875641834
2022-11-17_07:15:39.000000,0.5623242736644718,9620,0.737323,9650,0.31185031185030354
2022-11-17_07:19:21.000000,0.5714285714285783,9610,5,9600,-0.10405827263267886
2022-11-17_07:37:02.000000,1.520912547528508,9630,5,9630,0.0
2022-11-17_07:37:48.000000,0.5628517823639712,9630,5,9650,0.20768431983384517
2022-11-17_07:37:59.000000,0.5639097744360999,9650,5,9660,0.10362694300518616
2022-11-18_07:00:00.000000,0.6769825918762074,9360,0.198311,9460,1.0683760683760646
2022-11-18_07:00:01.000000,0.5791505791505891,9450,5,9450,0.0
2022-11-25_07:00:01.000000,0.5167958656330685,10460,0.15725,10500,0.3824091778202643
2022-12-06_07:00:01.000000,0.7305936073059405,10150,0.197232,10190,0.3940886699507429
2022-12-07_14:20:20.000000,0.5586592178770999,9970,0.651606,9940,-0.30090270812437314
2022-12-12_07:00:08.000000,0.620017714791854,10610,0.093619,10570,-0.37700282752121117
2022-12-14_14:53:46.000000,0.7092198581560183,11260,0.698307,11220,-0.3552397868561319
2022-12-14_14:54:32.000000,0.6266786034019756,11120,5,11120,0.0
2022-12-14_14:54:44.000000,0.540540540540535,11080,5,11070,-0.09025270758122872
2022-12-14_14:54:45.000000,0.6323396567299078,11070,0.732247,11030,-0.3613369467027949
2022-12-15_07:00:00.000000,0.6956521739130528,11210,0.176466,11450,2.140945584299736
2022-12-15_07:00:01.000000,0.6086956521739184,11450,0.229608,11490,0.3493449781659441
2022-12-15_07:00:02.000000,0.6071118820468291,11470,0.03635,11550,0.6974716652136115
2022-12-15_07:00:05.000000,0.5185825410544576,11530,0.102006,11570,0.3469210754553309
2022-12-15_07:00:06.000000,0.5185825410544576,11550,0.100624,11500,-0.43290043290042934
2022-12-15_07:00:08.000000,0.6914433880726101,11480,0.032285,11540,0.5226480836237002
2022-12-15_07:00:09.000000,0.5181347150259086,11530,0.089066,11480,-0.43365134431916363
2022-12-15_07:00:13.000000,0.5172413793103514,11550,0.301835,11490,-0.5194805194805197
2022-12-15_07:00:16.000000,0.6896551724137945,11500,0.42697,11550,0.43478260869564966
2022-12-15_07:00:17.000000,0.5172413793103514,11510,0.42697,11550,0.3475238922675983
2022-12-19_07:00:03.000000,0.5016722408026864,12630,0.068576,12680,0.39588281868567776
2022-12-19_13:04:36.000000,0.5577689243027928,13500,5,13480,-0.1481481481481528
2022-12-20_07:00:00.000000,0.7892659826361559,13660,0.188521,13610,-0.36603221083455484
2022-12-20_07:00:01.000000,0.9508716323296307,13590,0.162303,13540,-0.367917586460631
2022-12-20_07:00:02.000000,0.8730158730158699,13580,0.398277,13530,-0.3681885125184081
2022-12-20_07:00:03.000000,0.6319115323854652,13500,0.303784,13550,0.37037037037037646
2022-12-20_07:00:05.000000,0.6329113924050667,13530,0.05406,13470,-0.44345898004434225
2022-12-20_07:00:06.000000,0.63341250989708,13440,0.204628,13490,0.37202380952381375
2022-12-20_07:00:07.000000,0.7131537242472286,13440,0.053032,13490,0.37202380952381375
2022-12-20_07:00:08.000000,0.7923930269413626,13450,0.120357,13500,0.3717472118959009
2022-12-20_07:00:09.000000,0.5546751188589605,13410,0.120357,13460,0.37285607755406236
2022-12-20_07:00:11.000000,0.5546751188589605,13480,0.087753,13430,-0.37091988130564246
2022-12-20_07:00:12.000000,0.794281175536149,13470,0.002346,13420,-0.37119524870081744
2022-12-20_07:00:18.000000,0.6359300476947549,13390,0.027862,13340,-0.37341299477221535
2022-12-20_07:00:20.000000,0.5568814638027053,13330,0.003644,13390,0.4501125281320295
2022-12-20_07:00:27.000000,0.6349206349206327,13390,0.558533,13340,-0.37341299477221535
2022-12-20_07:01:04.000000,0.5600000000000049,13380,0.062609,13330,-0.37369207772794955
2022-12-20_07:01:37.000000,0.5640612409347323,13400,0.761678,13350,-0.3731343283582045
2022-12-20_07:04:20.000000,0.7246376811594235,13200,0.914201,13160,-0.303030303030305
2022-12-20_07:04:39.000000,0.646203554119551,12960,5,12960,0.0
2022-12-20_07:23:40.000000,0.6578947368421018,12860,0.724048,12900,0.3110419906687367
2022-12-20_07:42:31.000000,0.7371007371007376,12900,5,12900,0.0
2022-12-30_07:54:25.000000,0.917431192660545,13140,5,13130,-0.07610350076103778
2023-01-02_07:00:00.000000,0.502092050209213,12860,5,12870,0.07776049766718973
2023-01-02_07:00:03.000000,0.5872483221476488,12870,5,12890,0.15540015540016494
2023-01-02_07:00:06.000000,0.7556675062972307,12880,5,12910,0.23291925465838137
2023-01-02_07:00:07.000000,0.5867560771165126,12890,5,12890,0.0
2023-01-02_07:00:08.000000,0.5025125628140614,12890,5,12900,0.07757951900697613
2023-01-02_07:00:09.000000,0.6711409395973256,12890,5,12920,0.2327385570209506
2023-01-02_07:00:10.000000,0.5033557046979942,12890,5,12920,0.2327385570209506
2023-01-02_07:00:12.000000,0.5867560771165126,12890,5,12900,0.07757951900697613
2023-01-05_14:01:13.000000,0.6481481481481532,11800,0.431644,11760,-0.3389830508474523
2023-01-05_14:01:38.000000,0.561272217025266,11750,5,11740,-0.08510638297872797
2023-01-05_14:01:57.000000,0.5660377358490676,11710,5,11710,0.0
2023-01-05_14:01:58.000000,0.6610009442870712,11690,0.743635,11730,0.34217279726260763
2023-01-05_14:01:59.000000,0.9469696969697017,11710,5,11690,-0.1707941929974366
2023-01-05_14:02:00.000000,0.5671077504725952,11730,0.472629,11690,-0.34100596760443525
2023-01-05_14:02:59.000000,0.7497656982192957,11740,5,11720,-0.17035775127768327
2023-01-05_14:03:32.000000,0.561797752808979,11800,0.095251,11760,-0.3389830508474523
2023-01-05_14:08:01.000000,0.570884871550903,11610,0.266066,11650,0.3445305770887197
2023-01-06_07:00:02.000000,0.6641366223908873,11400,0.934331,11440,0.35087719298245723
2023-01-06_07:00:16.000000,0.6698564593301537,11400,0.034462,11360,-0.35087719298245723
2023-01-06_07:01:10.000000,1.0679611650485477,11320,5,11320,0.0
2023-01-06_07:01:22.000000,0.8746355685131268,11310,0.964476,11270,-0.35366931918655586
2023-01-10_14:51:08.000000,1.0548523206751037,11100,5,11100,0.0
2023-01-11_07:00:02.000000,0.520291363163361,11280,0.132963,11320,0.35460992907800915
2023-01-11_07:00:03.000000,0.520291363163361,11330,0.888976,11290,-0.3530450132391838
2023-01-11_07:00:05.000000,0.520291363163361,11280,0.225469,11320,0.35460992907800915
2023-01-11_11:30:23.000000,0.5512679162072764,10900,5,10870,-0.27522935779816793
2023-01-11_11:49:23.000000,0.5592841163311046,10670,5,10670,0.0
2023-01-12_07:00:00.000000,0.561797752808979,10480,0.135194,10760,2.6717557251908497
2023-01-12_07:00:01.000000,1.1235955056179803,10820,0.018802,10770,-0.46210720887245316
2023-01-12_07:00:02.000000,1.0101010101010166,10800,0.212859,10840,0.37037037037037646
2023-01-12_07:00:03.000000,1.2318029115341522,10820,0.777516,10780,-0.3696857670979714
2023-01-12_07:00:04.000000,1.0055865921787754,10800,0.677926,10760,-0.37037037037036535
2023-01-12_07:00:05.000000,1.0055865921787754,10770,0.680122,10810,0.3714020427112441
2023-01-12_07:00:06.000000,0.7803790412486133,10770,0.419087,10810,0.3714020427112441
2023-01-12_07:00:08.000000,0.5586592178770999,10760,0.157567,10800,0.3717472118959009
2023-01-12_07:00:09.000000,0.8948545861297452,10800,0.177651,10760,-0.37037037037036535
2023-01-12_07:00:11.000000,0.6696428571428603,10770,0.042766,10810,0.3714020427112441
2023-01-12_07:00:13.000000,0.6696428571428603,10800,0.148518,10760,-0.37037037037036535
2023-01-12_07:00:14.000000,0.557413600891854,10760,0.042645,10800,0.3717472118959009
2023-01-12_10:26:20.000000,0.7134363852556502,10280,5,10280,0.0
2023-01-12_10:35:09.000000,0.6038647342995196,10090,5,10110,0.1982160555004997
2023-01-12_11:17:40.000000,0.5820721769499437,10420,5,10410,-0.09596928982725794
2023-01-12_11:17:41.000000,0.5820721769499437,10410,5,10420,0.09606147934677622
2023-01-12_11:19:00.000000,0.5813953488372103,10420,5,10420,0.0
2023-01-12_11:19:06.000000,0.6968641114982521,10420,5,10420,0.0
2023-01-12_11:19:23.000000,0.5780346820809301,10420,5,10430,0.09596928982724684
2023-01-12_11:19:36.000000,0.694444444444442,10420,5,10420,0.0
2023-01-13_07:12:02.000000,0.5549389567147678,10730,5,10730,0.0
2023-01-13_07:12:13.000000,0.556792873051215,10710,5,10700,-0.09337068160597539
2023-01-13_07:13:02.000000,0.6637168141592875,10750,5,10770,0.18604651162790198
2023-01-13_07:18:26.000000,0.5506607929515406,10780,5,10790,0.09276437847867136
2023-01-13_07:34:33.000000,0.540540540540535,10880,5,10880,0.0
2023-01-13_07:34:36.000000,0.5399568034557323,10880,5,10890,0.09191176470588758
2023-01-13_14:24:22.000000,0.6659267480577213,10630,5,10620,-0.09407337723423836
2023-01-17_07:00:10.000000,0.5165289256198413,11380,5,11380,0.0
2023-01-17_07:00:16.000000,0.5165289256198413,11390,5,11400,0.08779631255486642
2023-01-17_14:56:07.000000,0.5081300813008172,11420,5,11420,0.0
2023-01-17_14:56:36.000000,0.50761421319796,11410,5,11410,0.0
2023-01-18_07:00:02.000000,0.7172131147541005,11480,0.211839,11520,0.34843205574912606
2023-01-19_07:00:00.000000,0.5213764337852034,11390,0.048823,11350,-0.3511852502194879
2023-01-20_07:00:02.000000,0.6172839506172867,11710,5,11710,0.0
2023-01-23_07:00:00.000000,0.5797101449275255,12320,0.171043,12480,1.298701298701288
2023-01-23_07:00:10.000000,0.5791505791505891,12520,0.025138,12580,0.4792332268370503
2023-01-23_14:50:38.000000,0.6896551724137945,12120,5,12120,0.0
2023-01-25_10:29:56.000000,0.5144032921810648,11700,5,11680,-0.17094017094017033
2023-01-27_07:00:02.000000,0.756756756756749,11150,5,11160,0.08968609865471766
2023-01-30_07:00:01.000000,0.5512679162072764,10870,0.023611,10830,-0.36798528058877844
2023-02-01_13:57:15.000000,0.5813953488372103,10210,5,10180,-0.2938295788442735
2023-02-02_07:00:00.000000,0.5938242280284944,9990,0.242069,9960,-0.30030030030030463
2023-02-02_07:00:01.000000,1.0701545778834642,9970,0.422762,9930,-0.4012036108325012
2023-02-02_07:00:03.000000,0.8313539192398967,9990,5,10000,0.10010010010010895
2023-02-02_07:00:05.000000,0.591715976331364,9990,0.64659,10020,0.30030030030030463
2023-02-02_07:00:06.000000,0.5910165484633634,10000,5,9990,-0.10000000000000009
2023-02-02_08:27:46.000000,0.5854800936768045,10100,5,10120,0.1980198019801982
2023-02-02_13:08:54.000000,1.262626262626254,9480,5,9480,0.0
2023-02-02_13:11:27.000000,0.5063291139240533,9360,0.023098,9390,0.3205128205128194
2023-02-02_13:23:48.000000,0.6265664160401085,9500,0.81117,9470,-0.31578947368421373
2023-02-02_13:52:01.000000,0.5006257822277815,9550,5,9530,-0.20942408376963817
2023-02-03_07:00:00.000000,0.7211538461538547,9730,0.141481,9800,0.7194244604316502
2023-02-06_07:00:00.000000,1.2643678160919603,10560,0.125631,10380,-1.7045454545454586
2023-02-06_07:00:01.000000,2.4110218140068973,10350,0.119744,10310,-0.38647342995169476
2023-02-06_07:00:02.000000,2.1764032073310347,10320,0.639092,10280,-0.3875968992248069
2023-02-06_07:00:03.000000,1.0309278350515427,10350,0.316369,10300,-0.48309178743961567
2023-02-06_07:00:04.000000,0.572737686139746,10350,0.154982,10300,-0.48309178743961567
2023-02-06_07:00:05.000000,0.8018327605956443,10300,0.0378,10350,0.4854368932038833
2023-02-06_07:00:06.000000,1.0309278350515427,10260,0.085451,10300,0.3898635477582957
2023-02-06_07:00:08.000000,0.6849315068493178,10290,0.436544,10210,-0.7774538386783325
2023-02-06_07:00:10.000000,0.8000000000000007,10320,0.015503,10200,-1.1627906976744207
2023-02-06_07:00:12.000000,1.0285714285714231,10200,0.193271,10300,0.9803921568627416
2023-02-06_07:00:13.000000,1.2571428571428678,10200,0.193271,10300,0.9803921568627416
2023-02-06_07:00:14.000000,1.4857142857142902,10170,0.013364,10250,0.7866273352999054
2023-02-06_07:00:15.000000,1.0309278350515427,10170,0.013364,10250,0.7866273352999054
2023-02-06_07:00:16.000000,1.0285714285714231,10170,0.570248,10250,0.7866273352999054
2023-02-06_07:00:21.000000,1.2614678899082632,10200,0.150504,10150,-0.4901960784313708
2023-02-06_07:00:22.000000,1.2614678899082632,10210,0.150504,10150,-0.5876591576885359
2023-02-06_07:00:24.000000,0.9142857142857119,10250,0.11322,10180,-0.6829268292682933
2023-02-06_07:00:31.000000,0.9111617312072884,10180,0.306447,10250,0.6876227897838927
2023-02-06_07:00:34.000000,0.6779661016949046,10190,5,10200,0.09813542688910104
2023-02-06_07:00:35.000000,0.7918552036199067,10200,5,10200,0.0
2023-02-06_07:00:37.000000,0.5694760820045497,10180,5,10190,0.09823182711199419
2023-02-06_07:00:38.000000,0.5694760820045497,10180,5,10180,0.0
2023-02-06_07:00:46.000000,1.0285714285714231,10180,0.282807,10280,0.982318271119853
2023-02-06_07:00:47.000000,1.1428571428571344,10280,0.259855,10180,-0.9727626459143934
2023-02-06_07:00:48.000000,1.1428571428571344,10280,0.107368,10200,-0.7782101167315147
2023-02-06_07:00:49.000000,0.6825938566553003,10280,0.107368,10200,-0.7782101167315147
2023-02-06_07:00:57.000000,0.9132420091324311,10200,0.130877,10270,0.6862745098039191
2023-02-06_07:01:11.000000,0.5668934240362855,10200,0.031955,10250,0.4901960784313708
2023-02-06_07:01:12.000000,0.6802721088435382,10210,0.031955,10250,0.3917727717923647
2023-02-06_09:39:33.000000,0.5592841163311046,10390,5,10390,0.0
2023-02-06_10:05:44.000000,0.5649717514124353,10400,5,10400,0.0
2023-02-06_12:40:05.000000,0.5747126436781658,10170,0.365033,10210,0.3933136676499416
2023-02-06_14:55:28.000000,1.0227272727272751,10440,5,10450,0.09578544061301653
2023-02-06_14:57:49.000000,2.5404157043879882,10410,5,10410,0.0
2023-02-06_14:58:49.000000,0.7954545454545547,10420,5,10420,0.0
2023-02-07_07:00:01.000000,0.7954545454545547,10340,0.618371,10380,0.3868471953578423
2023-02-07_07:00:02.000000,1.371428571428579,10360,5,10360,0.0
2023-02-07_07:00:03.000000,1.371428571428579,10360,5,10390,0.28957528957529455
2023-02-07_07:00:18.000000,0.7945516458569779,10350,5,10340,-0.09661835748792091
2023-02-07_07:01:08.000000,0.6896551724137945,10260,5,10250,-0.09746588693957392
2023-02-07_07:15:24.000000,0.5747126436781658,10180,0.697942,10140,-0.39292730844793233
2023-02-07_07:17:48.000000,0.5924170616113722,10100,5,10110,0.0990099009900991
2023-02-07_07:34:48.000000,1.1750881316098694,10150,5,10160,0.09852216748769127
2023-02-07_07:40:14.000000,0.5820721769499437,10180,5,10150,-0.29469548133594925
2023-02-07_07:45:52.000000,0.5760368663594528,10220,5,10240,0.1956947162426559
2023-02-07_08:21:06.000000,0.5834305717619559,10210,5,10200,-0.09794319294809117
2023-02-07_08:49:41.000000,0.5952380952380931,10030,5,10030,0.0
2023-02-07_10:38:19.000000,1.0962241169305775,9810,5,9810,0.0
2023-02-07_11:05:05.000000,0.6024096385542244,9710,5,9710,0.0
2023-02-07_11:58:22.000000,0.6226650062266526,9420,5,9420,0.0
2023-02-07_12:09:53.000000,0.743494423791824,9550,5,9530,-0.20942408376963817
2023-02-07_14:51:51.000000,0.7481296758104827,9470,5,9480,0.10559662090812161
2023-02-08_07:02:10.000000,1.262626262626254,9390,0.536108,9360,-0.31948881789137795
2023-02-08_07:03:46.000000,0.5095541401273884,9290,0.806753,9260,-0.32292787944026013
2023-02-08_07:05:41.000000,0.50761421319796,9200,5,9220,0.21739130434783593
2023-02-08_07:05:48.000000,0.8883248730964466,9220,5,9230,0.10845986984815426
2023-02-08_07:05:54.000000,1.2722646310432628,9240,0.181454,9210,-0.32467532467532756
2023-02-08_07:06:51.000000,0.5025125628140614,9390,5,9380,-0.10649627263046302
2023-02-08_07:06:54.000000,0.6273525721455453,9380,5,9380,0.0
2023-02-08_07:06:56.000000,0.5025125628140614,9380,5,9400,0.2132196162046851
2023-02-08_07:07:00.000000,0.6250000000000089,9370,0.424628,9400,0.32017075773747017
2023-02-08_07:07:04.000000,0.6273525721455453,9390,0.024726,9360,-0.31948881789137795
2023-02-08_07:07:44.000000,0.8860759493670933,9280,5,9270,-0.10775862068965747
2023-02-08_07:08:20.000000,1.2690355329949332,9250,0.843759,9280,0.324324324324321
2023-02-08_07:08:30.000000,1.2755102040816313,9260,0.917341,9290,0.3239740820734305
2023-02-08_07:08:31.000000,0.8928571428571397,9250,0.81607,9280,0.324324324324321
2023-02-08_07:09:29.000000,0.5069708491761693,9270,5,9270,0.0
2023-02-08_07:09:30.000000,0.7653061224489832,9250,5,9270,0.216216216216214
2023-02-08_07:11:34.000000,0.8905852417302906,9190,5,9190,0.0
2023-02-08_07:11:59.000000,0.5134788189987249,9130,5,9130,0.0
2023-02-08_07:42:01.000000,0.7702182284980763,9130,0.39133,9100,-0.3285870755750264
2023-02-08_07:42:02.000000,0.8997429305912519,9110,0.906632,9080,-0.3293084522502765
2023-02-08_07:42:03.000000,0.5141388174807249,9120,0.502046,9090,-0.3289473684210509
2023-02-08_07:42:04.000000,0.6418485237484006,9110,0.906632,9080,-0.3293084522502765
2023-02-08_07:42:05.000000,0.512820512820511,9110,0.906632,9080,-0.3293084522502765
2023-02-08_07:42:06.000000,0.8974358974358942,9080,0.010555,9110,0.33039647577093323
2023-02-08_07:42:23.000000,0.5161290322580614,9040,0.983895,9010,-0.33185840707964376
2023-02-15_07:00:04.000000,0.6984866123399325,10320,0.331166,10250,-0.6782945736434121
2023-02-15_07:00:05.000000,0.6984866123399325,10210,0.212574,10320,1.0773751224289807
2023-02-15_07:00:06.000000,0.6984866123399325,10320,0.241736,10230,-0.8720930232558155
2023-02-15_07:00:07.000000,0.6984866123399325,10340,0.241736,10230,-1.0638297872340385
2023-02-15_07:00:08.000000,0.6984866123399325,10220,0.007694,10310,0.8806262230919737
2023-02-15_07:00:10.000000,0.6976744186046435,10280,0.507859,10230,-0.4863813229571967
2023-02-15_07:00:11.000000,0.8149010477299212,10300,0.364892,10220,-0.7766990291262155
2023-02-15_07:00:12.000000,1.0477299185098987,10300,0.364892,10220,-0.7766990291262155
2023-02-15_07:00:13.000000,0.578703703703698,10300,0.514251,10220,-0.7766990291262155
2023-02-15_07:00:14.000000,1.0465116279069875,10300,0.715914,10200,-0.9708737864077666
2023-02-15_07:00:15.000000,1.1627906976744207,10300,0.715914,10200,-0.9708737864077666
2023-02-15_07:00:28.000000,0.9280742459396807,10270,0.569299,10220,-0.4868549172346692
2023-02-15_07:00:29.000000,0.6976744186046435,10300,0.090002,10080,-2.135922330097084
2023-02-15_07:00:30.000000,1.1627906976744207,10270,0.876493,10120,-1.4605647517039966
2023-02-15_07:00:31.000000,0.5813953488372103,10060,0.443835,10240,1.7892644135188762
2023-02-15_07:00:32.000000,0.6976744186046435,10060,0.104896,10240,1.7892644135188762
2023-02-15_07:00:37.000000,0.9280742459396807,10220,0.587592,10170,-0.4892367906066508
2023-02-15_07:00:38.000000,0.6928406466512715,10170,0.811093,10080,-0.8849557522123908
2023-02-15_07:00:40.000000,0.6928406466512715,10150,0.73693,10110,-0.3940886699507429
2023-02-15_07:00:48.000000,0.5793742757821629,10150,0.517641,10100,-0.49261083743842304
2023-02-15_07:00:52.000000,0.5807200929152101,10150,0.259259,10100,-0.49261083743842304
2023-02-15_07:00:54.000000,0.5793742757821629,10080,0.407415,10120,0.3968253968253954
2023-02-15_07:00:56.000000,0.8149010477299212,10120,0.728522,10160,0.39525691699604515
2023-02-15_07:00:57.000000,0.8149010477299212,10120,0.728522,10160,0.39525691699604515
2023-02-15_07:00:59.000000,0.5820721769499437,10120,0.099389,10210,0.8893280632411127
2023-02-15_07:01:15.000000,1.0465116279069875,10150,0.966185,10200,0.49261083743843415
2023-02-15_07:01:16.000000,0.5813953488372103,10200,0.108715,10160,-0.39215686274509665
2023-02-15_07:01:17.000000,0.5820721769499437,10200,0.108715,10160,-0.39215686274509665
2023-02-15_07:01:19.000000,1.2805587892898762,10200,0.836754,10160,-0.39215686274509665
2023-02-15_07:01:20.000000,1.1627906976744207,10200,0.836754,10160,-0.39215686274509665
2023-02-15_07:01:23.000000,0.8139534883720989,10200,0.859739,10160,-0.39215686274509665
2023-02-15_07:01:25.000000,0.5780346820809301,10200,0.727905,10160,-0.39215686274509665
2023-02-15_07:01:27.000000,0.5780346820809301,10160,5,10160,0.0
2023-02-15_07:01:28.000000,0.5780346820809301,10190,0.392674,10150,-0.39254170755642637
2023-02-15_07:01:29.000000,0.694444444444442,10150,0.377909,10190,0.3940886699507429
2023-02-15_07:01:30.000000,0.8111239860950192,10190,0.942101,10150,-0.39254170755642637
2023-02-15_07:01:33.000000,0.5800464037122977,10200,0.61106,10160,-0.39215686274509665
2023-02-15_07:01:41.000000,0.5813953488372103,10160,0.743482,10200,0.3937007874015741
2023-02-15_07:01:42.000000,0.5813953488372103,10200,0.843615,10160,-0.39215686274509665
2023-02-15_07:18:12.000000,0.7954545454545547,10420,5,10420,0.0
2023-02-15_07:18:14.000000,0.6802721088435382,10410,5,10410,0.0
2023-02-15_07:18:15.000000,1.2514220705347023,10410,5,10400,-0.09606147934678733
2023-02-15_07:18:17.000000,1.0215664018161208,10420,5,10410,-0.09596928982725794
2023-02-15_07:18:18.000000,0.9070294784580435,10410,5,10410,0.0
2023-02-15_07:23:56.000000,0.5656108597285048,10450,5,10430,-0.191387559808609
2023-02-15_07:23:57.000000,0.6787330316742057,10440,5,10450,0.09578544061301653
2023-02-15_07:23:59.000000,0.6787330316742057,10440,5,10460,0.19157088122605526
2023-02-16_07:00:01.000000,0.7246376811594235,11380,0.934393,11340,-0.35149384885764245
2023-02-16_07:00:02.000000,1.1434511434511352,11380,0.934393,11340,-0.35149384885764245
2023-02-16_07:00:04.000000,0.520291363163361,11390,0.384369,11350,-0.3511852502194879
2023-02-16_07:00:06.000000,0.520291363163361,11400,0.648192,11350,-0.43859649122807154
2023-02-16_07:00:07.000000,0.5197505197505281,11350,0.020465,11390,0.35242290748898064
2023-02-16_07:00:09.000000,0.8316008316008316,11370,0.993742,11330,-0.3518029903254227
2023-02-16_07:00:10.000000,0.7284079084287187,11330,0.054895,11380,0.44130626654899086
2023-02-16_07:00:11.000000,0.7284079084287187,11360,0.337384,11400,0.35211267605634866
2023-02-16_07:00:12.000000,0.5197505197505281,11400,0.149324,11350,-0.43859649122807154
2023-02-16_07:00:14.000000,0.6224066390041472,11400,0.099398,11340,-0.5263157894736858
2023-02-16_07:00:19.000000,0.5181347150259086,11390,0.158505,11340,-0.4389815627743654
2023-02-16_07:01:54.000000,0.5186721991701226,11310,0.928364,11350,0.35366931918656697
2023-02-16_07:02:01.000000,0.5186721991701226,11380,5,11390,0.08787346221441616
2023-02-16_07:03:00.000000,0.5192107995846351,11340,5,11350,0.08818342151675207
2023-02-16_07:03:04.000000,0.520291363163361,11340,5,11350,0.08818342151675207
2023-02-16_07:03:05.000000,0.5186721991701226,11350,5,11370,0.17621145374449032
2023-02-16_07:04:27.000000,0.7322175732217495,11320,5,11330,0.08833922261484162
2023-02-16_07:05:06.000000,0.9473684210526301,11330,5,11330,0.0
2023-02-16_07:05:16.000000,0.5224660397074254,11320,0.97064,11360,0.35335689045936647
2023-02-16_07:05:17.000000,0.8350730688935215,11360,0.265133,11400,0.35211267605634866
2023-02-16_07:05:18.000000,0.7306889352818313,11400,5,11390,-0.08771929824561431
2023-02-16_07:05:19.000000,0.8342022940563076,11380,0.625494,11420,0.35149384885764245
2023-02-16_07:05:32.000000,0.520291363163361,11390,5,11380,-0.08779631255487752
2023-02-16_07:05:34.000000,0.6256517205422307,11380,5,11400,0.17574692442883233
2023-02-16_07:05:38.000000,0.6250000000000089,11380,5,11380,0.0
2023-02-16_07:05:47.000000,1.0449320794148287,11390,5,11390,0.0
2023-02-16_07:06:32.000000,0.6309148264984188,11310,5,11300,-0.08841732979664174
2023-02-16_07:06:41.000000,0.5246589716684236,11300,5,11310,0.08849557522123686
2023-02-16_07:06:58.000000,0.6295907660021083,11310,0.70783,11270,-0.35366931918655586
2023-02-16_07:07:20.000000,0.6295907660021083,11240,5,11210,-0.2669039145907437
2023-02-16_07:07:29.000000,0.5224660397074254,11230,0.063349,11190,-0.3561887800534236
2023-02-16_07:07:31.000000,0.5224660397074254,11240,0.063349,11200,-0.3558718861209953
2023-02-16_07:07:44.000000,0.6276150627614996,11190,0.274082,11150,-0.357462019660415
2023-02-16_07:07:45.000000,0.6276150627614996,11170,5,11190,0.1790510295434089
2023-02-16_07:07:51.000000,0.8385744234800763,11190,0.823952,11230,0.3574620196604039
2023-02-16_07:08:19.000000,0.525762355415349,11210,5,11200,-0.0892060660124927
2023-02-16_07:09:35.000000,0.5302226935312904,11190,5,11190,0.0
2023-02-16_07:09:37.000000,0.5313496280552554,11200,0.833079,11160,-0.3571428571428559
2023-02-16_07:10:02.000000,0.6369426751592355,11140,0.082189,11180,0.35906642728904536
2023-02-16_07:10:36.000000,0.5319148936170137,11130,5,11110,-0.17969451931716396
2023-02-16_07:10:39.000000,0.5324813631522929,11100,0.817418,11140,0.3603603603603567
2023-02-16_07:10:59.000000,0.5336179295624355,11100,0.665639,11140,0.3603603603603567
2023-02-16_07:11:36.000000,0.7526881720430145,11180,0.051049,11140,-0.3577817531305927
2023-02-16_07:11:37.000000,0.6430868167202508,11180,0.230067,11140,-0.3577817531305927
2023-02-16_07:11:50.000000,0.6369426751592355,11260,0.724221,11300,0.3552397868561208
2023-02-16_07:11:55.000000,0.7438894792773709,11290,0.799246,11330,0.3542958370239102
2023-02-16_07:11:59.000000,0.5296610169491567,11250,5,11250,0.0
2023-02-16_07:12:02.000000,1.0638297872340496,11250,5,11230,-0.1777777777777767
2023-02-16_07:17:52.000000,0.5252100840336116,11310,0.478449,11260,-0.4420866489831976
2023-02-16_07:18:06.000000,0.524109014675056,11260,5,11260,0.0
2023-02-16_07:18:08.000000,0.524109014675056,11240,0.726674,11280,0.3558718861210064
2023-02-16_08:00:25.000000,0.5324813631522929,11190,5,11210,0.17873100983021306
2023-02-16_08:01:35.000000,0.967741935483879,11180,5,11160,-0.17889087656529634
2023-02-16_08:04:09.000000,0.5417118093174356,11060,5,11070,0.09041591320071429
2023-02-16_08:24:00.000000,0.875273522975939,10850,5,10850,0.0
2023-02-16_08:24:07.000000,0.990099009900991,10850,5,10850,0.0
2023-02-16_08:24:34.000000,0.8888888888888946,10850,5,10850,0.0
2023-02-16_08:24:36.000000,0.6659267480577213,10850,5,10850,0.0
2023-02-16_08:24:41.000000,0.7777777777777883,10850,5,10850,0.0
2023-02-16_08:24:43.000000,0.5549389567147678,10850,5,10850,0.0
2023-02-16_08:25:35.000000,0.8879023307436285,10850,5,10850,0.0
2023-02-16_08:25:36.000000,0.6659267480577213,10850,5,10850,0.0
2023-02-16_08:25:38.000000,0.6659267480577213,10850,5,10850,0.0
2023-02-16_08:25:41.000000,0.6629834254143541,10850,5,10850,0.0
2023-02-16_08:25:53.000000,0.6607929515418443,10850,5,10850,0.0
2023-02-16_08:25:55.000000,0.659340659340657,10850,5,10850,0.0
2023-02-16_08:37:11.000000,0.879120879120876,10830,5,10830,0.0
2023-02-16_10:00:11.000000,0.5476451259583737,10830,5,10840,0.09233610341643494
2023-02-17_07:00:18.000000,0.5599104143336975,10880,5,10890,0.09191176470588758
2023-02-28_07:00:00.000000,0.5055611729019249,11580,0.144861,11660,0.6908462867012188
2023-02-28_07:00:01.000000,0.5055611729019249,11660,5,11650,-0.08576329331045907
2023-02-28_07:00:05.000000,0.5070993914807254,11650,5,11650,0.0
2023-03-01_07:00:13.000000,0.5035246727089548,11480,5,11490,0.08710801393727596
2023-03-01_07:00:15.000000,0.5035246727089548,11480,5,11480,0.0
2023-03-03_12:26:08.000000,0.5159958720330149,11460,0.000633,11500,0.3490401396160525
2023-03-03_12:32:15.000000,0.508646998982698,11610,0.660778,11650,0.3445305770887197
2023-03-06_07:00:01.000000,0.6048387096774244,11930,5,11920,-0.08382229673092878
2023-03-07_07:00:00.000000,0.8310249307479145,12960,0.152255,13360,3.0864197530864113
2023-03-07_07:00:01.000000,0.6451612903225712,13400,0.873394,13350,-0.3731343283582045
2023-03-07_07:00:02.000000,0.6445672191528473,13410,0.556874,13360,-0.37285607755406236
2023-03-08_14:55:16.000000,0.5154639175257714,14270,5,14270,0.0
2023-03-08_14:55:53.000000,0.5132591958939337,14270,5,14270,0.0
2023-03-08_14:57:42.000000,0.5167958656330685,14270,5,14270,0.0
2023-03-09_07:00:00.000000,0.5150214592274605,14270,0.19192,14220,-0.3503854239663595
2023-03-09_07:00:01.000000,0.8591065292096189,14230,0.418997,14180,-0.35137034434293835
2023-03-09_07:00:02.000000,0.9458297506448776,14240,0.230622,14190,-0.3511235955056202
2023-03-09_07:00:03.000000,0.8598452278589797,14230,0.937175,14180,-0.35137034434293835
2023-03-09_07:00:05.000000,0.6861063464836947,14210,0.710686,14160,-0.3518648838845895
2023-03-09_07:00:06.000000,0.6013745704467333,14210,0.710686,14160,-0.3518648838845895
2023-03-09_07:00:07.000000,0.6878761822871837,14220,0.867109,14170,-0.35161744022503827
2023-03-09_07:00:12.000000,0.5154639175257714,14200,0.474571,14150,-0.35211267605633756
2023-03-09_07:00:22.000000,0.5185825410544576,14190,5,14200,0.07047216349542751
2023-03-09_07:00:27.000000,0.6071118820468291,14200,0.110041,14150,-0.35211267605633756
2023-03-09_07:00:28.000000,0.6071118820468291,14200,0.110041,14150,-0.35211267605633756
2023-03-09_07:00:47.000000,0.5244755244755206,14100,5,14080,-0.14184397163120588
2023-03-09_07:01:11.000000,0.5328596802841812,13900,0.805454,13850,-0.3597122302158251
2023-03-09_07:01:12.000000,0.9856630824372825,13880,0.595417,13830,-0.36023054755043304
2023-03-09_07:01:17.000000,0.7194244604316502,13830,0.128133,13780,-0.3615328994938549
2023-03-09_07:01:18.000000,0.629496402877705,13770,0.304609,13820,0.3631082062454549
2023-03-09_07:01:25.000000,0.5376344086021501,13810,5,13800,-0.07241129616220032
2023-03-09_07:01:26.000000,0.5376344086021501,13770,0.842056,13820,0.3631082062454549
2023-03-09_07:03:12.000000,0.6145741878841093,14040,5,14010,-0.21367521367521292
2023-03-10_07:00:16.000000,0.519031141868509,14030,0.527962,14100,0.49893086243764095
2023-03-13_07:01:01.000000,0.592718035563089,14790,5,14790,0.0
2023-03-13_07:04:21.000000,0.8576329331046351,14640,5,14630,-0.0683060109289646
2023-03-13_07:05:23.000000,0.5154639175257714,14510,5,14550,0.2756719503790528
2023-03-14_07:00:00.000000,0.538599640933568,14200,0.171893,14250,0.35211267605634866
2023-03-15_07:00:02.000000,0.536193029490617,14490,5,14490,0.0
2023-03-15_11:13:49.000000,1.2867647058823595,14290,5,14260,-0.20993701889433503
2023-03-15_11:29:05.000000,0.5504587155963359,14250,5,14240,-0.070175438596487
2023-03-15_11:32:01.000000,0.6433823529411686,14220,5,14230,0.07032348804500987
2023-03-20_07:00:01.000000,0.5859375,14520,0.475429,14470,-0.3443526170798905
2023-03-20_07:00:10.000000,0.5888125613346507,14510,0.614401,14460,-0.344589937973816
2023-03-20_07:00:19.000000,0.5899705014749346,14480,5,14490,0.06906077348065587
2023-03-20_07:00:20.000000,0.6889763779527547,14480,5,14460,-0.13812154696132284
2023-03-20_07:00:40.000000,0.591715976331364,14490,5,14470,-0.13802622498274575
2023-03-20_07:07:31.000000,1.2645914396887115,14600,5,14610,0.068493150684934
2023-04-19_14:49:38.000000,0.5703422053231932,12350,5,12370,0.16194331983805377
2023-04-20_07:00:00.000000,0.6829268292682933,12280,0.163376,12000,-2.28013029315961
2023-04-20_07:00:01.000000,0.8780487804878057,11980,0.7771,12020,0.33388981636059967
2023-04-20_07:00:04.000000,0.5830903790087438,12030,0.704251,11990,-0.33250207813798616
2023-04-20_07:00:07.000000,0.5830903790087438,11990,0.272303,12030,0.33361134278564464
2023-04-27_07:00:00.000000,0.5117707267144223,11200,0.083721,11240,0.3571428571428559
2023-04-27_07:00:01.000000,0.5112474437627856,11220,5,11250,0.2673796791443861
2023-04-27_07:00:02.000000,0.5102040816326481,11220,5,11250,0.2673796791443861
2023-04-28_14:51:19.000000,1.2834224598930577,10720,5,10740,0.1865671641791078
2023-05-02_07:00:02.000000,0.5268703898840821,10870,5,10860,-0.09199632014719183
2023-05-04_07:00:24.000000,0.5364806866952732,10580,5,10600,0.1890359168241984
2023-05-09_14:58:38.000000,0.5797101449275255,12140,5,12150,0.08237232289951546
2023-05-10_13:07:49.000000,0.5660377358490676,12720,5,12720,0.0
2023-05-10_14:03:58.000000,0.5714285714285783,12680,5,12680,0.0
2023-05-10_14:06:07.000000,0.6647673314339908,12700,5,12710,0.07874015748030594
2023-05-11_08:33:17.000000,0.5300353356890497,13740,5,13760,0.14556040756914523
2023-05-11_10:37:01.000000,0.5347593582887722,13760,5,13760,0.0
2023-05-11_11:10:57.000000,0.9666080843585334,13980,0.229639,14030,0.3576537911301969
2023-05-11_11:11:02.000000,0.5249343832020914,14040,0.282804,13990,-0.35612535612535856
2023-05-11_11:11:19.000000,0.5244755244755206,14030,5,14050,0.14255167498218313
2023-05-11_11:11:57.000000,0.6129597197898518,14080,5,14080,0.0
2023-05-12_07:00:01.000000,0.588235294117645,14720,0.138032,14670,-0.33967391304348116
2023-05-12_07:00:02.000000,0.588235294117645,14730,0.44865,14680,-0.33944331296673624
2023-05-12_07:00:03.000000,0.5037783375314797,14730,0.44865,14680,-0.33944331296673624
2023-05-12_07:00:04.000000,0.5037783375314797,14730,0.44865,14680,-0.33944331296673624
2023-05-12_07:00:10.000000,0.5867560771165126,14730,0.281327,14670,-0.40733197556007683
2023-05-12_07:00:12.000000,0.585774058577404,14730,0.061555,14630,-0.6788866259334725
2023-05-12_07:00:24.000000,0.7525083612040184,14700,5,14700,0.0
2023-05-12_07:00:25.000000,0.8389261744966348,14710,5,14710,0.0
2023-05-12_07:00:26.000000,0.9228187919463116,14700,5,14710,0.06802721088434716
2023-05-12_07:00:51.000000,0.5033557046979942,14620,5,14630,0.06839945280436854
2023-05-12_07:00:59.000000,0.5037783375314797,14680,5,14700,0.13623978201635634
2023-05-12_07:01:43.000000,0.5877413937867448,14600,5,14610,0.068493150684934
2023-05-12_07:06:47.000000,0.6552006552006606,14770,5,14760,-0.06770480704130222
2023-05-12_07:09:39.000000,0.5012531328320913,14390,0.097332,14340,-0.34746351633078154
2023-05-12_07:18:06.000000,0.6711409395973256,14340,5,14350,0.06973500697349255
2023-05-12_13:32:09.000000,1.0000000000000009,14550,5,14540,-0.06872852233676952
2023-05-12_13:50:08.000000,0.5110732538330387,14230,5,14220,-0.07027406886859211
2023-05-16_07:07:19.000000,1.2725344644750836,11330,5,11330,0.0
2023-05-16_07:07:20.000000,1.0582010582010692,11330,5,11330,0.0
2023-05-16_07:07:21.000000,0.8474576271186418,11330,5,11330,0.0
2023-05-16_07:07:22.000000,0.7423117709437932,11330,5,11330,0.0
2023-05-16_07:07:30.000000,0.5296610169491567,11330,5,11330,0.0
2023-05-16_08:02:30.000000,0.6362672322375307,11330,5,11330,0.0
2023-05-16_08:18:36.000000,0.5279831045406524,11330,5,11330,0.0
2023-05-22_14:23:00.000000,0.6825938566553003,10330,5,10330,0.0
2023-05-29_07:00:02.000000,0.5411255411255311,10650,5,10650,0.0
2023-05-29_07:00:03.000000,0.759219088937102,10680,0.20747,10640,-0.3745318352059934
2023-05-29_07:00:12.000000,0.5417118093174356,10700,0.93903,10660,-0.37383177570093906
2023-05-29_07:00:31.000000,0.5434782608695565,10670,0.321138,10630,-0.37488284910964786
2023-05-29_07:00:35.000000,0.5422993492407713,10660,0.026976,10620,-0.37523452157598447
2023-05-29_07:00:37.000000,0.5422993492407713,10640,5,10630,-0.09398496240601295
2023-05-30_07:00:00.000000,0.8238928939237944,10650,0.165937,11050,3.7558685446009488
2023-05-30_07:00:01.000000,0.6153846153846176,11080,5,11080,0.0
2023-05-30_07:00:02.000000,0.5117707267144223,11090,5,11080,-0.09017132551848439
2023-05-30_07:00:03.000000,0.512820512820511,11080,0.380714,11120,0.3610108303249149
2023-05-30_07:00:04.000000,0.512820512820511,11080,0.380714,11120,0.3610108303249149
2023-05-30_07:00:05.000000,0.7172131147541005,11070,0.909044,11110,0.3613369467027949
2023-05-30_07:00:06.000000,0.5117707267144223,11080,0.380714,11120,0.3610108303249149
2023-05-30_07:00:07.000000,0.5112474437627856,11080,0.580003,11120,0.3610108303249149
2023-05-30_07:00:09.000000,0.5112474437627856,11080,0.181767,11120,0.3610108303249149
2023-05-30_07:00:10.000000,0.5112474437627856,11080,0.181767,11120,0.3610108303249149
2023-05-30_07:00:11.000000,0.5112474437627856,11090,5,11080,-0.09017132551848439
2023-05-30_07:00:12.000000,0.5112474437627856,11060,0.238265,11100,0.3616636528029016
2023-05-30_07:00:14.000000,0.7164790174001956,11080,5,11080,0.0
2023-05-30_07:00:15.000000,0.6134969325153339,11070,5,11070,0.0
2023-05-30_07:00:19.000000,0.7157464212679043,11080,5,11060,-0.18050541516245744
2023-05-30_07:00:20.000000,0.5112474437627856,11070,5,11060,-0.09033423667570428
2023-05-30_07:00:22.000000,0.5112474437627856,11080,5,11070,-0.09025270758122872
2023-05-30_07:00:26.000000,0.5117707267144223,11060,5,11060,0.0
2023-05-30_07:03:45.000000,0.6054490413723412,11160,5,11170,0.08960573476701761
2023-05-30_07:21:52.000000,0.587659157688547,11450,0.785824,11490,0.3493449781659441
2023-05-30_07:53:02.000000,0.587659157688547,11640,5,11640,0.0
2023-05-30_07:55:02.000000,0.588235294117645,11540,5,11540,0.0
2023-05-30_09:25:42.000000,0.6862745098039191,11510,5,11490,-0.17376194613379914
2023-05-31_07:00:00.000000,0.6876227897838927,11600,0.165006,11540,-0.5172413793103403
2023-05-31_07:00:02.000000,0.5899705014749346,11530,0.020967,11490,-0.3469210754553309
2023-05-31_07:00:47.000000,0.7835455435847294,11510,5,11520,0.08688097306690512
