timestamp,YKBNK.E_price_change,AKBNK.E_entry_price,..seconds_later,AKBNK.E_exit_price,return
2022-01-03_07:19:25.000000,0.5830903790087438,7230,0.023584,7260,0.4149377593360981
2022-01-03_07:27:35.000000,0.588235294117645,7210,5.0,7210,0.0
2022-01-03_07:27:36.000000,0.588235294117645,7210,5.0,7210,0.0
2022-01-03_07:27:37.000000,0.588235294117645,7210,5.0,7210,0.0
2022-01-03_07:27:38.000000,0.588235294117645,7210,5.0,7210,0.0
2022-01-04_09:34:19.000000,0.5730659025787954,7380,5.0,7380,0.0
2022-01-04_12:55:30.000000,0.5865102639296182,7220,5.0,7220,0.0
2022-01-05_14:53:17.000000,0.5747126436781658,7330,5.0,7340,0.13642564802183177
2022-01-05_14:56:57.000000,0.5714285714285783,7340,5.0,7340,0.0
2022-01-06_09:08:11.000000,0.56657223796035,7390,5.0,7380,-0.13531799729363803
2022-01-06_13:11:41.000000,0.5714285714285783,7340,5.0,7340,0.0
2022-01-06_14:32:12.000000,0.5747126436781658,7320,5.0,7320,0.0
2022-01-07_07:00:00.000000,0.5698005698005604,7330,0.314193,7360,0.4092769440654953
2022-01-07_07:55:15.000000,0.5681818181818121,7380,5.0,7380,0.0
2022-01-07_07:56:37.000000,0.56657223796035,7400,5.0,7400,0.0
2022-01-07_11:25:13.000000,0.5555555555555536,7500,5.0,7500,0.0
2022-01-07_11:34:33.000000,0.5586592178770999,7470,5.0,7460,-0.1338688085676054
2022-01-07_11:37:13.000000,0.5586592178770999,7470,5.0,7470,0.0
2022-01-07_11:37:19.000000,0.5586592178770999,7470,5.0,7480,0.1338688085676054
2022-01-07_11:39:02.000000,0.5586592178770999,7480,5.0,7480,0.0
2022-01-07_12:12:22.000000,0.557103064066844,7480,5.0,7470,-0.13368983957219305
2022-01-07_12:31:34.000000,0.561797752808979,7450,5.0,7450,0.0
2022-01-10_07:00:00.000000,0.5319148936170137,7620,0.08803,7720,1.3123359580052396
2022-01-10_07:00:04.000000,0.5305039787798504,7720,0.024972,7750,0.38860103626943143
2022-01-10_07:00:05.000000,0.5305039787798504,7740,5.0,7740,0.0
2022-01-10_07:00:08.000000,0.5305039787798504,7730,5.0,7740,0.1293661060802087
2022-01-10_07:00:17.000000,0.5305039787798504,7750,5.0,7750,0.0
2022-01-10_10:39:23.000000,0.5333333333333412,7730,5.0,7740,0.1293661060802087
2022-01-10_14:25:04.000000,0.5390835579514919,7700,5.0,7700,0.0
2022-01-10_14:44:52.000000,0.5390835579514919,7710,5.0,7700,-0.12970168612191912
2022-01-11_07:10:55.000000,0.5434782608695565,7580,5.0,7580,0.0
2022-01-11_13:01:01.000000,0.5305039787798504,7700,5.0,7700,0.0
2022-01-12_08:24:38.000000,0.5235602094240788,7670,5.0,7660,-0.13037809647978849
2022-01-12_08:30:58.000000,0.5249343832020914,7650,5.0,7650,0.0
2022-01-13_07:05:43.000000,0.5141388174807249,7650,5.0,7650,0.0
2022-01-13_07:09:12.000000,0.5181347150259086,7640,5.0,7630,-0.13089005235602524
2022-01-13_08:52:50.000000,0.5208333333333259,7620,5.0,7620,0.0
2022-01-14_14:50:40.000000,0.5194805194805197,7520,5.0,7520,0.0
2022-01-17_07:00:05.000000,0.5012531328320913,7650,5.0,7650,0.0
2022-01-17_07:00:26.000000,0.5037783375314797,7630,5.0,7630,0.0
2022-01-18_14:15:27.000000,0.5025125628140614,7670,5.0,7680,0.1303780964797996
2022-01-18_14:15:36.000000,0.5012531328320913,7700,5.0,7690,-0.12987012987012436
2022-01-18_14:22:00.000000,0.7633587786259444,7620,5.0,7630,0.1312335958005173
2022-01-18_14:22:05.000000,0.5063291139240533,7630,5.0,7640,0.1310615989515096
2022-01-18_14:22:09.000000,0.5063291139240533,7640,5.0,7630,-0.13089005235602524
2022-01-18_14:23:20.000000,0.5089058524172962,7610,5.0,7590,-0.26281208935611255
2022-01-18_14:25:37.000000,0.7772020725388629,7590,0.55972,7560,-0.39525691699604515
2022-01-18_14:25:40.000000,3.100775193798455,7570,0.812016,7600,0.39630118890356947
2022-01-18_14:25:41.000000,0.7575757575757569,7630,0.077867,7600,-0.3931847968545177
2022-01-18_14:25:42.000000,0.75949367088608,7640,0.948079,7610,-0.39267015706806463
2022-01-18_14:25:43.000000,0.5063291139240533,7620,0.08208,7590,-0.3937007874015741
2022-01-18_14:25:45.000000,0.5089058524172962,7600,0.931204,7570,-0.39473684210525883
2022-01-18_14:25:49.000000,0.5115089514066584,7590,0.381017,7560,-0.39525691699604515
2022-01-18_14:25:50.000000,0.5115089514066584,7570,5.0,7570,0.0
2022-01-18_14:25:52.000000,0.5115089514066584,7570,0.279514,7540,-0.39630118890356947
2022-01-18_14:25:56.000000,2.8871391076115582,7570,0.279514,7540,-0.39630118890356947
2022-01-19_07:00:00.000000,1.0389610389610393,7410,0.072838,7470,0.809716599190291
2022-01-19_07:00:01.000000,0.5167958656330685,7500,0.210583,7530,0.40000000000000036
2022-01-19_07:00:02.000000,0.5141388174807249,7510,0.329176,7540,0.3994673768308976
2022-01-19_07:00:03.000000,0.773195876288657,7550,0.391312,7510,-0.5298013245033095
2022-01-19_07:00:04.000000,0.773195876288657,7540,0.518111,7570,0.3978779840848823
2022-01-19_07:00:05.000000,0.773195876288657,7530,0.518111,7560,0.3984063745019917
2022-01-19_07:00:06.000000,0.5154639175257714,7530,0.297144,7560,0.3984063745019917
2022-01-19_07:00:07.000000,0.5154639175257714,7530,0.297144,7560,0.3984063745019917
2022-01-19_07:00:08.000000,0.5154639175257714,7520,0.277129,7550,0.3989361702127603
2022-01-19_07:00:10.000000,0.5154639175257714,7520,0.277129,7550,0.3989361702127603
2022-01-19_07:00:43.000000,0.512820512820511,7540,5.0,7540,0.0
2022-01-19_07:00:57.000000,0.512820512820511,7550,5.0,7530,-0.26490066225165476
2022-01-19_07:05:01.000000,0.5154639175257714,7530,5.0,7540,0.13280212483399723
2022-01-19_08:00:22.000000,0.5102040816326481,7550,5.0,7550,0.0
2022-01-19_09:10:43.000000,0.5050505050504972,7570,5.0,7570,0.0
2022-01-19_10:59:00.000000,0.5089058524172962,7490,5.0,7500,0.1335113484646211
2022-01-19_11:00:55.000000,0.5102040816326481,7470,5.0,7480,0.1338688085676054
2022-01-19_11:07:04.000000,0.5102040816326481,7470,5.0,7450,-0.2677376171352108
2022-01-20_11:46:57.000000,0.746268656716409,7900,5.0,7900,0.0
2022-01-20_11:52:23.000000,0.7518796992481258,7780,0.392406,7810,0.3856041131105492
2022-01-20_11:55:54.000000,0.5012531328320913,7750,0.733153,7780,0.3870967741935516
2022-01-20_11:55:56.000000,0.5012531328320913,7750,0.733153,7780,0.3870967741935516
2022-01-20_11:56:21.000000,0.5012531328320913,7770,5.0,7770,0.0
2022-01-20_12:00:05.000000,0.5050505050504972,7690,0.442967,7660,-0.39011703511053764
2022-01-20_12:00:14.000000,0.5037783375314797,7660,0.378321,7690,0.3916449086161844
2022-01-20_12:00:16.000000,0.5012531328320913,7700,0.822132,7730,0.3896103896103842
2022-01-20_12:00:17.000000,0.7518796992481258,7730,0.988886,7700,-0.38809831824062613
2022-01-20_12:00:18.000000,0.5037783375314797,7680,0.966189,7710,0.390625
2022-01-20_12:00:20.000000,0.5050505050504972,7670,0.712902,7700,0.39113428943937656
2022-01-20_12:01:32.000000,0.5012531328320913,7730,5.0,7730,0.0
2022-01-20_14:16:03.000000,0.5025125628140614,7750,5.0,7760,0.1290322580645098
2022-01-20_14:28:42.000000,0.5025125628140614,7760,5.0,7740,-0.2577319587628857
2022-01-20_14:28:51.000000,0.5050505050504972,7730,5.0,7720,-0.1293661060802087
2022-01-20_14:29:00.000000,0.7575757575757569,7720,5.0,7720,0.0
2022-01-20_14:29:58.000000,0.5063291139240533,7690,5.0,7690,0.0
2022-01-20_14:30:06.000000,0.50761421319796,7690,5.0,7700,0.13003901170351995
2022-01-20_14:30:12.000000,0.5050505050504972,7690,0.332349,7720,0.39011703511053764
2022-01-20_14:30:35.000000,0.50761421319796,7700,5.0,7720,0.2597402597402487
2022-01-20_14:31:35.000000,0.50761421319796,7720,5.0,7720,0.0
2022-01-20_14:31:42.000000,0.5063291139240533,7720,5.0,7720,0.0
2022-01-20_14:31:47.000000,0.5063291139240533,7720,5.0,7720,0.0
2022-01-20_14:44:32.000000,0.5025125628140614,7760,5.0,7750,-0.12886597938144284
2022-01-21_07:00:05.000000,0.5025125628140614,7800,5.0,7780,-0.2564102564102555
2022-01-24_10:42:42.000000,0.5050505050504972,7830,5.0,7820,-0.12771392081737387
2022-01-24_10:46:01.000000,0.5089058524172962,7750,5.0,7770,0.2580645161290418
2022-01-24_10:48:51.000000,0.5102040816326481,7760,5.0,7770,0.12886597938144284
2022-01-24_11:00:53.000000,0.5089058524172962,7720,5.0,7720,0.0
2022-01-24_11:14:59.000000,0.5050505050504972,7780,5.0,7770,-0.12853470437017567
2022-01-24_12:42:02.000000,0.512820512820511,7690,5.0,7680,-0.13003901170350884
2022-01-24_12:50:45.000000,0.5154639175257714,7650,5.0,7660,0.13071895424836555
2022-01-24_13:10:03.000000,0.5154639175257714,7640,5.0,7640,0.0
2022-01-24_13:12:40.000000,0.5154639175257714,7630,5.0,7640,0.1310615989515096
2022-01-24_13:17:37.000000,0.512820512820511,7660,5.0,7660,0.0
2022-01-24_13:18:30.000000,0.512820512820511,7670,5.0,7670,0.0
2022-01-24_13:18:31.000000,0.512820512820511,7670,5.0,7670,0.0
2022-01-24_13:18:32.000000,0.512820512820511,7670,5.0,7670,0.0
2022-01-24_13:18:33.000000,0.512820512820511,7670,5.0,7670,0.0
2022-01-24_13:18:35.000000,0.512820512820511,7670,5.0,7670,0.0
2022-01-24_13:18:44.000000,0.512820512820511,7670,5.0,7670,0.0
2022-01-24_13:28:09.000000,0.5154639175257714,7690,5.0,7690,0.0
2022-01-24_13:31:13.000000,0.5141388174807249,7690,5.0,7690,0.0
2022-01-24_13:43:08.000000,0.5167958656330685,7640,5.0,7640,0.0
2022-01-24_13:44:56.000000,0.5141388174807249,7660,5.0,7670,0.13054830287206887
2022-01-24_13:55:11.000000,0.5115089514066584,7700,5.0,7700,0.0
2022-01-24_14:25:57.000000,0.5141388174807249,7670,5.0,7670,0.0
2022-01-24_14:46:47.000000,0.5208333333333259,7580,5.0,7570,-0.13192612137202797
2022-01-25_07:00:05.000000,0.5141388174807249,7660,5.0,7660,0.0
2022-01-25_07:08:31.000000,0.5208333333333259,7590,5.0,7590,0.0
2022-01-25_07:10:11.000000,0.5154639175257714,7620,5.0,7620,0.0
2022-01-25_07:12:25.000000,0.5141388174807249,7650,5.0,7650,0.0
2022-01-25_07:29:52.000000,0.5154639175257714,7630,5.0,7630,0.0
2022-01-25_08:10:47.000000,0.512820512820511,7650,5.0,7650,0.0
2022-01-26_07:00:01.000000,0.5050505050504972,7730,0.49493,7700,-0.38809831824062613
2022-01-26_09:54:35.000000,0.5037783375314797,7760,5.0,7760,0.0
2022-01-27_07:00:00.000000,0.5194805194805197,7720,0.082072,7590,-1.6839378238341918
2022-01-27_07:00:01.000000,0.5194805194805197,7580,5.0,7580,0.0
2022-01-27_09:57:05.000000,0.50761421319796,7670,5.0,7670,0.0
2022-01-28_14:53:32.000000,0.5012531328320913,7750,5.0,7750,0.0
2022-02-07_07:07:25.000000,0.5025125628140614,7710,5.0,7710,0.0
2022-02-07_07:26:06.000000,0.5063291139240533,7720,5.0,7720,0.0
2022-02-07_11:02:15.000000,0.50761421319796,7580,5.0,7580,0.0
2022-02-07_13:10:01.000000,0.5012531328320913,7680,5.0,7680,0.0
2022-02-07_13:34:35.000000,0.5037783375314797,7680,5.0,7680,0.0
2022-02-14_07:00:00.000000,0.7518796992481258,8090,0.076814,7970,-1.4833127317676165
2022-02-14_07:00:03.000000,0.5012531328320913,7970,5.0,7970,0.0
2022-02-14_07:00:04.000000,0.5012531328320913,7970,5.0,7970,0.0
2022-02-22_07:00:00.000000,0.5037783375314797,7910,0.078332,7770,-1.7699115044247815
2022-02-22_07:00:18.000000,0.5037783375314797,7740,5.0,7750,0.12919896640826156
2022-02-22_14:58:55.000000,0.5025125628140614,7860,5.0,7860,0.0
2022-02-23_13:14:12.000000,0.5089058524172962,7780,5.0,7780,0.0
2022-02-24_07:30:00.000000,0.8426966292134797,7050,0.142493,7080,0.42553191489360653
2022-02-24_07:32:26.000000,0.5494505494505475,7190,5.0,7210,0.2781641168289273
2022-02-24_07:33:18.000000,0.5420054200542035,7280,0.905605,7310,0.4120879120879106
2022-02-24_07:33:19.000000,0.5420054200542035,7270,0.902873,7300,0.4126547455295837
2022-02-24_07:33:37.000000,0.5434782608695565,7290,0.778223,7320,0.4115226337448652
2022-02-24_07:33:57.000000,0.8196721311475308,7320,0.615396,7290,-0.4098360655737654
2022-02-24_07:34:31.000000,0.8287292817679592,7220,5.0,7210,-0.13850415512465242
2022-02-24_07:37:24.000000,1.3513513513513598,7320,0.988547,7290,-0.4098360655737654
2022-02-24_07:38:37.000000,0.5434782608695565,7240,5.0,7220,-0.2762430939226568
2022-02-24_07:41:03.000000,0.8219178082191858,7240,0.451658,7210,-0.4143646408839796
2022-02-24_07:50:42.000000,0.5434782608695565,7250,5.0,7230,-0.27586206896551557
2022-02-24_08:27:06.000000,0.5420054200542035,7240,5.0,7240,0.0
2022-02-24_08:29:07.000000,0.5449591280654031,7230,5.0,7230,0.0
2022-02-24_08:52:23.000000,0.5509641873278293,7140,5.0,7140,0.0
2022-02-24_10:15:31.000000,0.56657223796035,7010,5.0,7000,-0.14265335235378318
2022-02-24_10:22:02.000000,0.5649717514124353,7010,5.0,7010,0.0
2022-02-24_10:28:21.000000,0.5649717514124353,7000,5.0,7000,0.0
2022-02-25_07:00:00.000000,1.1235955056179803,6990,0.073013,7150,2.2889842632331847
2022-02-25_07:00:01.000000,0.8403361344537785,7150,0.73399,7120,-0.41958041958042314
2022-02-25_07:00:02.000000,0.8379888268156499,7120,0.818038,7090,-0.4213483146067398
2022-02-25_07:00:05.000000,0.5586592178770999,7090,0.217961,7060,-0.42313117066290484
2022-02-25_07:00:10.000000,0.5586592178770999,7080,0.23021,7050,-0.4237288135593209
2022-02-25_07:00:27.000000,0.5586592178770999,7060,5.0,7080,0.28328611898016387
2022-02-25_07:16:25.000000,0.561797752808979,7040,5.0,7040,0.0
2022-02-25_11:36:45.000000,0.5479452054794498,7140,5.0,7140,0.0
2022-02-25_11:47:26.000000,0.5524861878453136,7140,5.0,7130,-0.1400560224089631
2022-02-25_12:26:57.000000,0.5464480874316946,7160,5.0,7160,0.0
2022-02-25_12:28:48.000000,0.5464480874316946,7170,5.0,7170,0.0
2022-02-25_13:27:24.000000,0.5434782608695565,7230,5.0,7230,0.0
2022-02-25_13:48:34.000000,0.5449591280654031,7210,5.0,7220,0.1386962552011095
2022-02-28_07:00:01.000000,0.5602240896358524,6960,0.739025,6990,0.4310344827586299
2022-02-28_07:00:04.000000,0.5602240896358524,7000,0.30328,6970,-0.4285714285714337
2022-02-28_07:03:19.000000,0.5602240896358524,6980,5.0,6980,0.0
2022-02-28_11:54:12.000000,0.5602240896358524,6950,5.0,6950,0.0
2022-02-28_14:30:40.000000,0.56657223796035,6910,5.0,6910,0.0
2022-02-28_14:39:19.000000,0.5649717514124353,6950,5.0,6950,0.0
2022-02-28_14:45:47.000000,0.561797752808979,6980,5.0,6980,0.0
2022-02-28_14:49:28.000000,0.5586592178770999,7000,5.0,7000,0.0
2022-03-01_08:12:32.000000,0.5390835579514919,7190,5.0,7190,0.0
2022-03-01_08:28:47.000000,0.5347593582887722,7220,5.0,7230,0.13850415512466352
2022-03-01_08:29:58.000000,0.5333333333333412,7260,5.0,7250,-0.13774104683195176
2022-03-01_09:19:20.000000,0.5333333333333412,7280,5.0,7280,0.0
2022-03-01_10:10:16.000000,0.5449591280654031,7190,5.0,7190,0.0
2022-03-01_11:41:34.000000,0.5479452054794498,7170,5.0,7170,0.0
2022-03-01_13:55:58.000000,0.5464480874316946,7120,5.0,7120,0.0
2022-03-01_14:36:55.000000,0.5464480874316946,7120,5.0,7120,0.0
2022-03-02_10:51:29.000000,0.5420054200542035,7110,5.0,7100,-0.14064697609000865
2022-03-03_14:33:30.000000,0.5494505494505475,7140,5.0,7140,0.0
2022-03-04_08:11:51.000000,0.5494505494505475,7100,5.0,7100,0.0
2022-03-04_11:43:26.000000,0.5509641873278293,7040,5.0,7030,-0.14204545454545858
2022-03-04_14:45:50.000000,0.5509641873278293,7030,5.0,7030,0.0
2022-03-07_09:50:11.000000,0.5586592178770999,6910,5.0,6900,-0.14471780028944004
2022-03-07_14:15:33.000000,0.5509641873278293,6970,5.0,6970,0.0
2022-03-07_14:29:44.000000,0.5494505494505475,6970,5.0,6970,0.0
2022-03-07_14:54:45.000000,0.5494505494505475,6950,5.0,6950,0.0
2022-03-08_07:43:48.000000,0.5494505494505475,6890,5.0,6890,0.0
2022-03-08_09:46:29.000000,0.5449591280654031,6950,5.0,6950,0.0
2022-03-08_14:40:21.000000,0.5524861878453136,6910,5.0,6920,0.14471780028944004
2022-03-09_08:10:52.000000,0.5479452054794498,7000,5.0,7000,0.0
2022-03-09_14:22:53.000000,0.5376344086021501,7110,5.0,7110,0.0
2022-03-10_07:00:55.000000,0.5333333333333412,7210,5.0,7220,0.1386962552011095
2022-03-10_08:29:23.000000,0.536193029490617,7150,5.0,7140,-0.13986013986013734
2022-03-10_12:55:45.000000,0.5464480874316946,7040,5.0,7040,0.0
2022-03-10_14:04:24.000000,0.5420054200542035,7060,5.0,7060,0.0
2022-03-10_14:04:34.000000,0.5420054200542035,7060,5.0,7060,0.0
2022-03-11_07:00:01.000000,0.5434782608695565,7120,5.0,7120,0.0
2022-03-15_11:15:53.000000,0.5221932114882533,7200,5.0,7200,0.0
2022-03-16_12:51:16.000000,0.5249343832020914,7250,5.0,7240,-0.13793103448276334
2022-03-16_13:05:07.000000,0.5291005291005346,7210,5.0,7220,0.1386962552011095
2022-03-21_07:47:43.000000,0.5037783375314797,7450,5.0,7450,0.0
2022-03-21_12:41:15.000000,0.5025125628140614,7480,5.0,7470,-0.13368983957219305
2022-03-24_10:31:12.000000,0.5089058524172962,7460,5.0,7450,-0.13404825737265424
2022-03-24_10:31:14.000000,0.5102040816326481,7450,5.0,7460,0.13422818791946067
2022-03-24_10:31:15.000000,0.5102040816326481,7460,5.0,7460,0.0
2022-03-24_10:31:22.000000,0.5089058524172962,7460,5.0,7480,0.2680965147453085
2022-03-24_10:41:42.000000,0.5102040816326481,7450,5.0,7430,-0.26845637583892135
2022-03-24_14:46:02.000000,0.5102040816326481,7440,5.0,7440,0.0
2022-03-28_14:44:02.000000,0.5154639175257714,7240,5.0,7240,0.0
2022-03-29_12:36:08.000000,0.50761421319796,7320,5.0,7330,0.1366120218579292
2022-03-29_13:24:52.000000,0.5050505050504972,7350,5.0,7340,-0.1360544217687054
2022-03-29_13:28:17.000000,0.5050505050504972,7330,5.0,7330,0.0
2022-03-29_13:49:50.000000,0.5050505050504972,7300,5.0,7310,0.136986301369868
2022-04-11_07:00:00.000000,0.6289308176100628,8480,0.084649,8650,2.004716981132071
2022-04-11_07:00:01.000000,0.6289308176100628,8680,0.661212,8710,0.3456221198156584
2022-04-11_07:00:02.000000,0.6276150627614996,8700,0.103626,8670,-0.34482758620689724
2022-04-11_07:00:03.000000,0.6289308176100628,8680,0.185026,8720,0.4608294930875667
2022-04-11_07:01:15.000000,0.6198347107438051,8780,0.997877,8810,0.3416856492027387
2022-04-11_07:01:16.000000,5.084745762711873,8810,0.037166,8780,-0.34052213393870323
2022-04-11_07:01:17.000000,2.0618556701030855,8830,0.295623,8800,-0.3397508493771184
2022-04-11_07:01:18.000000,1.6460905349794164,8780,0.078593,8810,0.3416856492027387
2022-04-11_07:01:24.000000,1.2320328542094527,8800,5.0,8790,-0.1136363636363602
2022-04-11_07:02:33.000000,0.612244897959191,8830,5.0,8820,-0.11325028312570984
2022-04-12_07:00:00.000000,0.809716599190291,9110,0.167786,9080,-0.3293084522502765
2022-04-12_07:43:32.000000,0.6147540983606481,8980,5.0,8970,-0.11135857461024301
2022-04-12_14:45:14.000000,0.5813953488372103,9130,5.0,9130,0.0
2022-04-13_07:00:00.000000,0.7782101167315147,9130,0.080911,9250,1.3143483023001057
2022-04-13_13:25:43.000000,0.6000000000000005,9020,5.0,9010,-0.11086474501108556
2022-04-18_07:00:00.000000,0.5802707930367523,9410,0.262866,9380,-0.31880977683315104
2022-04-18_07:35:43.000000,0.5870841487279899,9360,5.0,9350,-0.10683760683760646
2022-04-19_12:07:13.000000,0.9541984732824416,9470,0.824791,9500,0.31678986272438703
2022-04-19_12:59:24.000000,0.7707129094412402,9400,5.0,9380,-0.21276595744680327
2022-04-19_13:13:10.000000,0.5847953216374213,9300,0.542289,9330,0.3225806451612856
2022-04-25_07:04:59.000000,1.1881188118811892,9220,5.0,9240,0.2169197396963085
2022-04-25_07:05:00.000000,1.383399209486158,9210,0.16536,9240,0.32573289902280145
2022-06-08_14:32:47.000000,0.6396588486140775,8570,5.0,8570,0.0
2022-06-08_14:50:20.000000,2.8888888888888964,8450,5.0,8450,0.0
2022-06-08_14:50:24.000000,0.879120879120876,8450,5.0,8450,0.0
2022-06-08_14:54:11.000000,0.6550218340611424,8360,5.0,8350,-0.11961722488038617
2022-06-08_14:56:47.000000,0.6622516556291425,8320,5.0,8320,0.0
2022-06-09_07:00:02.000000,0.6535947712418277,8270,0.31758,8300,0.36275695284160303
2022-06-10_07:00:02.000000,0.659340659340657,8270,5.0,8270,0.0
2022-06-10_07:00:12.000000,0.6578947368421018,8270,0.481629,8310,0.48367593712213
2022-06-10_07:00:14.000000,0.659340659340657,8310,0.721975,8270,-0.48134777376654947
2022-06-10_07:10:12.000000,0.6369426751592355,8490,5.0,8480,-0.11778563015312216
2022-06-10_14:03:05.000000,0.6451612903225712,8430,5.0,8440,0.11862396204034287
2022-06-15_07:00:03.000000,0.647948164146861,8430,5.0,8440,0.11862396204034287
2022-06-27_07:00:02.000000,0.8733624454148492,8480,0.062602,8530,0.5896226415094352
2022-06-27_07:00:04.000000,0.6521739130434856,8490,0.678229,8460,-0.35335689045936647
2022-06-30_07:00:03.000000,0.7025761124121788,7960,0.637961,7990,0.37688442211054607
2022-06-30_07:00:05.000000,0.7025761124121788,7980,0.498366,8010,0.3759398496240518
2022-06-30_07:00:07.000000,0.7025761124121788,7990,5.0,7980,-0.12515644555695093
2022-07-27_07:00:43.000000,0.6302521008403339,8760,5.0,8770,0.11415525114155667
2022-08-11_07:00:00.000000,0.5494505494505475,9790,0.090971,9900,1.1235955056179803
2022-08-16_12:32:01.000000,0.9505703422053147,10070,5.0,10060,-0.09930486593843213
2022-08-18_07:00:01.000000,0.6711409395973256,11270,5.0,11250,-0.17746228926353025
2022-08-18_07:00:02.000000,0.5033557046979942,11270,5.0,11250,-0.17746228926353025
2022-08-18_07:00:03.000000,0.5033557046979942,11270,5.0,11250,-0.17746228926353025
2022-08-18_07:00:06.000000,0.5033557046979942,11250,5.0,11250,0.0
2022-08-18_07:00:09.000000,0.5033557046979942,11270,5.0,11240,-0.2661934338953009
2022-08-18_11:02:24.000000,0.5163511187607606,11070,5.0,11060,-0.09033423667570428
2022-08-18_11:02:30.000000,0.5181347150259086,11050,5.0,11050,0.0
2022-08-18_11:03:59.000000,0.512820512820511,11060,5.0,11070,0.09041591320071429
2022-08-18_11:09:18.000000,0.5084745762711895,11170,5.0,11170,0.0
2022-08-18_11:13:38.000000,0.5067567567567544,11180,5.0,11170,-0.08944543828264262
2022-08-18_11:30:23.000000,0.521739130434784,10920,5.0,10920,0.0
2022-08-19_07:04:05.000000,0.519031141868509,10920,5.0,10930,0.09157509157509125
2022-08-22_07:00:00.000000,0.5347593582887722,10590,0.079208,10500,-0.8498583569405138
2022-08-22_07:00:01.000000,0.5347593582887722,10340,0.001515,10490,1.4506769825918697
2022-08-22_07:02:18.000000,0.5395683453237377,10360,5.0,10360,0.0
2022-08-22_07:12:58.000000,0.5319148936170137,10520,5.0,10550,0.2851711026615966
2022-08-26_07:02:15.000000,0.599700149925031,12150,5.0,12160,0.08230452674897748
2022-08-26_07:03:24.000000,0.5970149253731405,12210,5.0,12210,0.0
2022-08-26_07:49:38.000000,0.588235294117645,12380,0.988488,12340,-0.3231017770597755
2022-08-26_13:14:59.000000,0.5797101449275255,12340,5.0,12340,0.0
2022-08-26_13:39:23.000000,0.7082152974504208,12390,5.0,12400,0.08071025020177647
2022-08-26_13:46:51.000000,0.5594405594405494,12620,5.0,12630,0.07923930269413404
2022-08-26_14:34:28.000000,0.5681818181818121,12390,5.0,12390,0.0
2022-08-26_14:34:35.000000,0.9957325746799528,12390,0.475976,12430,0.32284100080710587
2022-08-26_14:35:00.000000,0.5706134094151105,12430,0.924647,12390,-0.32180209171359664
2022-08-26_14:35:06.000000,0.5730659025787954,12380,5.0,12370,-0.08077544426494665
2022-08-26_14:35:08.000000,0.5730659025787954,12380,5.0,12360,-0.1615508885298822
2022-08-26_14:35:13.000000,1.1577424023154759,12360,0.978876,12320,-0.3236245954692518
2022-08-26_14:35:42.000000,1.026392961876832,12160,0.883749,12120,-0.3289473684210509
2022-08-26_14:36:11.000000,0.7331378299120228,12090,5.0,12090,0.0
2022-08-26_14:36:12.000000,0.5856515373352744,12090,5.0,12120,0.2481389578163684
2022-08-26_14:36:26.000000,0.5839416058394109,12160,0.755092,12120,-0.3289473684210509
2022-08-26_14:36:46.000000,0.8823529411764675,12140,5.0,12130,-0.08237232289950436
2022-08-26_14:37:10.000000,0.7374631268436627,12140,5.0,12140,0.0
2022-08-26_14:37:27.000000,0.7331378299120228,12130,5.0,12150,0.16488046166529546
2022-08-26_14:37:38.000000,0.5865102639296182,12180,5.0,12180,0.0
2022-08-26_14:37:48.000000,0.7331378299120228,12170,0.393399,12130,-0.32867707477403085
2022-08-26_14:37:58.000000,0.5865102639296182,12120,5.0,12100,-0.16501650165016146
2022-08-26_14:38:08.000000,0.5839416058394109,12110,0.530786,12070,-0.3303055326176696
2022-08-26_14:39:12.000000,0.5780346820809301,12300,5.0,12290,-0.08130081300813385
2022-08-26_14:39:13.000000,0.5772005772005873,12300,5.0,12300,0.0
2022-08-26_14:39:15.000000,0.5780346820809301,12290,5.0,12280,-0.08136696501220841
2022-08-26_14:39:44.000000,0.7267441860465018,12200,5.0,12170,-0.24590163934425924
2022-08-26_14:39:48.000000,0.7267441860465018,12170,5.0,12190,0.16433853738702098
2022-08-26_14:39:59.000000,0.7299270072992803,12180,0.562579,12140,-0.3284072249589487
2022-08-26_14:40:08.000000,0.7342143906020615,12120,0.294875,12080,-0.330033003300334
2022-08-26_14:40:19.000000,0.8797653958944274,12090,0.221928,12050,-0.3308519437551727
2022-08-26_14:40:28.000000,0.5865102639296182,11980,5.0,11990,0.08347245409014992
2022-08-26_14:40:50.000000,0.589101620029453,12010,5.0,12030,0.16652789342215257
2022-08-26_14:41:03.000000,0.588235294117645,12050,0.613244,12010,-0.3319502074688785
2022-08-26_14:41:07.000000,1.3313609467455523,12020,0.066704,12060,0.33277870216306127
2022-08-26_14:41:10.000000,1.3313609467455523,12060,5.0,12050,-0.08291873963516272
2022-08-26_14:41:13.000000,1.1869436201780381,12060,5.0,12060,0.0
2022-08-26_14:41:14.000000,1.3412816691505292,12050,5.0,12060,0.08298755186721962
2022-08-26_14:41:17.000000,1.1940298507462588,12050,5.0,12050,0.0
2022-08-26_14:41:18.000000,0.746268656716409,12060,5.0,12030,-0.24875621890547706
2022-08-26_14:41:19.000000,0.5970149253731405,12060,5.0,12040,-0.16583747927031434
2022-08-26_14:41:20.000000,0.5970149253731405,12050,5.0,12040,-0.08298755186721962
2022-08-26_14:41:38.000000,0.746268656716409,12060,5.0,12080,0.16583747927032544
2022-08-26_14:41:40.000000,0.7485029940119681,12080,0.191858,12040,-0.3311258278145712
2022-08-26_14:42:20.000000,0.7429420505200568,12000,5.0,12000,0.0
2022-08-26_14:42:25.000000,0.5952380952380931,12000,5.0,12000,0.0
2022-08-26_14:42:28.000000,0.8955223880596996,11990,5.0,12010,0.16680567139282232
2022-08-26_14:42:31.000000,0.5970149253731405,12000,5.0,12000,0.0
2022-08-26_14:43:23.000000,0.8955223880596996,12020,5.0,12030,0.08319467554076532
2022-08-26_14:45:08.000000,0.588235294117645,12070,5.0,12050,-0.1657000828500399
2022-08-26_14:47:40.000000,0.723589001447178,12280,5.0,12260,-0.16286644951140072
2022-08-26_14:49:10.000000,0.5830903790087438,12150,5.0,12140,-0.08230452674896638
2022-08-26_14:51:22.000000,0.5763688760807018,12240,5.0,12260,0.16339869281045694
2022-08-26_14:55:33.000000,0.5689900426742556,12320,0.669675,12280,-0.32467532467532756
2022-08-26_14:56:26.000000,0.7142857142857117,12210,5.0,12220,0.08190008190007703
2022-08-26_14:56:29.000000,0.5706134094151105,12210,5.0,12220,0.08190008190007703
2022-08-26_14:58:03.000000,0.5722460658083017,12140,5.0,12130,-0.08237232289950436
2022-08-26_14:58:04.000000,0.7163323782235054,12150,5.0,12130,-0.16460905349794386
2022-08-26_14:58:07.000000,0.5722460658083017,12150,0.017776,12110,-0.3292181069958877
2022-08-26_14:58:43.000000,0.7194244604316502,12050,0.41477,12010,-0.3319502074688785
2022-08-29_07:00:04.000000,0.5681818181818121,12050,0.608313,12090,0.3319502074688785
2022-08-29_08:08:13.000000,0.7352941176470562,11960,5.0,11950,-0.08361204013378476
2022-08-29_08:08:33.000000,0.7352941176470562,11950,5.0,11940,-0.08368200836820217
2022-08-31_14:06:59.000000,0.5706134094151105,11950,5.0,11960,0.08368200836819106
2022-09-01_13:05:19.000000,0.5263157894736858,12180,5.0,12180,0.0
2022-09-02_07:00:03.000000,0.7792207792207684,12110,0.551454,12150,0.3303055326176807
2022-09-02_07:00:04.000000,0.5167958656330685,12100,0.187667,12140,0.33057851239668423
2022-09-02_07:00:05.000000,0.5167958656330685,12120,5.0,12150,0.24752475247524774
2022-09-02_07:00:06.000000,0.5154639175257714,12120,5.0,12150,0.24752475247524774
2022-09-02_07:00:07.000000,0.5154639175257714,12130,5.0,12150,0.16488046166529546
2022-09-02_07:00:08.000000,0.5154639175257714,12140,5.0,12120,-0.16474464579900872
2022-09-02_07:00:09.000000,0.6451612903225712,12130,5.0,12120,-0.08244023083264773
2022-09-02_07:00:10.000000,0.5161290322580614,12150,5.0,12130,-0.16460905349794386
2022-09-02_07:00:22.000000,0.5174644243208348,12140,5.0,12130,-0.08237232289950436
2022-09-02_07:12:20.000000,0.540540540540535,11940,5.0,11960,0.16750418760469454
2022-09-02_13:26:00.000000,0.5050505050504972,13030,5.0,13030,0.0
2022-09-02_13:35:55.000000,0.5167958656330685,13030,5.0,13030,0.0
2022-09-05_07:00:01.000000,0.6353240152477735,13550,0.184891,13500,-0.36900369003689537
2022-09-05_07:00:02.000000,0.50761421319796,13530,5.0,13550,0.14781966001478075
2022-09-05_07:00:08.000000,0.5069708491761693,13560,0.212093,13510,-0.36873156342183133
2022-09-05_08:13:46.000000,0.5012531328320913,13340,5.0,13310,-0.2248875562218866
2022-09-05_12:16:18.000000,0.6234413965087171,13660,5.0,13650,-0.07320644216690653
2022-09-05_12:16:59.000000,0.5006257822277815,13620,5.0,13610,-0.07342143906020615
2022-09-05_12:41:56.000000,0.7290400972053357,14230,5.0,14240,0.07027406886859211
2022-09-06_07:00:03.000000,0.60606060606061,14550,0.008358,14650,0.6872852233676952
2022-09-06_08:16:59.000000,0.6289308176100628,14670,5.0,14650,-0.13633265167007913
2022-09-06_08:17:01.000000,0.7518796992481258,14700,0.116922,14650,-0.3401360544217691
2022-09-06_08:17:03.000000,0.6273525721455453,14660,5.0,14640,-0.13642564802183177
2022-09-06_08:17:37.000000,0.6369426751592355,14490,0.983507,14440,-0.3450655624568699
2022-09-06_08:17:38.000000,0.5095541401273884,14500,0.983507,14450,-0.34482758620689724
2022-09-06_08:17:39.000000,0.5095541401273884,14490,0.983507,14440,-0.3450655624568699
2022-09-06_08:17:46.000000,0.5102040816326481,14470,5.0,14450,-0.13821700069108767
2022-09-06_08:34:49.000000,0.7416563658838138,14860,5.0,14860,0.0
2022-09-06_12:25:00.000000,1.1249999999999982,15120,5.0,15080,-0.2645502645502673
2022-09-06_12:25:11.000000,0.7500000000000062,15040,0.476601,15090,0.3324468085106336
2022-09-06_14:58:19.000000,1.0922330097087318,15520,5.0,15510,-0.06443298969072142
2022-09-06_14:58:20.000000,0.728155339805836,15520,5.0,15520,0.0
2022-09-06_14:58:24.000000,0.6067961165048485,15510,5.0,15510,0.0
2022-09-06_14:58:28.000000,0.6067961165048485,15520,5.0,15510,-0.06443298969072142
2022-09-06_14:58:43.000000,0.6045949214026569,15540,5.0,15520,-0.12870012870013214
2022-09-06_14:58:44.000000,0.6045949214026569,15540,5.0,15540,0.0
2022-09-07_07:00:35.000000,0.6112469437652868,15390,0.356599,15340,-0.32488628979857603
2022-09-07_07:00:44.000000,0.6134969325153339,15190,0.642648,15140,-0.3291639236339683
2022-09-07_07:01:05.000000,0.6165228113440113,15140,0.679797,15190,0.33025099075296716
2022-09-07_07:01:15.000000,0.7416563658838138,15280,0.817489,15230,-0.327225130890052
2022-09-07_07:01:36.000000,0.7481296758104827,15270,0.586378,15220,-0.3274394237066103
2022-09-07_07:01:56.000000,0.991325898389106,15240,0.4015,15290,0.32808398950130435
2022-09-07_08:05:15.000000,0.6265664160401085,15160,5.0,15120,-0.26385224274406704
2022-09-07_08:05:16.000000,0.5025125628140614,15140,5.0,15120,-0.13210039630119352
2022-09-07_14:33:35.000000,0.5089058524172962,15110,5.0,15120,0.06618133686300265
2022-09-09_07:00:01.000000,0.5924170616113722,15250,5.0,15270,0.13114754098360049
2022-09-09_07:00:12.000000,0.5924170616113722,15260,5.0,15270,0.0655307994757548
2022-09-09_07:00:13.000000,0.5924170616113722,15290,5.0,15280,-0.06540222367560355
2022-09-12_07:00:00.000000,0.8421052631578885,15920,0.086644,16470,3.454773869346739
2022-09-12_07:00:02.000000,0.5230125523012497,16570,0.031818,16650,0.48280024140012756
2022-09-12_07:00:04.000000,0.9394572025052117,16570,0.073518,16690,0.7242003621001913
2022-09-12_07:00:05.000000,0.7299270072992803,16590,0.003021,16640,0.3013863773357439
2022-09-12_07:00:07.000000,0.6256517205422307,16540,0.151453,16590,0.30229746070133956
2022-09-12_07:00:08.000000,0.8350730688935215,16700,0.015767,16630,-0.41916167664670656
2022-09-12_07:00:09.000000,1.0438413361169019,16650,0.094988,16600,-0.30030030030030463
2022-09-12_07:00:10.000000,0.7284079084287187,16600,0.21729,16540,-0.3614457831325302
2022-09-12_07:00:11.000000,0.520291363163361,16540,0.460353,16590,0.30229746070133956
2022-09-12_07:00:12.000000,0.520291363163361,16530,0.022374,16630,0.6049606775559546
2022-09-12_07:00:13.000000,0.6237006237006293,16600,0.429126,16650,0.3012048192771122
2022-09-12_07:00:14.000000,0.7284079084287187,16600,0.038028,16650,0.3012048192771122
2022-09-12_07:00:15.000000,0.6230529595015577,16590,0.363393,16640,0.3013863773357439
2022-09-12_07:00:16.000000,0.8333333333333304,16590,0.013867,16650,0.3616636528029016
2022-09-12_07:00:17.000000,0.6256517205422307,16640,0.985059,16590,-0.30048076923077094
2022-09-12_07:00:34.000000,0.5208333333333259,16660,0.915723,16610,-0.30012004801920344
2022-09-12_07:00:36.000000,0.5208333333333259,16660,0.915723,16610,-0.30012004801920344
2022-09-12_07:01:19.000000,0.6237006237006293,16520,5.0,16550,0.1815980629539915
2022-09-12_07:01:35.000000,0.5192107995846351,16560,5.0,16570,0.06038647342994086
2022-09-12_07:09:12.000000,0.6250000000000089,16700,0.943416,16640,-0.3592814371257469
2022-09-12_07:10:05.000000,0.5279831045406524,16450,0.107664,16500,0.3039513677811634
2022-09-12_07:12:57.000000,0.5291005291005346,16490,5.0,16490,0.0
2022-09-12_07:14:26.000000,0.5285412262156397,16490,5.0,16480,-0.06064281382656134
2022-09-12_07:15:34.000000,0.5319148936170137,16420,5.0,16400,-0.12180267965895553
2022-09-12_07:15:36.000000,0.5330490405117239,16420,0.126811,16370,-0.3045066991473777
2022-09-12_07:15:44.000000,0.6451612903225712,16340,5.0,16320,-0.1223990208078285
2022-09-12_07:16:04.000000,0.5370569280343629,16340,5.0,16340,0.0
2022-09-12_07:16:14.000000,0.650054171180936,16320,5.0,16340,0.1225490196078427
2022-09-12_07:16:20.000000,0.7608695652173925,16320,5.0,16300,-0.1225490196078427
2022-09-12_07:16:39.000000,0.5446623093681824,16200,0.518648,16150,-0.30864197530864335
2022-09-12_07:17:18.000000,0.6493506493506551,16080,0.633172,16030,-0.3109452736318463
2022-09-13_07:00:01.000000,0.61412487205732,17940,0.385196,18000,0.33444816053511683
2022-09-13_07:00:02.000000,0.6134969325153339,18010,0.906835,18070,0.3331482509716821
2022-09-13_07:00:07.000000,0.5102040816326481,17990,0.876539,18050,0.33351862145636346
2022-09-13_07:00:10.000000,0.5102040816326481,18000,0.631192,18060,0.33333333333334103
2022-09-13_07:00:15.000000,0.5102040816326481,18000,0.352856,18060,0.33333333333334103
2022-09-13_07:00:18.000000,0.5102040816326481,18000,0.926186,18060,0.33333333333334103
2022-09-13_07:04:28.000000,0.6134969325153339,17790,5.0,17820,0.1686340640809414
2022-09-13_07:13:05.000000,0.5102040816326481,17860,5.0,17830,-0.16797312430011369
2022-09-13_07:15:42.000000,0.5030181086519203,18380,5.0,18350,-0.16322089227420733
2022-09-13_07:18:19.000000,0.5923000987166915,18540,5.0,18510,-0.16181229773463146
2022-09-13_08:33:26.000000,0.50761421319796,18300,5.0,18320,0.10928961748633004
2022-09-13_09:32:12.000000,0.5112474437627856,18960,5.0,18960,0.0
2022-09-13_09:36:37.000000,0.525762355415349,18710,0.921563,18650,-0.3206841261357618
2022-09-13_09:37:46.000000,0.5302226935312904,18270,0.920466,18210,-0.3284072249589487
2022-09-13_09:38:24.000000,0.7423117709437932,18340,0.829829,18400,0.32715376226826187
2022-09-13_09:39:44.000000,0.5181347150259086,18660,5.0,18690,0.1607717041800738
2022-09-13_09:39:45.000000,0.520291363163361,18660,5.0,18660,0.0
2022-09-13_09:39:46.000000,0.6250000000000089,18680,5.0,18660,-0.10706638115631772
2022-09-13_09:39:47.000000,0.5224660397074254,18680,5.0,18640,-0.21413276231263545
2022-09-13_09:39:49.000000,0.6289308176100628,18690,0.203654,18630,-0.32102728731941976
2022-09-13_09:39:50.000000,0.8421052631578885,18660,5.0,18630,-0.1607717041800627
2022-09-13_09:40:10.000000,0.5302226935312904,18650,5.0,18630,-0.10723860589811895
2022-09-13_09:40:11.000000,0.5291005291005346,18660,5.0,18630,-0.1607717041800627
2022-09-13_09:40:42.000000,0.5268703898840821,18590,5.0,18560,-0.16137708445400634
2022-09-13_09:42:46.000000,0.5313496280552554,18620,0.649596,18560,-0.3222341568206222
2022-09-13_09:44:00.000000,0.7407407407407307,18600,5.0,18630,0.1612903225806539
2022-09-13_09:47:58.000000,0.5291005291005346,18600,5.0,18580,-0.10752688172043223
2022-09-13_09:48:22.000000,0.5285412262156397,18600,5.0,18610,0.053763440860210565
2022-09-13_10:00:13.000000,0.5263157894736858,18750,5.0,18730,-0.10666666666666602
2022-09-13_10:21:01.000000,0.5399568034557323,18040,0.081982,17980,-0.3325942350332567
2022-09-13_10:22:39.000000,0.5482456140350811,17720,5.0,17700,-0.11286681715575453
2022-09-13_10:22:55.000000,0.6622516556291425,17660,0.415587,17600,-0.3397508493771184
2022-09-13_10:22:56.000000,0.8849557522123908,17630,0.452181,17570,-0.3403289846852009
2022-09-13_10:23:13.000000,0.5580357142857206,17460,5.0,17420,-0.22909507445589838
2022-09-13_10:23:31.000000,0.5586592178770999,17360,0.39898,17300,-0.3456221198156695
2022-09-13_10:23:45.000000,0.5586592178770999,17210,0.154313,17270,0.34863451481697005
2022-09-13_10:23:57.000000,1.0000000000000009,17430,0.747677,17490,0.344234079173833
2022-09-13_10:24:06.000000,0.5530973451327359,17480,0.492872,17420,-0.3432494279176246
2022-09-13_10:24:12.000000,0.6644518272425293,17470,5.0,17510,0.22896393817972704
2022-09-13_10:27:26.000000,0.5370569280343629,18110,0.658885,18050,-0.331308669243513
2022-09-13_10:27:39.000000,0.9708737864077666,17980,5.0,18010,0.16685205784203738
2022-09-13_10:28:36.000000,0.5347593582887722,18110,0.551895,18170,0.331308669243513
2022-09-13_11:21:51.000000,0.5170630816959676,18600,5.0,18620,0.10752688172042113
2022-09-13_12:32:17.000000,0.7423117709437932,18290,5.0,18290,0.0
2022-09-13_12:34:08.000000,0.967741935483879,18290,5.0,18280,-0.05467468562055933
2022-09-13_12:34:27.000000,0.6403415154749181,18370,5.0,18360,-0.05443658138268859
2022-09-13_13:00:41.000000,0.5464480874316946,18070,5.0,18080,0.055340343110121815
2022-09-13_13:01:57.000000,0.6622516556291425,17810,5.0,17800,-0.05614823133071045
2022-09-13_13:02:10.000000,0.8869179600886845,17810,5.0,17790,-0.1122964626614209
2022-09-13_13:02:24.000000,0.6659267480577213,17730,5.0,17690,-0.2256063169768785
2022-09-13_13:02:32.000000,0.5549389567147678,17620,0.118758,17560,-0.34052213393870323
2022-09-13_13:02:43.000000,0.6666666666666599,17710,5.0,17690,-0.11293054771315258
2022-09-13_13:05:10.000000,0.756756756756749,18090,5.0,18110,0.11055831951354289
2022-09-13_13:23:50.000000,0.5530973451327359,17680,5.0,17710,0.16968325791855143
2022-09-13_14:17:56.000000,0.6629834254143541,17140,0.043274,17200,0.3500583430571691
2022-09-13_14:34:15.000000,0.6741573033707926,17060,5.0,17060,0.0
2022-09-14_07:00:00.000000,1.674641148325362,16060,0.076114,15560,-3.1133250311332517
2022-09-14_07:00:01.000000,1.674641148325362,15580,0.631023,15530,-0.3209242618742003
2022-09-14_07:00:02.000000,1.4354066985645897,15580,0.631023,15530,-0.3209242618742003
2022-09-14_07:00:03.000000,1.0765550239234534,15600,0.6229,15550,-0.3205128205128194
2022-09-14_07:00:04.000000,0.9603841536614643,15550,0.05846,15600,0.3215434083601254
2022-09-14_07:00:05.000000,0.9638554216867545,15550,0.01945,15500,-0.3215434083601254
2022-09-14_07:00:06.000000,0.9638554216867545,15480,0.45626,15530,0.322997416020665
2022-09-14_07:00:07.000000,0.9638554216867545,15500,0.78792,15450,-0.3225806451612856
2022-09-14_07:00:08.000000,0.9638554216867545,15450,0.350779,15500,0.3236245954692629
2022-09-14_07:00:09.000000,0.9638554216867545,15440,0.121964,15510,0.45336787564767
2022-09-14_07:00:10.000000,0.8454106280193274,15480,0.844254,15430,-0.3229974160206761
2022-09-14_07:00:11.000000,0.6038647342995196,15440,0.34641,15490,0.32383419689119286
2022-09-14_07:00:13.000000,0.8454106280193274,15300,0.315293,15460,1.0457516339869244
2022-09-14_07:00:15.000000,0.7246376811594235,15430,0.774593,15300,-0.8425145819831448
2022-09-14_07:00:28.000000,0.7246376811594235,15300,0.008623,15250,-0.32679738562091387
2022-09-14_07:00:29.000000,0.6038647342995196,15300,0.05891,15250,-0.32679738562091387
2022-09-14_07:00:52.000000,0.60606060606061,14900,0.96064,14850,-0.3355704697986628
2022-09-14_07:01:04.000000,0.6097560975609762,14780,5.0,14780,0.0
2022-09-14_07:01:05.000000,1.3530135301353052,14780,5.0,14780,0.0
2022-09-14_07:01:07.000000,0.7371007371007376,14780,5.0,14780,0.0
2022-09-14_07:01:11.000000,0.6105006105006083,14780,5.0,14780,0.0
2022-09-14_07:01:15.000000,0.9840098400984099,14780,5.0,14780,0.0
2022-09-14_07:01:16.000000,0.6150061500614923,14780,5.0,14780,0.0
2022-09-14_07:01:22.000000,0.6157635467980205,14780,5.0,14780,0.0
2022-09-14_07:01:25.000000,0.6157635467980205,14780,5.0,14780,0.0
2022-09-14_07:01:28.000000,0.7425742574257432,14780,5.0,14780,0.0
2022-09-14_07:01:29.000000,1.1180124223602483,14780,5.0,14780,0.0
2022-09-14_07:01:31.000000,1.8796992481203034,14780,5.0,14780,0.0
2022-09-14_07:18:31.000000,1.5056461731492998,15170,0.043557,15220,0.3295978905734964
2022-09-14_07:18:32.000000,1.1249999999999982,15190,5.0,15190,0.0
2022-09-14_07:18:41.000000,0.6203473945409321,15250,0.970878,15300,0.3278688524590123
2022-09-14_07:19:05.000000,0.6134969325153339,15330,5.0,15330,0.0
2022-09-14_07:19:12.000000,0.6127450980392135,15330,0.770548,15390,0.391389432485334
2022-09-14_07:19:20.000000,1.097560975609757,15400,5.0,15400,0.0
2022-09-14_07:19:23.000000,0.8505467800729027,15390,0.717117,15440,0.32488628979856493
2022-09-14_07:19:42.000000,0.7343941248469932,15390,0.203413,15340,-0.32488628979857603
2022-09-14_07:19:48.000000,0.7398273736128225,15300,0.749327,15250,-0.32679738562091387
2022-09-14_07:19:49.000000,0.7407407407407307,15300,0.749327,15250,-0.32679738562091387
2022-09-14_07:20:02.000000,0.6119951040391758,15210,0.188305,15160,-0.32873109796186517
2022-09-14_07:20:06.000000,0.8620689655172376,15180,0.412644,15130,-0.32938076416337836
2022-09-14_07:21:01.000000,0.6188118811881083,15050,0.087058,15000,-0.33222591362126463
2022-09-14_07:21:02.000000,0.6203473945409321,15030,5.0,15020,-0.06653359946773296
2022-09-14_07:21:04.000000,0.6203473945409321,15000,0.727097,14950,-0.33333333333332993
2022-09-14_07:21:10.000000,0.7444168734491274,15000,0.536291,15050,0.33333333333334103
2022-09-14_07:21:18.000000,0.6195786864931829,15030,5.0,15010,-0.13306719893546592
2022-09-14_07:21:21.000000,0.6203473945409321,15020,5.0,15020,0.0
2022-09-14_07:21:23.000000,0.6203473945409321,15010,5.0,15050,0.26648900732844094
2022-09-14_07:21:24.000000,0.6203473945409321,15020,5.0,15020,0.0
2022-09-14_07:21:39.000000,0.7444168734491274,15090,5.0,15090,0.0
2022-09-14_07:21:47.000000,0.6203473945409321,15050,5.0,15010,-0.26578073089701393
2022-09-14_07:22:00.000000,0.8728179551122262,15020,0.420911,15070,0.332889480692411
2022-09-14_07:22:02.000000,1.1235955056179803,15060,5.0,15030,-0.19920318725099584
2022-09-14_07:22:04.000000,1.1249999999999982,15030,5.0,15010,-0.13306719893546592
2022-09-14_07:22:07.000000,1.0000000000000009,15030,5.0,15010,-0.13306719893546592
2022-09-14_07:22:09.000000,0.6250000000000089,15010,5.0,15010,0.0
2022-09-14_07:22:10.000000,0.6250000000000089,15010,5.0,15010,0.0
2022-09-14_07:22:11.000000,0.6250000000000089,15020,5.0,15010,-0.06657789613848664
2022-09-14_07:22:12.000000,0.6250000000000089,15010,5.0,15000,-0.06662225183211579
2022-09-14_07:22:13.000000,0.6250000000000089,15010,5.0,14990,-0.13324450366422047
2022-09-14_07:24:26.000000,0.7371007371007376,15290,0.463342,15240,-0.3270111183780289
2022-09-14_07:46:33.000000,0.5089058524172962,14530,5.0,14560,0.2064693737095613
2022-09-14_10:44:59.000000,0.6345177664974555,14290,0.622821,14340,0.3498950314905436
2022-09-14_10:45:04.000000,0.5063291139240533,14340,5.0,14350,0.06973500697349255
2022-09-14_10:45:14.000000,0.6353240152477735,14350,5.0,14380,0.2090592334494712
2022-09-14_10:45:16.000000,0.50761421319796,14350,5.0,14390,0.2787456445993097
2022-09-14_10:45:17.000000,0.6353240152477735,14350,5.0,14380,0.2090592334494712
2022-09-14_10:55:40.000000,0.5089058524172962,14390,5.0,14390,0.0
2022-09-14_11:05:40.000000,0.5031446540880502,14470,5.0,14480,0.06910850034553828
2022-09-14_11:11:42.000000,0.5089058524172962,14380,5.0,14370,-0.06954102920723182
2022-09-15_07:00:00.000000,1.5564202334630295,14190,0.074,14260,0.49330514446792595
2022-09-15_07:00:01.000000,1.5564202334630295,14350,0.003273,14300,-0.34843205574912606
2022-09-15_07:00:02.000000,1.1673151750972721,14300,0.517993,14380,0.5594405594405494
2022-09-15_07:00:03.000000,0.9079118028534339,14320,0.186757,14270,-0.34916201117318746
2022-09-15_07:00:04.000000,0.9055627425614388,14270,5.0,14300,0.21023125437982237
2022-09-15_07:00:05.000000,0.9055627425614388,14300,5.0,14290,-0.06993006993006867
2022-09-15_07:00:06.000000,1.2936610608020649,14270,0.086324,14320,0.3503854239663706
2022-09-15_07:00:07.000000,1.2936610608020649,14260,0.222347,14310,0.3506311360448766
2022-09-15_07:00:08.000000,0.7761966364812523,14260,0.086324,14310,0.3506311360448766
2022-09-15_07:00:09.000000,0.6451612903225712,14300,5.0,14330,0.20979020979021712
2022-09-15_07:00:10.000000,0.6451612903225712,14290,0.402292,14340,0.3498950314905436
2022-09-15_07:00:11.000000,0.903225806451613,14320,5.0,14340,0.13966480446927498
2022-09-15_07:00:12.000000,1.1627906976744207,14330,5.0,14340,0.06978367062107083
2022-09-15_07:00:13.000000,0.7751937984496138,14310,5.0,14320,0.06988120195667857
2022-09-15_07:00:14.000000,0.7751937984496138,14330,5.0,14320,-0.06978367062107083
2022-09-15_07:00:15.000000,0.6451612903225712,14340,5.0,14330,-0.06973500697350365
2022-09-15_07:00:16.000000,0.7741935483871032,14340,5.0,14320,-0.1394700139469962
2022-09-15_07:00:17.000000,0.5148005148005064,14340,5.0,14330,-0.06973500697350365
2022-09-15_07:00:20.000000,0.7741935483871032,14330,5.0,14340,0.06978367062107083
2022-09-15_07:00:21.000000,0.903225806451613,14320,5.0,14340,0.13966480446927498
2022-09-15_07:00:35.000000,0.6377551020408267,14290,5.0,14320,0.20993701889433503
2022-09-15_07:00:36.000000,0.5102040816326481,14310,5.0,14330,0.13976240391335715
2022-09-15_07:00:41.000000,0.5089058524172962,14330,5.0,14330,0.0
2022-09-15_07:00:50.000000,0.5102040816326481,14340,0.650329,14290,-0.34867503486750717
2022-09-15_07:02:07.000000,0.6418485237484006,14230,5.0,14260,0.21082220660575413
2022-09-15_07:02:18.000000,0.5141388174807249,14270,5.0,14280,0.07007708479327412
2022-09-15_07:02:46.000000,0.5069708491761693,14440,5.0,14440,0.0
2022-09-15_07:32:04.000000,0.5188067444876765,14230,5.0,14210,-0.14054813773717312
2022-09-15_07:32:07.000000,0.5208333333333259,14240,5.0,14210,-0.2106741573033699
2022-09-15_07:39:48.000000,0.5181347150259086,14240,5.0,14220,-0.1404494382022503
2022-09-15_07:50:00.000000,0.5333333333333412,13640,5.0,13670,0.21994134897360684
2022-09-15_08:26:46.000000,1.112656467315709,13260,5.0,13240,-0.15082956259426794
2022-09-15_11:42:19.000000,0.7012622720897532,13050,5.0,13040,-0.07662835249042654
2022-09-16_07:00:00.000000,1.0339734121122657,12780,0.082529,12010,-6.0250391236306715
2022-09-16_07:00:01.000000,1.4814814814814836,12000,0.01588,11960,-0.33333333333332993
2022-09-16_07:00:02.000000,0.8928571428571397,12000,0.073388,11960,-0.33333333333332993
2022-09-16_07:00:03.000000,1.7857142857142794,12000,0.647021,11960,-0.33333333333332993
2022-09-16_07:00:05.000000,1.0401188707280795,11930,0.033302,11990,0.5029337803855727
2022-09-16_07:00:08.000000,0.746268656716409,11870,0.033666,11920,0.4212299915753892
2022-09-16_07:00:09.000000,0.746268656716409,11960,0.048286,11910,-0.4180602006689016
2022-09-16_07:00:10.000000,0.5961251862891315,11970,0.302129,11910,-0.5012531328320802
2022-09-16_07:00:11.000000,0.5961251862891315,11980,0.252174,11910,-0.5843071786310494
2022-09-16_07:00:12.000000,0.5961251862891315,11990,0.252174,11910,-0.6672226855713115
2022-09-16_07:00:22.000000,0.746268656716409,11920,0.665817,11880,-0.3355704697986628
2022-09-16_07:00:25.000000,0.8982035928143617,11870,5.0,11880,0.08424599831506896
2022-09-16_07:00:55.000000,0.605143721633894,11780,0.430486,11740,-0.339558573853993
2022-09-16_07:03:47.000000,0.589101620029453,12080,5.0,12100,0.16556291390728006
2022-09-16_07:15:08.000000,0.5839416058394109,12140,5.0,12140,0.0
2022-09-16_07:21:04.000000,0.588235294117645,12080,5.0,12100,0.16556291390728006
2022-09-16_07:26:42.000000,0.5763688760807018,12190,5.0,12190,0.0
2022-09-16_07:27:38.000000,0.5698005698005604,12210,0.21123,12250,0.3276003276003303
2022-09-16_07:27:53.000000,0.56657223796035,12210,5.0,12200,-0.08190008190007703
2022-09-16_07:28:19.000000,0.7052186177715081,12170,0.345322,12210,0.32867707477404196
2022-09-16_07:28:31.000000,1.5514809590973178,12200,5.0,12210,0.08196721311475308
2022-09-16_07:28:38.000000,0.5649717514124353,12220,5.0,12200,-0.16366612111292644
2022-09-16_07:29:25.000000,0.5673758865248235,12280,5.0,12280,0.0
2022-09-16_07:34:53.000000,0.5706134094151105,12140,5.0,12130,-0.08237232289950436
2022-09-16_07:36:57.000000,0.7032348804500765,12170,5.0,12200,0.24650780608053147
2022-09-16_07:37:08.000000,0.7012622720897532,12190,0.852269,12230,0.3281378178835004
2022-09-16_07:49:28.000000,0.5673758865248235,12220,5.0,12220,0.0
2022-09-16_07:50:32.000000,0.5747126436781658,12050,5.0,12040,-0.08298755186721962
2022-09-16_08:06:17.000000,0.7102272727272707,12080,5.0,12100,0.16556291390728006
2022-09-16_12:16:05.000000,0.5586592178770999,12090,5.0,12110,0.16542597187758634
2022-09-19_07:00:02.000000,0.5449591280654031,12210,0.019408,12250,0.3276003276003303
2022-09-19_08:42:50.000000,0.557103064066844,11860,5.0,11880,0.1686340640809414
2022-09-19_14:06:18.000000,1.9089574155653377,11080,5.0,11080,0.0
2022-09-19_14:06:25.000000,0.5865102639296182,11080,5.0,11080,0.0
2022-09-19_14:06:47.000000,0.5830903790087438,11080,5.0,11080,0.0
2022-09-19_14:06:53.000000,0.8823529411764675,11080,5.0,11080,0.0
2022-09-20_07:00:00.000000,1.0000000000000009,11080,0.094815,11410,2.9783393501805033
2022-09-20_07:00:02.000000,0.5689900426742556,11470,0.06247,11600,1.1333914559721103
2022-09-20_07:00:03.000000,0.8547008547008517,11460,0.237286,11500,0.3490401396160525
2022-09-20_07:00:04.000000,0.7112375533428139,11460,0.237286,11500,0.3490401396160525
2022-09-20_07:00:05.000000,0.7112375533428139,11480,5.0,11500,0.17421602787457413
2022-09-20_07:00:06.000000,0.5681818181818121,11490,5.0,11460,-0.26109660574412663
2022-09-20_07:00:08.000000,0.5681818181818121,11490,5.0,11460,-0.26109660574412663
2022-09-20_07:00:10.000000,0.5681818181818121,11500,0.625992,11460,-0.3478260869565264
2022-09-20_07:00:11.000000,0.7102272727272707,11460,0.939248,11500,0.3490401396160525
2022-09-20_07:00:15.000000,0.5681818181818121,11460,5.0,11460,0.0
2022-09-20_07:00:16.000000,0.8534850640113723,11460,5.0,11470,0.08726003490402423
2022-09-20_07:00:17.000000,0.8534850640113723,11480,0.331182,11440,-0.34843205574912606
2022-09-20_07:01:37.000000,0.5610098176718203,11630,5.0,11630,0.0
2022-09-20_07:03:00.000000,1.1363636363636465,11470,5.0,11480,0.08718395815170421
2022-09-20_07:05:23.000000,0.8645533141210304,11460,5.0,11450,-0.08726003490401313
2022-09-20_08:59:53.000000,0.5856515373352744,11280,0.851855,11320,0.35460992907800915
2022-09-20_08:59:58.000000,0.5822416302765587,11310,5.0,11310,0.0
2022-09-20_09:00:28.000000,0.7309941520467822,11300,5.0,11300,0.0
2022-09-20_09:00:53.000000,0.5830903790087438,11300,5.0,11300,0.0
2022-09-20_09:01:28.000000,1.0218978102189746,11330,5.0,11320,-0.08826125330979595
2022-09-20_09:01:31.000000,0.5822416302765587,11310,5.0,11330,0.17683465959328348
2022-09-20_09:01:43.000000,0.7299270072992803,11360,0.419656,11320,-0.35211267605633756
2022-09-20_09:02:16.000000,0.5847953216374213,11340,5.0,11350,0.08818342151675207
2022-09-20_09:03:21.000000,0.5839416058394109,11370,5.0,11370,0.0
2022-09-20_09:05:30.000000,0.5943536404160454,11100,5.0,11100,0.0
2022-09-20_09:06:20.000000,0.7429420505200568,11000,0.607652,11040,0.363636363636366
2022-09-21_07:00:15.000000,0.5633802816901401,11790,0.368078,11740,-0.42408821034775057
2022-09-21_07:00:35.000000,0.7012622720897532,11740,5.0,11760,0.17035775127767216
2022-09-21_07:16:11.000000,0.7022471910112404,11920,5.0,11930,0.0838926174496546
2022-09-26_14:27:40.000000,0.5822416302765587,11240,5.0,11250,0.0889679715302405
2022-09-29_14:19:48.000000,0.8784773060029227,11040,5.0,11040,0.0
2022-10-03_14:10:13.000000,0.5201560468140354,12380,0.966742,12340,-0.3231017770597755
2022-10-04_07:00:00.000000,0.8695652173912993,12410,0.083707,12850,3.5455278001611523
2022-10-04_07:00:01.000000,0.7425742574257432,12820,0.069718,12760,-0.46801872074883066
2022-10-04_07:00:02.000000,0.867410161090465,12850,0.174033,12720,-1.0116731517509692
2022-10-04_07:00:04.000000,0.6172839506172867,12790,0.00451,12740,-0.3909304143862369
2022-10-04_07:00:05.000000,0.6180469715698411,12810,0.812423,12850,0.31225604996096834
2022-10-04_07:00:06.000000,0.6172839506172867,12850,0.254721,12800,-0.3891050583657574
2022-10-04_07:00:07.000000,0.6172839506172867,12850,0.029223,12790,-0.46692607003890885
2022-10-04_07:00:10.000000,0.6172839506172867,12790,0.180827,12830,0.31274433150898506
2022-10-04_07:00:11.000000,0.6172839506172867,12850,0.307144,12780,-0.5447470817120603
2022-10-04_07:00:12.000000,0.6172839506172867,12750,0.026185,12800,0.39215686274509665
2022-10-04_07:00:14.000000,0.6172839506172867,12800,0.027331,12750,-0.390625
2022-10-04_07:00:15.000000,0.6172839506172867,12800,0.027331,12750,-0.390625
2022-10-04_07:00:27.000000,0.8706467661691475,12780,0.052626,12700,-0.6259780907668211
2022-10-04_07:05:16.000000,0.5006257822277815,12740,5.0,12720,-0.15698587127158659
2022-10-04_07:06:37.000000,0.5063291139240533,12610,5.0,12600,-0.07930214115781098
2022-10-04_08:03:42.000000,0.8728179551122262,12790,5.0,12780,-0.07818608287725182
2022-10-04_08:42:23.000000,0.6289308176100628,12630,5.0,12630,0.0
2022-10-06_07:00:01.000000,0.6265664160401085,12570,0.687793,12530,-0.31821797931582685
2022-10-06_07:00:02.000000,0.5012531328320913,12550,0.053679,12510,-0.3187250996015911
2022-10-07_12:30:20.000000,0.7453416149068248,12830,5.0,12830,0.0
2022-10-17_07:00:05.000000,0.5592841163311046,13630,5.0,13650,0.14673514306675628
2022-10-17_07:00:08.000000,0.5599104143336975,13650,5.0,13640,-0.073260073260073
2022-10-17_08:53:16.000000,0.6217616580310947,14850,5.0,14850,0.0
2022-10-17_08:53:21.000000,0.5181347150259086,14850,5.0,14850,0.0
2022-10-18_07:00:00.000000,0.5830903790087438,14850,0.081136,15900,7.070707070707072
2022-10-18_07:00:01.000000,0.7774538386783325,15880,0.282084,15830,-0.31486146095718315
2022-10-18_07:00:02.000000,0.5813953488372103,15900,0.248688,15850,-0.3144654088050314
2022-10-18_07:00:03.000000,0.6776379477250627,15910,0.908117,15860,-0.314267756128217
2022-10-18_07:00:04.000000,0.6776379477250627,15880,0.398209,15830,-0.31486146095718315
2022-10-18_07:00:05.000000,0.5808325266214887,15860,5.0,15830,-0.1891551071878994
2022-10-18_07:00:08.000000,0.5802707930367523,15860,0.499031,15810,-0.31525851197982124
2022-10-18_07:00:09.000000,0.6776379477250627,15850,0.597927,15900,0.3154574132492094
2022-10-18_07:00:11.000000,0.6776379477250627,15890,0.499031,15820,-0.4405286343612369
2022-10-18_07:00:13.000000,0.5797101449275255,15880,0.345978,15800,-0.5037783375314908
2022-10-18_07:00:14.000000,0.6776379477250627,15900,0.849758,15810,-0.5660377358490565
2022-10-18_07:00:15.000000,0.6776379477250627,15840,0.546547,15890,0.31565656565657463
2022-10-18_07:00:16.000000,0.5802707930367523,15880,5.0,15880,0.0
2022-10-18_07:00:18.000000,0.5797101449275255,15900,5.0,15890,-0.06289308176100628
2022-10-18_07:00:24.000000,0.7736943907156624,15880,0.305784,15830,-0.31486146095718315
2022-10-18_07:00:25.000000,0.6776379477250627,15890,0.304923,15840,-0.3146633102580232
2022-10-18_07:00:26.000000,0.5802707930367523,15880,0.305784,15830,-0.31486146095718315
2022-10-18_07:00:31.000000,0.5808325266214887,15880,5.0,15870,-0.06297229219143219
2022-10-18_12:52:18.000000,0.5208333333333259,15130,5.0,15140,0.06609385327165374
2022-10-18_13:36:52.000000,0.9493670886076,15130,5.0,15100,-0.198281559814939
2022-10-18_14:20:05.000000,0.5330490405117239,15050,5.0,15040,-0.0664451827242507
2022-10-18_14:38:04.000000,0.5382131324004336,14940,5.0,14940,0.0
2022-10-19_11:40:09.000000,0.5138746145940454,15740,5.0,15750,0.06353240152476847
2022-10-20_07:00:00.000000,0.7246376811594235,15730,0.088719,15680,-0.31786395422759295
2022-10-20_07:00:02.000000,0.5181347150259086,15620,5.0,15610,-0.0640204865556937
2022-10-20_07:00:10.000000,0.520291363163361,15580,5.0,15570,-0.06418485237483784
2022-10-20_07:00:24.000000,0.520291363163361,15540,5.0,15560,0.12870012870012104
2022-10-20_07:00:27.000000,0.6256517205422307,15550,5.0,15560,0.06430868167202064
2022-10-20_07:00:28.000000,0.6263048016701411,15560,5.0,15560,0.0
2022-10-20_07:00:29.000000,0.6263048016701411,15560,5.0,15560,0.0
2022-10-24_07:00:00.000000,0.7314524555903867,15580,0.085297,15720,0.898587933247752
2022-10-27_07:00:00.000000,0.5263157894736858,15750,0.083368,15690,-0.3809523809523818
2022-10-28_08:42:05.000000,1.0033444816053505,14970,5.0,14970,0.0
2022-10-31_09:00:06.000000,0.5580357142857206,14570,5.0,14590,0.13726835964309458
2022-11-02_14:34:10.000000,0.5599104143336975,14440,5.0,14430,-0.06925207756233176
2022-11-07_07:00:00.000000,0.5307855626327074,14550,0.082137,14770,1.5120274914089293
2022-11-16_07:00:00.000000,1.0289990645462987,16060,0.146448,16250,1.1830635118306398
2022-11-16_07:00:01.000000,0.7469654528478031,16250,0.942504,16200,-0.3076923076923088
2022-11-16_07:00:02.000000,0.6523765144454741,16250,0.942504,16200,-0.3076923076923088
2022-11-16_07:00:03.000000,0.746268656716409,16260,0.851854,16210,-0.30750307503074614
2022-11-16_07:00:05.000000,0.5586592178770999,16230,5.0,16230,0.0
2022-11-16_07:00:12.000000,0.5597014925373234,16250,5.0,16250,0.0
2022-11-16_07:00:19.000000,0.5597014925373234,16240,5.0,16260,0.12315270935960854
2022-11-16_07:00:25.000000,0.5597014925373234,16250,5.0,16280,0.18461538461538307
2022-11-16_07:00:30.000000,0.5602240896358524,16280,5.0,16250,-0.1842751842751844
2022-11-16_07:00:31.000000,0.6566604127579811,16270,5.0,16250,-0.12292562999385304
2022-11-16_14:55:14.000000,0.8264462809917328,16740,5.0,16710,-0.17921146953404632
2022-11-16_14:55:16.000000,0.7386888273314796,16710,0.452159,16650,-0.35906642728904536
2022-11-16_14:55:17.000000,0.7407407407407307,16700,5.0,16660,-0.23952095808382756
2022-11-16_14:55:20.000000,0.7407407407407307,16680,5.0,16700,0.11990407673860837
2022-11-16_14:55:21.000000,0.5555555555555536,16650,0.400586,16700,0.30030030030030463
2022-11-16_14:55:22.000000,0.9302325581395321,16660,0.398051,16710,0.30012004801920344
2022-11-16_14:55:23.000000,0.8364312267657992,16660,0.398051,16710,0.30012004801920344
2022-11-16_14:55:24.000000,0.6469500924214389,16660,0.398051,16710,0.30012004801920344
2022-11-16_14:55:25.000000,0.7400555041628065,16700,5.0,16710,0.059880239520948564
2022-11-16_14:55:28.000000,1.6651248843663202,16670,5.0,16690,0.11997600479904946
2022-11-16_14:55:29.000000,1.1029411764705843,16700,5.0,16690,-0.059880239520959666
2022-11-16_14:55:30.000000,1.0110294117646967,16710,5.0,16700,-0.05984440454817053
2022-11-16_14:55:31.000000,0.8279668813247376,16710,5.0,16690,-0.11968880909635216
2022-11-16_14:55:32.000000,1.0138248847926246,16710,5.0,16690,-0.11968880909635216
2022-11-16_14:55:34.000000,0.8294930875575979,16690,5.0,16690,0.0
2022-11-16_14:55:35.000000,0.6445672191528473,16700,5.0,16690,-0.059880239520959666
2022-11-16_14:55:36.000000,0.7359705611775569,16690,5.0,16710,0.11983223487117556
2022-11-16_14:55:37.000000,0.8264462809917328,16690,5.0,16720,0.17974835230676334
2022-11-16_14:55:38.000000,0.8264462809917328,16690,5.0,16710,0.11983223487117556
2022-11-16_14:55:39.000000,0.6422018348623881,16690,5.0,16700,0.05991611743558778
2022-11-16_14:55:40.000000,1.0091743119265972,16690,5.0,16710,0.11983223487117556
2022-11-16_14:55:44.000000,0.6386861313868675,16700,5.0,16710,0.059880239520948564
2022-11-16_14:56:45.000000,0.5434782608695565,16660,5.0,16690,0.18007202881151763
2022-11-17_07:00:01.000000,0.6392694063926951,16770,0.178455,16710,-0.3577817531305927
2022-11-17_07:00:23.000000,0.5484460694698434,16750,0.919396,16690,-0.3582089552238821
2022-11-17_07:00:24.000000,0.5484460694698434,16750,0.793147,16690,-0.3582089552238821
2022-11-17_07:00:25.000000,0.6404391582799596,16700,5.0,16720,0.11976047904191933
2022-11-17_07:04:17.000000,0.8189262966332933,16810,5.0,16840,0.17846519928614857
2022-11-17_07:13:51.000000,0.5602240896358524,16310,5.0,16280,-0.18393623543838666
2022-11-17_07:15:39.000000,0.5623242736644718,16180,0.963646,16230,0.30902348578492056
2022-11-17_07:19:21.000000,0.5714285714285783,16040,5.0,16010,-0.18703241895261513
2022-11-17_07:37:02.000000,1.520912547528508,16130,0.065191,16180,0.309981401115933
2022-11-17_07:37:48.000000,0.5628517823639712,16230,5.0,16240,0.061614294516321166
2022-11-17_07:37:59.000000,0.5639097744360999,16230,5.0,16230,0.0
2022-11-18_07:00:00.000000,0.6769825918762074,15660,5.0,15660,0.0
2022-11-18_07:00:01.000000,0.5791505791505891,15670,5.0,15660,-0.06381620931716903
2022-11-25_07:00:01.000000,0.5167958656330685,16990,5.0,17000,0.05885815185402432
2022-12-06_07:00:01.000000,0.7305936073059405,16360,5.0,16350,-0.061124694376524236
2022-12-07_14:20:20.000000,0.5586592178770999,15780,5.0,15760,-0.12674271229404788
2022-12-12_07:00:08.000000,0.620017714791854,16650,0.401948,16600,-0.30030030030030463
2022-12-14_14:53:46.000000,0.7092198581560183,17450,5.0,17420,-0.17191977077364307
2022-12-14_14:54:32.000000,0.6266786034019756,17240,0.738556,17180,-0.34802784222738303
2022-12-14_14:54:44.000000,0.540540540540535,17150,5.0,17120,-0.1749271137026276
2022-12-14_14:54:45.000000,0.6323396567299078,17120,5.0,17110,-0.05841121495326895
2022-12-15_07:00:00.000000,0.6956521739130528,17260,0.087934,17800,3.128621089223649
2022-12-15_07:00:01.000000,0.6086956521739184,17800,0.011734,17720,-0.44943820224718767
2022-12-15_07:00:02.000000,0.6071118820468291,17800,0.058423,17720,-0.44943820224718767
2022-12-15_07:00:05.000000,0.5185825410544576,17800,0.391416,17740,-0.3370786516853963
2022-12-15_07:00:06.000000,0.5185825410544576,17770,5.0,17780,0.056274620146323784
2022-12-15_07:00:08.000000,0.6914433880726101,17810,0.267215,17750,-0.3368893879842738
2022-12-15_07:00:09.000000,0.5181347150259086,17780,0.627606,17720,-0.3374578177727794
2022-12-15_07:00:13.000000,0.5172413793103514,17790,0.299085,17720,-0.393479482855541
2022-12-15_07:00:16.000000,0.6896551724137945,17810,0.563201,17750,-0.3368893879842738
2022-12-15_07:00:17.000000,0.5172413793103514,17780,0.237531,17720,-0.3374578177727794
2022-12-19_07:00:03.000000,0.5016722408026864,19020,0.01343,19080,0.3154574132492094
2022-12-19_13:04:36.000000,0.5577689243027928,20320,5.0,20340,0.09842519685039353
2022-12-20_07:00:00.000000,0.7892659826361559,20500,0.197556,20420,-0.39024390243902474
2022-12-20_07:00:01.000000,0.9508716323296307,20260,0.00155,20400,0.6910167818361401
2022-12-20_07:00:02.000000,0.8730158730158699,20420,0.20544,20260,-0.7835455435847183
2022-12-20_07:00:03.000000,0.6319115323854652,20480,0.5066,20340,-0.68359375
2022-12-20_07:00:05.000000,0.6329113924050667,20340,0.399989,20180,-0.7866273352999054
2022-12-20_07:00:06.000000,0.63341250989708,20180,0.175491,20300,0.5946481665014769
2022-12-20_07:00:07.000000,0.7131537242472286,20200,0.413255,20280,0.3960396039603964
2022-12-20_07:00:08.000000,0.7923930269413626,20280,0.085406,20160,-0.591715976331364
2022-12-20_07:00:09.000000,0.5546751188589605,20280,0.133772,20200,-0.39447731755424265
2022-12-20_07:00:11.000000,0.5546751188589605,20280,0.137787,20160,-0.591715976331364
2022-12-20_07:00:12.000000,0.794281175536149,20280,0.137787,20160,-0.591715976331364
2022-12-20_07:00:18.000000,0.6359300476947549,20180,0.256475,20100,-0.3964321110009883
2022-12-20_07:00:20.000000,0.5568814638027053,20160,0.1662,20080,-0.3968253968253954
2022-12-20_07:00:27.000000,0.6349206349206327,20080,0.256845,20160,0.3984063745019917
2022-12-20_07:01:04.000000,0.5600000000000049,20020,5.0,20000,-0.09990009990009652
2022-12-20_07:01:37.000000,0.5640612409347323,20040,0.974261,19970,-0.3493013972055925
2022-12-20_07:04:20.000000,0.7246376811594235,20080,5.0,20060,-0.09960159362549792
2022-12-20_07:04:39.000000,0.646203554119551,20040,0.785396,19970,-0.3493013972055925
2022-12-20_07:23:40.000000,0.6578947368421018,19670,5.0,19710,0.20335536349771477
2022-12-20_07:42:31.000000,0.7371007371007376,19650,5.0,19650,0.0
2022-12-30_07:54:25.000000,0.917431192660545,19950,5.0,19930,-0.1002506265664116
2023-01-02_07:00:00.000000,0.502092050209213,19530,0.091025,19720,0.9728622631848483
2023-01-02_07:00:03.000000,0.5872483221476488,19730,0.014489,19790,0.3041054232133744
2023-01-02_07:00:06.000000,0.7556675062972307,19790,5.0,19800,0.050530570995444
2023-01-02_07:00:07.000000,0.5867560771165126,19820,0.097803,19760,-0.3027245206861706
2023-01-02_07:00:08.000000,0.5025125628140614,19820,0.097803,19760,-0.3027245206861706
2023-01-02_07:00:09.000000,0.6711409395973256,19830,0.097803,19770,-0.302571860816947
2023-01-02_07:00:10.000000,0.5033557046979942,19800,5.0,19800,0.0
2023-01-02_07:00:12.000000,0.5867560771165126,19820,0.820221,19740,-0.4036326942482349
2023-01-05_14:01:13.000000,0.6481481481481532,18820,5.0,18800,-0.10626992561104665
2023-01-05_14:01:38.000000,0.561272217025266,18730,0.173642,18670,-0.32034169781099964
2023-01-05_14:01:57.000000,0.5660377358490676,18700,5.0,18660,-0.21390374331551332
2023-01-05_14:01:58.000000,0.6610009442870712,18690,5.0,18660,-0.16051364365970988
2023-01-05_14:01:59.000000,0.9469696969697017,18700,5.0,18650,-0.2673796791443861
2023-01-05_14:02:00.000000,0.5671077504725952,18700,5.0,18670,-0.16042780748662944
2023-01-05_14:02:59.000000,0.7497656982192957,18530,0.597381,18590,0.3237992444684368
2023-01-05_14:03:32.000000,0.561797752808979,18660,0.242043,18600,-0.3215434083601254
2023-01-05_14:08:01.000000,0.570884871550903,18470,5.0,18430,-0.21656740660530582
2023-01-06_07:00:02.000000,0.6641366223908873,18140,0.005071,18200,0.330760749724357
2023-01-06_07:00:16.000000,0.6698564593301537,18110,0.515567,18050,-0.331308669243513
2023-01-06_07:01:10.000000,1.0679611650485477,17900,5.0,17900,0.0
2023-01-06_07:01:22.000000,0.8746355685131268,17920,5.0,17910,-0.05580357142856984
2023-01-10_14:51:08.000000,1.0548523206751037,17010,5.0,17010,0.0
2023-01-11_07:00:02.000000,0.520291363163361,17080,0.772438,17140,0.3512880562060783
2023-01-11_07:00:03.000000,0.520291363163361,17120,0.190103,17180,0.3504672897196359
2023-01-11_07:00:05.000000,0.520291363163361,17180,5.0,17200,0.11641443538998875
2023-01-11_11:30:23.000000,0.5512679162072764,16500,0.433474,16450,-0.303030303030305
2023-01-11_11:49:23.000000,0.5592841163311046,16420,5.0,16420,0.0
2023-01-12_07:00:00.000000,0.561797752808979,16210,0.085026,16510,1.8507094386181366
2023-01-12_07:00:01.000000,1.1235955056179803,16530,0.013056,16610,0.483968542044777
2023-01-12_07:00:02.000000,1.0101010101010166,16630,0.048188,16550,-0.48105832832230355
2023-01-12_07:00:03.000000,1.2318029115341522,16600,0.703104,16650,0.3012048192771122
2023-01-12_07:00:04.000000,1.0055865921787754,16600,0.703104,16650,0.3012048192771122
2023-01-12_07:00:05.000000,1.0055865921787754,16680,0.383234,16620,-0.3597122302158251
2023-01-12_07:00:06.000000,0.7803790412486133,16650,0.183195,16700,0.30030030030030463
2023-01-12_07:00:08.000000,0.5586592178770999,16640,0.591513,16590,-0.30048076923077094
2023-01-12_07:00:09.000000,0.8948545861297452,16680,0.144175,16620,-0.3597122302158251
2023-01-12_07:00:11.000000,0.6696428571428603,16680,0.165548,16610,-0.4196642685851293
2023-01-12_07:00:13.000000,0.6696428571428603,16650,5.0,16670,0.1201201201201263
2023-01-12_07:00:14.000000,0.557413600891854,16690,0.380561,16610,-0.47932893948472444
2023-01-12_10:26:20.000000,0.7134363852556502,15700,5.0,15700,0.0
2023-01-12_10:35:09.000000,0.6038647342995196,15310,0.592161,15360,0.3265839320705455
2023-01-12_11:17:40.000000,0.5820721769499437,15840,5.0,15840,0.0
2023-01-12_11:17:41.000000,0.5820721769499437,15840,5.0,15830,-0.06313131313131493
2023-01-12_11:19:00.000000,0.5813953488372103,15840,5.0,15850,0.06313131313131493
2023-01-12_11:19:06.000000,0.6968641114982521,15850,5.0,15840,-0.06309148264984632
2023-01-12_11:19:23.000000,0.5780346820809301,15860,5.0,15860,0.0
2023-01-12_11:19:36.000000,0.694444444444442,15850,5.0,15850,0.0
2023-01-13_07:12:02.000000,0.5549389567147678,16490,5.0,16500,0.06064281382656134
2023-01-13_07:12:13.000000,0.556792873051215,16450,5.0,16440,-0.06079027355623268
2023-01-13_07:13:02.000000,0.6637168141592875,16500,5.0,16520,0.12121212121212199
2023-01-13_07:18:26.000000,0.5506607929515406,16540,5.0,16570,0.1813784764207904
2023-01-13_07:34:33.000000,0.540540540540535,16820,5.0,16820,0.0
2023-01-13_07:34:36.000000,0.5399568034557323,16820,5.0,16830,0.05945303210463937
2023-01-13_14:24:22.000000,0.6659267480577213,16340,5.0,16330,-0.0611995104039198
2023-01-17_07:00:10.000000,0.5165289256198413,17270,0.941084,17210,-0.347423277359582
2023-01-17_07:00:16.000000,0.5165289256198413,17270,0.606144,17210,-0.347423277359582
2023-01-17_14:56:07.000000,0.5081300813008172,17510,5.0,17510,0.0
2023-01-17_14:56:36.000000,0.50761421319796,17500,5.0,17510,0.05714285714286671
2023-01-18_07:00:02.000000,0.7172131147541005,17540,0.38558,17480,-0.34207525655644
2023-01-19_07:00:00.000000,0.5213764337852034,17320,0.002038,17260,-0.34642032332563577
2023-01-20_07:00:02.000000,0.6172839506172867,17640,5.0,17650,0.05668934240363743
2023-01-23_07:00:00.000000,0.5797101449275255,18720,0.095769,19140,2.2435897435897356
2023-01-23_07:00:10.000000,0.5791505791505891,19190,0.029911,19120,-0.36477331943720603
2023-01-23_14:50:38.000000,0.6896551724137945,18560,5.0,18520,-0.21551724137931494
2023-01-25_10:29:56.000000,0.5144032921810648,17820,5.0,17800,-0.11223344556677839
2023-01-27_07:00:02.000000,0.756756756756749,16850,0.589561,16910,0.3560830860534159
2023-01-30_07:00:01.000000,0.5512679162072764,16710,0.905635,16770,0.35906642728904536
2023-02-01_13:57:15.000000,0.5813953488372103,15900,5.0,15890,-0.06289308176100628
2023-02-02_07:00:00.000000,0.5938242280284944,15640,0.07665,15560,-0.5115089514066473
2023-02-02_07:00:01.000000,1.0701545778834642,15570,0.01068,15500,-0.4495825305073864
2023-02-02_07:00:03.000000,0.8313539192398967,15570,0.182914,15620,0.32113037893384266
2023-02-02_07:00:05.000000,0.591715976331364,15630,0.000894,15580,-0.31989763275751537
2023-02-02_07:00:06.000000,0.5910165484633634,15620,0.923666,15570,-0.3201024327784907
2023-02-02_08:27:46.000000,0.5854800936768045,15720,5.0,15740,0.12722646310432406
2023-02-02_13:08:54.000000,1.262626262626254,14500,5.0,14480,-0.13793103448276334
2023-02-02_13:11:27.000000,0.5063291139240533,14540,0.246683,14590,0.3438789546079679
2023-02-02_13:23:48.000000,0.6265664160401085,14680,5.0,14670,-0.06811989100817817
2023-02-02_13:52:01.000000,0.5006257822277815,14840,5.0,14810,-0.20215633423180668
2023-02-03_07:00:00.000000,0.7211538461538547,15020,0.08318,15120,0.665778961384822
2023-02-06_07:00:00.000000,1.2643678160919603,16520,0.081678,16030,-2.9661016949152574
2023-02-06_07:00:01.000000,2.4110218140068973,15860,0.070125,16090,1.4501891551071955
2023-02-06_07:00:02.000000,2.1764032073310347,15900,0.043066,15960,0.37735849056603765
2023-02-06_07:00:03.000000,1.0309278350515427,15980,0.080979,15930,-0.31289111389236623
2023-02-06_07:00:04.000000,0.572737686139746,15900,0.16837,15980,0.5031446540880502
2023-02-06_07:00:05.000000,0.8018327605956443,15990,0.651998,15920,-0.43777360850532077
2023-02-06_07:00:06.000000,1.0309278350515427,15810,0.073349,15950,0.8855154965211831
2023-02-06_07:00:08.000000,0.6849315068493178,15850,0.11234,15930,0.5047318611987484
2023-02-06_07:00:10.000000,0.8000000000000007,15980,0.130832,15910,-0.43804755944931717
2023-02-06_07:00:12.000000,1.0285714285714231,15850,0.154275,15950,0.6309148264984188
2023-02-06_07:00:13.000000,1.2571428571428678,15870,0.429282,15990,0.7561436672967936
2023-02-06_07:00:14.000000,1.4857142857142902,15980,0.096667,15920,-0.3754693366708417
2023-02-06_07:00:15.000000,1.0309278350515427,15880,0.434799,15960,0.5037783375314797
2023-02-06_07:00:16.000000,1.0285714285714231,15960,0.194617,15860,-0.6265664160400974
2023-02-06_07:00:21.000000,1.2614678899082632,15950,0.33173,15870,-0.5015673981191182
2023-02-06_07:00:22.000000,1.2614678899082632,15930,0.540808,15880,-0.3138731952291307
2023-02-06_07:00:24.000000,0.9142857142857119,15860,0.337628,15950,0.5674653215636871
2023-02-06_07:00:31.000000,0.9111617312072884,15950,0.269114,16000,0.31347962382444194
2023-02-06_07:00:34.000000,0.6779661016949046,15950,0.280764,16000,0.31347962382444194
2023-02-06_07:00:35.000000,0.7918552036199067,16000,0.426411,15950,-0.31250000000000444
2023-02-06_07:00:37.000000,0.5694760820045497,15950,0.154628,16000,0.31347962382444194
2023-02-06_07:00:38.000000,0.5694760820045497,15950,0.7623,16000,0.31347962382444194
2023-02-06_07:00:46.000000,1.0285714285714231,15950,0.593851,16000,0.31347962382444194
2023-02-06_07:00:47.000000,1.1428571428571344,15950,0.593851,16000,0.31347962382444194
2023-02-06_07:00:48.000000,1.1428571428571344,15960,0.546769,16010,0.31328320802004317
2023-02-06_07:00:49.000000,0.6825938566553003,15960,0.196349,16020,0.3759398496240518
2023-02-06_07:00:57.000000,0.9132420091324311,15960,0.296985,16010,0.31328320802004317
2023-02-06_07:01:11.000000,0.5668934240362855,15960,5.0,15970,0.06265664160400863
2023-02-06_07:01:12.000000,0.6802721088435382,15970,5.0,15970,0.0
2023-02-06_09:39:33.000000,0.5592841163311046,16210,5.0,16200,-0.061690314620599374
2023-02-06_10:05:44.000000,0.5649717514124353,16140,0.962446,16060,-0.495662949194553
2023-02-06_12:40:05.000000,0.5747126436781658,15700,5.0,15700,0.0
2023-02-06_14:55:28.000000,1.0227272727272751,16190,5.0,16180,-0.061766522544781655
2023-02-06_14:57:49.000000,2.5404157043879882,16060,5.0,16080,0.12453300124533051
2023-02-06_14:58:49.000000,0.7954545454545547,16130,5.0,16150,0.12399256044637319
2023-02-07_07:00:01.000000,0.7954545454545547,16070,0.18597,16120,0.3111387678904842
2023-02-07_07:00:02.000000,1.371428571428579,16080,0.271246,16030,-0.3109452736318463
2023-02-07_07:00:03.000000,1.371428571428579,16100,0.329049,16040,-0.3726708074534124
2023-02-07_07:00:18.000000,0.7945516458569779,16040,5.0,16010,-0.18703241895261513
2023-02-07_07:01:08.000000,0.6896551724137945,16000,5.0,15960,-0.24999999999999467
2023-02-07_07:15:24.000000,0.5747126436781658,15780,5.0,15780,0.0
2023-02-07_07:17:48.000000,0.5924170616113722,15650,0.891845,15710,0.383386581469658
2023-02-07_07:34:48.000000,1.1750881316098694,15690,5.0,15710,0.1274697259400881
2023-02-07_07:40:14.000000,0.5820721769499437,15750,5.0,15760,0.06349206349205438
2023-02-07_07:45:52.000000,0.5760368663594528,15850,5.0,15860,0.06309148264984632
2023-02-07_08:21:06.000000,0.5834305717619559,15750,5.0,15740,-0.06349206349206549
2023-02-07_08:49:41.000000,0.5952380952380931,15610,5.0,15610,0.0
2023-02-07_10:38:19.000000,1.0962241169305775,15200,5.0,15210,0.06578947368420796
2023-02-07_11:05:05.000000,0.6024096385542244,15240,5.0,15240,0.0
2023-02-07_11:58:22.000000,0.6226650062266526,14650,5.0,14640,-0.06825938566552558
2023-02-07_12:09:53.000000,0.743494423791824,14790,5.0,14780,-0.06761325219742931
2023-02-07_14:51:51.000000,0.7481296758104827,14710,5.0,14700,-0.06798096532970588
2023-02-08_07:02:10.000000,1.262626262626254,14440,5.0,14430,-0.06925207756233176
2023-02-08_07:03:46.000000,0.5095541401273884,14240,5.0,14200,-0.2808988764044895
2023-02-08_07:05:41.000000,0.50761421319796,14160,5.0,14170,0.07062146892655718
2023-02-08_07:05:48.000000,0.8883248730964466,14160,5.0,14180,0.14124293785311437
2023-02-08_07:05:54.000000,1.2722646310432628,14160,5.0,14160,0.0
2023-02-08_07:06:51.000000,0.5025125628140614,14360,5.0,14360,0.0
2023-02-08_07:06:54.000000,0.6273525721455453,14360,5.0,14340,-0.139275766016711
2023-02-08_07:06:56.000000,0.5025125628140614,14360,5.0,14370,0.0696378830083555
2023-02-08_07:07:00.000000,0.6250000000000089,14340,0.464538,14390,0.34867503486750717
2023-02-08_07:07:04.000000,0.6273525721455453,14400,0.267584,14450,0.3472222222222321
2023-02-08_07:07:44.000000,0.8860759493670933,14240,5.0,14230,-0.0702247191011196
2023-02-08_07:08:20.000000,1.2690355329949332,14230,0.265842,14180,-0.35137034434293835
2023-02-08_07:08:30.000000,1.2755102040816313,14150,0.08745,14200,0.35335689045936647
2023-02-08_07:08:31.000000,0.8928571428571397,14170,0.312975,14220,0.3528581510232831
2023-02-08_07:09:29.000000,0.5069708491761693,14130,5.0,14120,-0.07077140835102247
2023-02-08_07:09:30.000000,0.7653061224489832,14130,5.0,14110,-0.14154281670205604
2023-02-08_07:11:34.000000,0.8905852417302906,14030,5.0,14020,-0.07127583749109156
2023-02-08_07:11:59.000000,0.5134788189987249,13970,5.0,13960,-0.07158196134574579
2023-02-08_07:42:01.000000,0.7702182284980763,13950,0.1764,13900,-0.35842293906810374
2023-02-08_07:42:02.000000,0.8997429305912519,13900,0.016409,13850,-0.3597122302158251
2023-02-08_07:42:03.000000,0.5141388174807249,13900,0.352036,13840,-0.4316546762589968
2023-02-08_07:42:04.000000,0.6418485237484006,13900,0.263085,13800,-0.7194244604316502
2023-02-08_07:42:05.000000,0.512820512820511,13900,0.353539,13800,-0.7194244604316502
2023-02-08_07:42:06.000000,0.8974358974358942,13900,0.06241,13800,-0.7194244604316502
2023-02-08_07:42:23.000000,0.5161290322580614,13800,0.607212,13730,-0.5072463768115987
2023-02-15_07:00:04.000000,0.6984866123399325,15600,0.625213,15680,0.512820512820511
2023-02-15_07:00:05.000000,0.6984866123399325,15680,0.093997,15600,-0.5102040816326481
2023-02-15_07:00:06.000000,0.6984866123399325,15690,0.228178,15600,-0.5736137667303964
2023-02-15_07:00:07.000000,0.6984866123399325,15500,0.064571,15690,1.2258064516128986
2023-02-15_07:00:08.000000,0.6984866123399325,15600,0.041939,15550,-0.3205128205128194
2023-02-15_07:00:10.000000,0.6976744186046435,15600,0.13441,15700,0.6410256410256387
2023-02-15_07:00:11.000000,0.8149010477299212,15700,0.06617,15600,-0.6369426751592355
2023-02-15_07:00:12.000000,1.0477299185098987,15690,0.025738,15600,-0.5736137667303964
2023-02-15_07:00:13.000000,0.578703703703698,15600,0.012693,15700,0.6410256410256387
2023-02-15_07:00:14.000000,1.0465116279069875,15700,0.86987,15650,-0.31847133757961776
2023-02-15_07:00:15.000000,1.1627906976744207,15660,0.912202,15600,-0.3831417624521105
2023-02-15_07:00:28.000000,0.9280742459396807,15600,0.084868,15550,-0.3205128205128194
2023-02-15_07:00:29.000000,0.6976744186046435,15620,0.018604,15690,0.4481434058898781
2023-02-15_07:00:30.000000,1.1627906976744207,15600,0.069476,15650,0.3205128205128194
2023-02-15_07:00:31.000000,0.5813953488372103,15700,0.09705,15650,-0.31847133757961776
2023-02-15_07:00:32.000000,0.6976744186046435,15650,0.092517,15700,0.31948881789136685
2023-02-15_07:00:37.000000,0.9280742459396807,15580,0.055279,15640,0.38510911424902705
2023-02-15_07:00:38.000000,0.6928406466512715,15690,0.019175,15640,-0.31867431485022024
2023-02-15_07:00:40.000000,0.6928406466512715,15610,0.011153,15660,0.32030749519538215
2023-02-15_07:00:48.000000,0.5793742757821629,15600,0.408219,15550,-0.3205128205128194
2023-02-15_07:00:52.000000,0.5807200929152101,15590,0.473086,15530,-0.38486209108402614
2023-02-15_07:00:54.000000,0.5793742757821629,15620,0.662309,15560,-0.3841229193341844
2023-02-15_07:00:56.000000,0.8149010477299212,15570,0.780804,15520,-0.32113037893384266
2023-02-15_07:00:57.000000,0.8149010477299212,15510,0.881792,15570,0.3868471953578423
2023-02-15_07:00:59.000000,0.5820721769499437,15560,0.179865,15510,-0.32133676092545027
2023-02-15_07:01:15.000000,1.0465116279069875,15590,0.018203,15540,-0.3207184092366866
2023-02-15_07:01:16.000000,0.5813953488372103,15560,0.38084,15510,-0.32133676092545027
2023-02-15_07:01:17.000000,0.5820721769499437,15590,0.38084,15530,-0.38486209108402614
2023-02-15_07:01:19.000000,1.2805587892898762,15580,0.38084,15530,-0.3209242618742003
2023-02-15_07:01:20.000000,1.1627906976744207,15580,0.38084,15530,-0.3209242618742003
2023-02-15_07:01:23.000000,0.8139534883720989,15550,0.123377,15600,0.3215434083601254
2023-02-15_07:01:25.000000,0.5780346820809301,15600,0.359254,15550,-0.3205128205128194
2023-02-15_07:01:27.000000,0.5780346820809301,15570,5.0,15600,0.19267822736031004
2023-02-15_07:01:28.000000,0.5780346820809301,15580,5.0,15600,0.12836970474967568
2023-02-15_07:01:29.000000,0.694444444444442,15600,0.114633,15550,-0.3205128205128194
2023-02-15_07:01:30.000000,0.8111239860950192,15550,0.845212,15600,0.3215434083601254
2023-02-15_07:01:33.000000,0.5800464037122977,15600,0.017039,15550,-0.3205128205128194
2023-02-15_07:01:41.000000,0.5813953488372103,15500,0.289659,15560,0.3870967741935516
2023-02-15_07:01:42.000000,0.5813953488372103,15560,5.0,15540,-0.12853470437017567
2023-02-15_07:18:12.000000,0.7954545454545547,15860,5.0,15860,0.0
2023-02-15_07:18:14.000000,0.6802721088435382,15860,5.0,15870,0.06305170239595537
2023-02-15_07:18:15.000000,1.2514220705347023,15870,5.0,15840,-0.1890359168241984
2023-02-15_07:18:17.000000,1.0215664018161208,15860,5.0,15840,-0.12610340479193294
2023-02-15_07:18:18.000000,0.9070294784580435,15860,5.0,15860,0.0
2023-02-15_07:23:56.000000,0.5656108597285048,15980,5.0,15980,0.0
2023-02-15_07:23:57.000000,0.6787330316742057,15980,5.0,15980,0.0
2023-02-15_07:23:59.000000,0.6787330316742057,15980,5.0,15980,0.0
2023-02-16_07:00:01.000000,0.7246376811594235,17330,0.093828,17390,0.34622042700518385
2023-02-16_07:00:02.000000,1.1434511434511352,17340,0.301821,17400,0.34602076124568004
2023-02-16_07:00:04.000000,0.520291363163361,17400,0.508462,17340,-0.34482758620689724
2023-02-16_07:00:06.000000,0.520291363163361,17390,0.894549,17330,-0.34502587694077436
2023-02-16_07:00:07.000000,0.5197505197505281,17360,5.0,17410,0.2880184331797153
2023-02-16_07:00:09.000000,0.8316008316008316,17400,0.255414,17340,-0.34482758620689724
2023-02-16_07:00:10.000000,0.7284079084287187,17400,0.255414,17340,-0.34482758620689724
2023-02-16_07:00:11.000000,0.7284079084287187,17400,0.152126,17340,-0.34482758620689724
2023-02-16_07:00:12.000000,0.5197505197505281,17410,0.09762,17340,-0.40206777713956976
2023-02-16_07:00:14.000000,0.6224066390041472,17410,0.722485,17350,-0.3446295232624963
2023-02-16_07:00:19.000000,0.5181347150259086,17390,5.0,17390,0.0
2023-02-16_07:01:54.000000,0.5186721991701226,17200,5.0,17230,0.17441860465117198
2023-02-16_07:02:01.000000,0.5186721991701226,17240,5.0,17270,0.17401392111369152
2023-02-16_07:03:00.000000,0.5192107995846351,17310,5.0,17340,0.17331022530329143
2023-02-16_07:03:04.000000,0.520291363163361,17340,5.0,17330,-0.057670126874276306
2023-02-16_07:03:05.000000,0.5186721991701226,17340,5.0,17350,0.057670126874276306
2023-02-16_07:04:27.000000,0.7322175732217495,17310,5.0,17320,0.057770075101104545
2023-02-16_07:05:06.000000,0.9473684210526301,17310,5.0,17310,0.0
2023-02-16_07:05:16.000000,0.5224660397074254,17320,5.0,17340,0.11547344110853786
2023-02-16_07:05:17.000000,0.8350730688935215,17320,5.0,17340,0.11547344110853786
2023-02-16_07:05:18.000000,0.7306889352818313,17320,5.0,17320,0.0
2023-02-16_07:05:19.000000,0.8342022940563076,17310,5.0,17350,0.23108030040439598
2023-02-16_07:05:32.000000,0.520291363163361,17350,5.0,17330,-0.11527377521614035
2023-02-16_07:05:34.000000,0.6256517205422307,17340,5.0,17330,-0.057670126874276306
2023-02-16_07:05:38.000000,0.6250000000000089,17320,5.0,17320,0.0
2023-02-16_07:05:47.000000,1.0449320794148287,17320,5.0,17310,-0.05773672055426893
2023-02-16_07:06:32.000000,0.6309148264984188,17310,5.0,17310,0.0
2023-02-16_07:06:41.000000,0.5246589716684236,17310,5.0,17300,-0.05777007510109344
2023-02-16_07:06:58.000000,0.6295907660021083,17260,5.0,17260,0.0
2023-02-16_07:07:20.000000,0.6295907660021083,17180,5.0,17180,0.0
2023-02-16_07:07:29.000000,0.5224660397074254,17190,5.0,17210,0.11634671320535084
2023-02-16_07:07:31.000000,0.5224660397074254,17210,5.0,17200,-0.05810575246949501
2023-02-16_07:07:44.000000,0.6276150627614996,17190,5.0,17180,-0.05817335660267542
2023-02-16_07:07:45.000000,0.6276150627614996,17180,5.0,17180,0.0
2023-02-16_07:07:51.000000,0.8385744234800763,17170,5.0,17180,0.058241118229473976
2023-02-16_07:08:19.000000,0.525762355415349,17100,5.0,17080,-0.11695906432748204
2023-02-16_07:09:35.000000,0.5302226935312904,17030,0.211562,16970,-0.35231943628890594
2023-02-16_07:09:37.000000,0.5313496280552554,16990,5.0,16960,-0.17657445556209517
2023-02-16_07:10:02.000000,0.6369426751592355,16700,0.125104,16760,0.359281437125758
2023-02-16_07:10:36.000000,0.5319148936170137,16750,5.0,16760,0.05970149253731183
2023-02-16_07:10:39.000000,0.5324813631522929,16750,5.0,16770,0.11940298507462366
2023-02-16_07:10:59.000000,0.5336179295624355,16760,5.0,16760,0.0
2023-02-16_07:11:36.000000,0.7526881720430145,16770,5.0,16770,0.0
2023-02-16_07:11:37.000000,0.6430868167202508,16770,5.0,16760,-0.05963029218842841
2023-02-16_07:11:50.000000,0.6369426751592355,16780,0.970876,16840,0.35756853396902155
2023-02-16_07:11:55.000000,0.7438894792773709,16820,5.0,16840,0.11890606420927874
2023-02-16_07:11:59.000000,0.5296610169491567,16840,5.0,16840,0.0
2023-02-16_07:12:02.000000,1.0638297872340496,16840,5.0,16840,0.0
2023-02-16_07:17:52.000000,0.5252100840336116,17080,5.0,17100,0.11709601873535203
2023-02-16_07:18:06.000000,0.524109014675056,17130,5.0,17120,-0.058377116170460486
2023-02-16_07:18:08.000000,0.524109014675056,17120,5.0,17130,0.05841121495326895
2023-02-16_08:00:25.000000,0.5324813631522929,16880,5.0,16890,0.05924170616113944
2023-02-16_08:01:35.000000,0.967741935483879,16830,5.0,16830,0.0
2023-02-16_08:04:09.000000,0.5417118093174356,16660,5.0,16660,0.0
2023-02-16_08:24:00.000000,0.875273522975939,16250,0.06901,16200,-0.3076923076923088
2023-02-16_08:24:07.000000,0.990099009900991,16200,0.612511,16250,0.30864197530864335
2023-02-16_08:24:34.000000,0.8888888888888946,16210,0.89308,16260,0.30845157310301907
2023-02-16_08:24:36.000000,0.6659267480577213,16220,0.894213,16270,0.30826140567201676
2023-02-16_08:24:41.000000,0.7777777777777883,16230,5.0,16230,0.0
2023-02-16_08:24:43.000000,0.5549389567147678,16220,5.0,16230,0.06165228113439447
2023-02-16_08:25:35.000000,0.8879023307436285,16280,0.141437,16330,0.30712530712531105
2023-02-16_08:25:36.000000,0.6659267480577213,16320,5.0,16340,0.1225490196078427
2023-02-16_08:25:38.000000,0.6659267480577213,16310,0.435231,16360,0.3065603923972926
2023-02-16_08:25:41.000000,0.6629834254143541,16340,5.0,16340,0.0
2023-02-16_08:25:53.000000,0.6607929515418443,16310,5.0,16340,0.18393623543837556
2023-02-16_08:25:55.000000,0.659340659340657,16300,0.979991,16350,0.30674846625766694
2023-02-16_08:37:11.000000,0.879120879120876,16330,5.0,16320,-0.06123698714023407
2023-02-16_10:00:11.000000,0.5476451259583737,16190,5.0,16190,0.0
2023-02-17_07:00:18.000000,0.5599104143336975,15890,0.288203,15830,-0.37759597230963005
2023-02-28_07:00:00.000000,0.5055611729019249,17400,0.074,17460,0.34482758620688614
2023-02-28_07:00:01.000000,0.5055611729019249,17430,0.058109,17490,0.344234079173833
2023-02-28_07:00:05.000000,0.5070993914807254,17480,5.0,17440,-0.22883295194507935
2023-03-01_07:00:13.000000,0.5035246727089548,17580,0.325153,17520,-0.34129692832765013
2023-03-01_07:00:15.000000,0.5035246727089548,17560,0.946873,17500,-0.3416856492027387
2023-03-03_12:26:08.000000,0.5159958720330149,17010,5.0,16980,-0.17636684303351524
2023-03-03_12:32:15.000000,0.508646998982698,17130,0.665309,17190,0.3502626970227629
2023-03-06_07:00:01.000000,0.6048387096774244,17730,0.035963,17670,-0.33840947546531774
2023-03-07_07:00:00.000000,0.8310249307479145,18760,0.085286,18930,0.9061833688699394
2023-03-07_07:00:01.000000,0.6451612903225712,19070,0.001172,18970,-0.5243838489774499
2023-03-07_07:00:02.000000,0.6445672191528473,19050,0.878439,18990,-0.31496062992125706
2023-03-08_14:55:16.000000,0.5154639175257714,19930,5.0,19940,0.050175614651282174
2023-03-08_14:55:53.000000,0.5132591958939337,20060,0.124108,20140,0.3988035892322994
2023-03-08_14:57:42.000000,0.5167958656330685,20220,5.0,20200,-0.09891196834816984
2023-03-09_07:00:00.000000,0.5150214592274605,20120,0.096514,19760,-1.7892644135188873
2023-03-09_07:00:01.000000,0.8591065292096189,18790,5.0,18790,0.0
2023-03-09_07:00:02.000000,0.9458297506448776,18790,5.0,18790,0.0
2023-03-09_07:00:03.000000,0.8598452278589797,18790,5.0,18790,0.0
2023-03-09_07:00:05.000000,0.6861063464836947,18790,5.0,18790,0.0
2023-03-09_07:00:06.000000,0.6013745704467333,18790,5.0,18790,0.0
2023-03-09_07:00:07.000000,0.6878761822871837,18790,5.0,18790,0.0
2023-03-09_07:00:12.000000,0.5154639175257714,18790,5.0,18790,0.0
2023-03-09_07:00:22.000000,0.5185825410544576,18790,5.0,18790,0.0
2023-03-09_07:00:27.000000,0.6071118820468291,18790,5.0,18790,0.0
2023-03-09_07:00:28.000000,0.6071118820468291,18790,5.0,18790,0.0
2023-03-09_07:00:47.000000,0.5244755244755206,18790,5.0,18790,0.0
2023-03-09_07:01:11.000000,0.5328596802841812,18790,5.0,18790,0.0
2023-03-09_07:01:12.000000,0.9856630824372825,18790,5.0,18790,0.0
2023-03-09_07:01:17.000000,0.7194244604316502,18790,5.0,18790,0.0
2023-03-09_07:01:18.000000,0.629496402877705,18790,5.0,18790,0.0
2023-03-09_07:01:25.000000,0.5376344086021501,18790,5.0,18790,0.0
2023-03-09_07:01:26.000000,0.5376344086021501,18790,5.0,18790,0.0
2023-03-09_07:03:12.000000,0.6145741878841093,18790,5.0,18790,0.0
2023-03-10_07:00:16.000000,0.519031141868509,19640,5.0,19640,0.0
2023-03-13_07:01:01.000000,0.592718035563089,19510,5.0,19520,0.05125576627371675
2023-03-13_07:04:21.000000,0.8576329331046351,19320,5.0,19330,0.051759834368536595
2023-03-13_07:05:23.000000,0.5154639175257714,19240,5.0,19280,0.20790020790020236
2023-03-14_07:00:00.000000,0.538599640933568,18770,0.123827,18710,-0.3196590303676028
2023-03-15_07:00:02.000000,0.536193029490617,18700,0.347188,18800,0.5347593582887722
2023-03-15_11:13:49.000000,1.2867647058823595,18480,5.0,18460,-0.10822510822511289
2023-03-15_11:29:05.000000,0.5504587155963359,18380,5.0,18370,-0.05440696409140244
2023-03-15_11:32:01.000000,0.6433823529411686,18310,5.0,18320,0.05461496450027692
2023-03-20_07:00:01.000000,0.5859375,18140,5.0,18130,-0.055126791620729865
2023-03-20_07:00:10.000000,0.5888125613346507,18160,5.0,18160,0.0
2023-03-20_07:00:19.000000,0.5899705014749346,18160,5.0,18160,0.0
2023-03-20_07:00:20.000000,0.6889763779527547,18140,5.0,18140,0.0
2023-03-20_07:00:40.000000,0.591715976331364,18140,5.0,18140,0.0
2023-03-20_07:07:31.000000,1.2645914396887115,18290,5.0,18300,0.054674685620548225
2023-04-19_14:49:38.000000,0.5703422053231932,18550,5.0,18540,-0.05390835579515141
2023-04-20_07:00:00.000000,0.6829268292682933,18370,0.083111,18000,-2.0141535111595
2023-04-20_07:00:01.000000,0.8780487804878057,18020,0.758024,18080,0.33296337402886067
2023-04-20_07:00:04.000000,0.5830903790087438,18100,0.124797,18000,-0.5524861878453025
2023-04-20_07:00:07.000000,0.5830903790087438,18000,0.075159,18100,0.5555555555555536
2023-04-27_07:00:00.000000,0.5117707267144223,16830,0.083437,16960,0.7724301841948833
2023-04-27_07:00:01.000000,0.5112474437627856,16920,5.0,16900,-0.11820330969266601
2023-04-27_07:00:02.000000,0.5102040816326481,16930,5.0,16910,-0.11813349084465186
2023-04-28_14:51:19.000000,1.2834224598930577,16040,0.711025,16090,0.31172069825435855
2023-05-02_07:00:02.000000,0.5268703898840821,16160,0.476628,16110,-0.30940594059405413
2023-05-04_07:00:24.000000,0.5364806866952732,15500,5.0,15500,0.0
2023-05-09_14:58:38.000000,0.5797101449275255,16740,5.0,16750,0.059737156511352474
2023-05-10_13:07:49.000000,0.5660377358490676,16970,5.0,16980,0.058927519151441565
2023-05-10_14:03:58.000000,0.5714285714285783,16830,5.0,16830,0.0
2023-05-10_14:06:07.000000,0.6647673314339908,16850,5.0,16850,0.0
2023-05-11_08:33:17.000000,0.5300353356890497,18030,5.0,18050,0.11092623405435376
2023-05-11_10:37:01.000000,0.5347593582887722,17930,5.0,17930,0.0
2023-05-11_11:10:57.000000,0.9666080843585334,18090,5.0,18110,0.11055831951354289
2023-05-11_11:11:02.000000,0.5249343832020914,18110,5.0,18120,0.0552181115405892
2023-05-11_11:11:19.000000,0.5244755244755206,18170,0.594476,18230,0.3302146395156802
2023-05-11_11:11:57.000000,0.6129597197898518,18360,0.073215,18300,-0.32679738562091387
2023-05-12_07:00:01.000000,0.588235294117645,19230,0.004267,19290,0.31201248049921304
2023-05-12_07:00:02.000000,0.588235294117645,19240,0.148441,19300,0.31185031185030354
2023-05-12_07:00:03.000000,0.5037783375314797,19230,0.128352,19300,0.3640145605824152
2023-05-12_07:00:04.000000,0.5037783375314797,19300,0.718117,19240,-0.31088082901554737
2023-05-12_07:00:10.000000,0.5867560771165126,19320,0.176996,19260,-0.31055900621117516
2023-05-12_07:00:12.000000,0.585774058577404,19260,5.0,19270,0.05192107995846129
2023-05-12_07:00:24.000000,0.7525083612040184,19240,0.293437,19300,0.31185031185030354
2023-05-12_07:00:25.000000,0.8389261744966348,19250,0.293437,19310,0.31168831168830735
2023-05-12_07:00:26.000000,0.9228187919463116,19250,0.293437,19310,0.31168831168830735
2023-05-12_07:00:51.000000,0.5033557046979942,19260,0.332393,19200,-0.31152647975077885
2023-05-12_07:00:59.000000,0.5037783375314797,19220,5.0,19250,0.15608740894901274
2023-05-12_07:01:43.000000,0.5877413937867448,19250,5.0,19220,-0.15584415584415368
2023-05-12_07:06:47.000000,0.6552006552006606,19530,5.0,19510,-0.10240655401945187
2023-05-12_07:09:39.000000,0.5012531328320913,19170,5.0,19180,0.052164840897228615
2023-05-12_07:18:06.000000,0.6711409395973256,19050,5.0,19050,0.0
2023-05-12_13:32:09.000000,1.0000000000000009,19620,5.0,19630,0.05096839959224386
2023-05-12_13:50:08.000000,0.5110732538330387,19110,5.0,19100,-0.05232862375719183
2023-05-16_07:07:19.000000,1.2725344644750836,15640,5.0,15640,0.0
2023-05-16_07:07:20.000000,1.0582010582010692,15640,5.0,15640,0.0
2023-05-16_07:07:21.000000,0.8474576271186418,15640,5.0,15640,0.0
2023-05-16_07:07:22.000000,0.7423117709437932,15640,5.0,15640,0.0
2023-05-16_07:07:30.000000,0.5296610169491567,15640,5.0,15640,0.0
2023-05-16_08:02:30.000000,0.6362672322375307,15640,5.0,15640,0.0
2023-05-16_08:18:36.000000,0.5279831045406524,15640,5.0,15640,0.0
2023-05-22_14:23:00.000000,0.6825938566553003,14440,5.0,14440,0.0
2023-05-29_07:00:02.000000,0.5411255411255311,14640,0.923033,14690,0.3415300546448119
2023-05-29_07:00:03.000000,0.759219088937102,14670,0.04258,14620,-0.3408316291751867
2023-05-29_07:00:12.000000,0.5417118093174356,14700,5.0,14690,-0.06802721088435826
2023-05-29_07:00:31.000000,0.5434782608695565,14700,5.0,14680,-0.1360544217687054
2023-05-29_07:00:35.000000,0.5422993492407713,14680,5.0,14690,0.06811989100816707
2023-05-29_07:00:37.000000,0.5422993492407713,14670,5.0,14690,0.13633265167007913
2023-05-30_07:00:00.000000,0.8238928939237944,14830,0.092388,15550,4.855023600809161
2023-05-30_07:00:01.000000,0.6153846153846176,15540,0.105409,15590,0.3217503217503248
2023-05-30_07:00:02.000000,0.5117707267144223,15550,0.180558,15600,0.3215434083601254
2023-05-30_07:00:03.000000,0.512820512820511,15540,0.112382,15590,0.3217503217503248
2023-05-30_07:00:04.000000,0.512820512820511,15570,0.771973,15520,-0.32113037893384266
2023-05-30_07:00:05.000000,0.7172131147541005,15560,5.0,15540,-0.12853470437017567
2023-05-30_07:00:06.000000,0.5117707267144223,15590,0.087234,15540,-0.3207184092366866
2023-05-30_07:00:07.000000,0.5112474437627856,15520,5.0,15500,-0.12886597938144284
2023-05-30_07:00:09.000000,0.5112474437627856,15540,5.0,15520,-0.12870012870013214
2023-05-30_07:00:10.000000,0.5112474437627856,15540,5.0,15530,-0.06435006435006052
2023-05-30_07:00:11.000000,0.5112474437627856,15510,0.651754,15560,0.3223726627981982
2023-05-30_07:00:12.000000,0.5112474437627856,15500,0.13771,15550,0.3225806451612856
2023-05-30_07:00:14.000000,0.7164790174001956,15520,0.850797,15570,0.3221649484536071
2023-05-30_07:00:15.000000,0.6134969325153339,15530,5.0,15570,0.25756600128783447
2023-05-30_07:00:19.000000,0.7157464212679043,15550,5.0,15530,-0.12861736334405238
2023-05-30_07:00:20.000000,0.5112474437627856,15570,5.0,15530,-0.25690430314707635
2023-05-30_07:00:22.000000,0.5112474437627856,15540,5.0,15540,0.0
2023-05-30_07:00:26.000000,0.5117707267144223,15550,5.0,15530,-0.12861736334405238
2023-05-30_07:03:45.000000,0.6054490413723412,15670,5.0,15690,0.12763241863433805
2023-05-30_07:21:52.000000,0.587659157688547,16210,5.0,16200,-0.061690314620599374
2023-05-30_07:53:02.000000,0.587659157688547,16370,5.0,16370,0.0
2023-05-30_07:55:02.000000,0.588235294117645,16290,5.0,16300,0.06138735420504471
2023-05-30_09:25:42.000000,0.6862745098039191,16330,5.0,16320,-0.06123698714023407
2023-05-31_07:00:00.000000,0.6876227897838927,16370,0.083358,16290,-0.4886988393402514
2023-05-31_07:00:02.000000,0.5899705014749346,16210,0.07809,16290,0.4935225169648394
2023-05-31_07:00:47.000000,0.7835455435847294,16300,5.0,16310,0.06134969325153339
